{
	"credit": "Made with Blockbench",
	"texture_size": [64, 64],
	"textures": {
		"0": "item/misc/axolotl_hat",
		"particle": "item/misc/axolotl_hat"
	},
	"elements": [
		{
			"name": "head",
			"from": [3, 0, 0],
			"to": [13, 5, 5],
			"faces": {
				"north": {"uv": [0, 2.5, 2.5, 3.75], "texture": "#0"},
				"east": {"uv": [5, 5.25, 6.25, 6.5], "texture": "#0"},
				"south": {"uv": [2.5, 2.5, 5, 3.75], "texture": "#0"},
				"west": {"uv": [0, 5.75, 1.25, 7], "texture": "#0"},
				"up": {"uv": [2.5, 5, 0, 3.75], "texture": "#0"},
				"down": {"uv": [5, 3.75, 2.5, 5], "texture": "#0"}
			}
		},
		{
			"name": "body",
			"from": [4, 0.5, 5],
			"to": [12, 4.5, 15],
			"faces": {
				"north": {"uv": [5, 2.75, 7, 3.75], "texture": "#0"},
				"east": {"uv": [4, 0, 6.5, 1], "texture": "#0"},
				"south": {"uv": [3, 5, 5, 6], "texture": "#0"},
				"west": {"uv": [4, 1, 6.5, 2], "texture": "#0"},
				"up": {"uv": [2, 2.5, 0, 0], "texture": "#0"},
				"down": {"uv": [4, 0, 2, 2.5], "texture": "#0"}
			}
		},
		{
			"name": "body_fin",
			"from": [8, 4.5, 6],
			"to": [8, 5.5, 21],
			"faces": {
				"north": {"uv": [0, 0, 0, 0.25], "texture": "#0"},
				"east": {"uv": [1.25, 6, 5, 6.25], "texture": "#0"},
				"south": {"uv": [0, 0, 0, 0.25], "texture": "#0"},
				"west": {"uv": [1.25, 6.25, 5, 6.5], "texture": "#0"},
				"up": {"uv": [0, 3.75, 0, 0], "texture": "#0"},
				"down": {"uv": [0, 0, 0, 3.75], "texture": "#0"}
			}
		},
		{
			"name": "back_fin_1",
			"from": [8, 3.5, 15],
			"to": [8, 4.5, 24],
			"faces": {
				"north": {"uv": [0, 0, 0, 0.25], "texture": "#0"},
				"east": {"uv": [6.25, 5.25, 8.5, 5.5], "texture": "#0"},
				"south": {"uv": [0, 0, 0, 0.25], "texture": "#0"},
				"west": {"uv": [6.25, 5.5, 8.5, 5.75], "texture": "#0"},
				"up": {"uv": [0, 2.25, 0, 0], "texture": "#0"},
				"down": {"uv": [0, 0, 0, 2.25], "texture": "#0"}
			}
		},
		{
			"name": "back_fin_2",
			"from": [8, 0.5, 15],
			"to": [8, 3.5, 27],
			"faces": {
				"north": {"uv": [0, 0, 0, 0.75], "texture": "#0"},
				"east": {"uv": [0, 5, 3, 5.75], "texture": "#0"},
				"south": {"uv": [0, 0, 0, 0.75], "texture": "#0"},
				"west": {"uv": [5, 2, 8, 2.75], "texture": "#0"},
				"up": {"uv": [0, 3, 0, 0], "texture": "#0"},
				"down": {"uv": [0, 0, 0, 3], "texture": "#0"}
			}
		},
		{
			"name": "back_fin_3",
			"from": [8, -2.5, 20],
			"to": [8, 0.5, 30],
			"faces": {
				"north": {"uv": [0, 0, 0, 0.75], "texture": "#0"},
				"east": {"uv": [5, 3.75, 7.5, 4.5], "texture": "#0"},
				"south": {"uv": [0, 0, 0, 0.75], "texture": "#0"},
				"west": {"uv": [5, 4.5, 7.5, 5.25], "texture": "#0"},
				"up": {"uv": [0, 2.5, 0, 0], "texture": "#0"},
				"down": {"uv": [0, 0, 0, 2.5], "texture": "#0"}
			}
		},
		{
			"name": "front_right_foot_1",
			"from": [2, 0.5, 6],
			"to": [4, 0.5, 7],
			"faces": {
				"north": {"uv": [0, 0, 0.5, 0], "texture": "#0"},
				"east": {"uv": [0, 0, 0.25, 0], "texture": "#0"},
				"south": {"uv": [0, 0, 0.5, 0], "texture": "#0"},
				"west": {"uv": [0, 0, 0.25, 0], "texture": "#0"},
				"up": {"uv": [4.5, 2.25, 4, 2], "texture": "#0"},
				"down": {"uv": [4.5, 2.25, 4, 2.5], "texture": "#0"}
			}
		},
		{
			"name": "front_right_foot_2",
			"from": [0, 0.5, 6],
			"to": [1, 0.5, 7],
			"faces": {
				"north": {"uv": [0, 0, 0.25, 0], "texture": "#0"},
				"east": {"uv": [0, 0, 0.25, 0], "texture": "#0"},
				"south": {"uv": [0, 0, 0.25, 0], "texture": "#0"},
				"west": {"uv": [0, 0, 0.25, 0], "texture": "#0"},
				"up": {"uv": [3, 6, 2.75, 5.75], "texture": "#0"},
				"down": {"uv": [6.75, 6.75, 6.5, 7], "texture": "#0"}
			}
		},
		{
			"name": "front_right_foot_3",
			"from": [1, 0.5, 5],
			"to": [2, 0.5, 8],
			"faces": {
				"north": {"uv": [0, 0, 0.25, 0], "texture": "#0"},
				"east": {"uv": [0, 0, 0.75, 0], "texture": "#0"},
				"south": {"uv": [0, 0, 0.25, 0], "texture": "#0"},
				"west": {"uv": [0, 0, 0.75, 0], "texture": "#0"},
				"up": {"uv": [6.5, 6.5, 6.25, 5.75], "texture": "#0"},
				"down": {"uv": [6.75, 0, 6.5, 0.75], "texture": "#0"}
			}
		},
		{
			"name": "back_right_foot_1",
			"from": [2, 0.5, 13],
			"to": [4, 0.5, 14],
			"faces": {
				"north": {"uv": [0, 0, 0.5, 0], "texture": "#0"},
				"east": {"uv": [0, 0, 0.25, 0], "texture": "#0"},
				"south": {"uv": [0, 0, 0.5, 0], "texture": "#0"},
				"west": {"uv": [0, 0, 0.25, 0], "texture": "#0"},
				"up": {"uv": [5, 2.25, 4.5, 2], "texture": "#0"},
				"down": {"uv": [5, 2.25, 4.5, 2.5], "texture": "#0"}
			}
		},
		{
			"name": "back_right_foot_2",
			"from": [0, 0.5, 13],
			"to": [1, 0.5, 14],
			"faces": {
				"north": {"uv": [0, 0, 0.25, 0], "texture": "#0"},
				"east": {"uv": [0, 0, 0.25, 0], "texture": "#0"},
				"south": {"uv": [0, 0, 0.25, 0], "texture": "#0"},
				"west": {"uv": [0, 0, 0.25, 0], "texture": "#0"},
				"up": {"uv": [7, 6.75, 6.75, 6.5], "texture": "#0"},
				"down": {"uv": [7, 6.75, 6.75, 7], "texture": "#0"}
			}
		},
		{
			"name": "back_right_foot_3",
			"from": [1, 0.5, 12],
			"to": [2, 0.5, 15],
			"faces": {
				"north": {"uv": [0, 0, 0.25, 0], "texture": "#0"},
				"east": {"uv": [0, 0, 0.75, 0], "texture": "#0"},
				"south": {"uv": [0, 0, 0.25, 0], "texture": "#0"},
				"west": {"uv": [0, 0, 0.75, 0], "texture": "#0"},
				"up": {"uv": [6.75, 1.5, 6.5, 0.75], "texture": "#0"},
				"down": {"uv": [1.5, 6.5, 1.25, 7.25], "texture": "#0"}
			}
		},
		{
			"name": "front_left_foot_1",
			"from": [12, 0.5, 6],
			"to": [14, 0.5, 7],
			"faces": {
				"north": {"uv": [0, 0, 0.5, 0], "texture": "#0"},
				"east": {"uv": [0, 0, 0.25, 0], "texture": "#0"},
				"south": {"uv": [0, 0, 0.5, 0], "texture": "#0"},
				"west": {"uv": [0, 0, 0.25, 0], "texture": "#0"},
				"up": {"uv": [4, 7, 3.5, 6.75], "texture": "#0"},
				"down": {"uv": [7.25, 5.75, 6.75, 6], "texture": "#0"}
			}
		},
		{
			"name": "front_left_foot_2",
			"from": [15, 0.5, 6],
			"to": [16, 0.5, 7],
			"faces": {
				"north": {"uv": [0, 0, 0.25, 0], "texture": "#0"},
				"east": {"uv": [0, 0, 0.25, 0], "texture": "#0"},
				"south": {"uv": [0, 0, 0.25, 0], "texture": "#0"},
				"west": {"uv": [0, 0, 0.25, 0], "texture": "#0"},
				"up": {"uv": [3, 7.25, 2.75, 7], "texture": "#0"},
				"down": {"uv": [7.25, 2.75, 7, 3], "texture": "#0"}
			}
		},
		{
			"name": "front_left_foot_3",
			"from": [14, 0.5, 5],
			"to": [15, 0.5, 8],
			"faces": {
				"north": {"uv": [0, 0, 0.25, 0], "texture": "#0"},
				"east": {"uv": [0, 0, 0.75, 0], "texture": "#0"},
				"south": {"uv": [0, 0, 0.25, 0], "texture": "#0"},
				"west": {"uv": [0, 0, 0.75, 0], "texture": "#0"},
				"up": {"uv": [1.75, 7.25, 1.5, 6.5], "texture": "#0"},
				"down": {"uv": [2, 6.5, 1.75, 7.25], "texture": "#0"}
			}
		},
		{
			"name": "back_left_foot_1",
			"from": [11.75, 0.5, 13],
			"to": [13.75, 0.5, 14],
			"faces": {
				"north": {"uv": [0, 0, 0.5, 0], "texture": "#0"},
				"east": {"uv": [0, 0, 0.25, 0], "texture": "#0"},
				"south": {"uv": [0, 0, 0.5, 0], "texture": "#0"},
				"west": {"uv": [0, 0, 0.25, 0], "texture": "#0"},
				"up": {"uv": [7.25, 6.25, 6.75, 6], "texture": "#0"},
				"down": {"uv": [7.25, 6.25, 6.75, 6.5], "texture": "#0"}
			}
		},
		{
			"name": "back_left_foot_2",
			"from": [14.75, 0.5, 13],
			"to": [15.75, 0.5, 14],
			"faces": {
				"north": {"uv": [0, 0, 0.25, 0], "texture": "#0"},
				"east": {"uv": [0, 0, 0.25, 0], "texture": "#0"},
				"south": {"uv": [0, 0, 0.25, 0], "texture": "#0"},
				"west": {"uv": [0, 0, 0.25, 0], "texture": "#0"},
				"up": {"uv": [3.25, 7.25, 3, 7], "texture": "#0"},
				"down": {"uv": [7.25, 3, 7, 3.25], "texture": "#0"}
			}
		},
		{
			"name": "back_left_foot_3",
			"from": [13.75, 0.5, 12],
			"to": [14.75, 0.5, 15],
			"faces": {
				"north": {"uv": [0, 0, 0.25, 0], "texture": "#0"},
				"east": {"uv": [0, 0, 0.75, 0], "texture": "#0"},
				"south": {"uv": [0, 0, 0.25, 0], "texture": "#0"},
				"west": {"uv": [0, 0, 0.75, 0], "texture": "#0"},
				"up": {"uv": [2.25, 7.25, 2, 6.5], "texture": "#0"},
				"down": {"uv": [2.5, 6.5, 2.25, 7.25], "texture": "#0"}
			}
		},
		{
			"from": [1, 0, 4],
			"to": [3, 1, 4],
			"faces": {
				"north": {"uv": [1.25, 5.75, 1.75, 6], "texture": "#0"},
				"east": {"uv": [0, 0, 0, 0.25], "texture": "#0"},
				"south": {"uv": [1.75, 5.75, 2.25, 6], "texture": "#0"},
				"west": {"uv": [0, 0, 0, 0.25], "texture": "#0"},
				"up": {"uv": [0.5, 0, 0, 0], "texture": "#0"},
				"down": {"uv": [0.5, 0, 0, 0], "texture": "#0"}
			}
		},
		{
			"from": [0, 1, 4],
			"to": [2, 2, 4],
			"faces": {
				"north": {"uv": [2.25, 5.75, 2.75, 6], "texture": "#0"},
				"east": {"uv": [0, 0, 0, 0.25], "texture": "#0"},
				"south": {"uv": [6.5, 1.5, 7, 1.75], "texture": "#0"},
				"west": {"uv": [0, 0, 0, 0.25], "texture": "#0"},
				"up": {"uv": [0.5, 0, 0, 0], "texture": "#0"},
				"down": {"uv": [0.5, 0, 0, 0], "texture": "#0"}
			}
		},
		{
			"from": [0, 2, 4],
			"to": [1, 3, 4],
			"faces": {
				"north": {"uv": [0, 7, 0.25, 7.25], "texture": "#0"},
				"east": {"uv": [0, 0, 0, 0.25], "texture": "#0"},
				"south": {"uv": [0.25, 7, 0.5, 7.25], "texture": "#0"},
				"west": {"uv": [0, 0, 0, 0.25], "texture": "#0"},
				"up": {"uv": [0.25, 0, 0, 0], "texture": "#0"},
				"down": {"uv": [0.25, 0, 0, 0], "texture": "#0"}
			}
		},
		{
			"from": [13, 0, 4],
			"to": [15, 1, 4],
			"faces": {
				"north": {"uv": [6.5, 1.75, 7, 2], "texture": "#0"},
				"east": {"uv": [0, 0, 0, 0.25], "texture": "#0"},
				"south": {"uv": [2.5, 6.5, 3, 6.75], "texture": "#0"},
				"west": {"uv": [0, 0, 0, 0.25], "texture": "#0"},
				"up": {"uv": [0.5, 0, 0, 0], "texture": "#0"},
				"down": {"uv": [0.5, 0, 0, 0], "texture": "#0"}
			}
		},
		{
			"from": [14, 1, 4],
			"to": [16, 2, 4],
			"faces": {
				"north": {"uv": [3, 6.5, 3.5, 6.75], "texture": "#0"},
				"east": {"uv": [0, 0, 0, 0.25], "texture": "#0"},
				"south": {"uv": [3.5, 6.5, 4, 6.75], "texture": "#0"},
				"west": {"uv": [0, 0, 0, 0.25], "texture": "#0"},
				"up": {"uv": [0.5, 0, 0, 0], "texture": "#0"},
				"down": {"uv": [0.5, 0, 0, 0], "texture": "#0"}
			}
		},
		{
			"from": [15, 2, 4],
			"to": [16, 3, 4],
			"faces": {
				"north": {"uv": [0.5, 7, 0.75, 7.25], "texture": "#0"},
				"east": {"uv": [0, 0, 0, 0.25], "texture": "#0"},
				"south": {"uv": [0.75, 7, 1, 7.25], "texture": "#0"},
				"west": {"uv": [0, 0, 0, 0.25], "texture": "#0"},
				"up": {"uv": [0.25, 0, 0, 0], "texture": "#0"},
				"down": {"uv": [0.25, 0, 0, 0], "texture": "#0"}
			}
		},
		{
			"from": [13, 3, 4],
			"to": [14, 5, 4],
			"faces": {
				"north": {"uv": [4, 6.5, 4.25, 7], "texture": "#0"},
				"east": {"uv": [0, 0, 0, 0.5], "texture": "#0"},
				"south": {"uv": [4.25, 6.5, 4.5, 7], "texture": "#0"},
				"west": {"uv": [0, 0, 0, 0.5], "texture": "#0"},
				"up": {"uv": [0.25, 0, 0, 0], "texture": "#0"},
				"down": {"uv": [0.25, 0, 0, 0], "texture": "#0"}
			}
		},
		{
			"from": [14, 4, 4],
			"to": [15, 6, 4],
			"faces": {
				"north": {"uv": [4.5, 6.5, 4.75, 7], "texture": "#0"},
				"east": {"uv": [0, 0, 0, 0.5], "texture": "#0"},
				"south": {"uv": [4.75, 6.5, 5, 7], "texture": "#0"},
				"west": {"uv": [0, 0, 0, 0.5], "texture": "#0"},
				"up": {"uv": [0.25, 0, 0, 0], "texture": "#0"},
				"down": {"uv": [0.25, 0, 0, 0], "texture": "#0"}
			}
		},
		{
			"from": [15, 5, 4],
			"to": [16, 7, 4],
			"faces": {
				"north": {"uv": [5, 6.5, 5.25, 7], "texture": "#0"},
				"east": {"uv": [0, 0, 0, 0.5], "texture": "#0"},
				"south": {"uv": [5.25, 6.5, 5.5, 7], "texture": "#0"},
				"west": {"uv": [0, 0, 0, 0.5], "texture": "#0"},
				"up": {"uv": [0.25, 0, 0, 0], "texture": "#0"},
				"down": {"uv": [0.25, 0, 0, 0], "texture": "#0"}
			}
		},
		{
			"from": [2, 3, 4],
			"to": [3, 5, 4],
			"faces": {
				"north": {"uv": [5.5, 6.5, 5.75, 7], "texture": "#0"},
				"east": {"uv": [0, 0, 0, 0.5], "texture": "#0"},
				"south": {"uv": [5.75, 6.5, 6, 7], "texture": "#0"},
				"west": {"uv": [0, 0, 0, 0.5], "texture": "#0"},
				"up": {"uv": [0.25, 0, 0, 0], "texture": "#0"},
				"down": {"uv": [0.25, 0, 0, 0], "texture": "#0"}
			}
		},
		{
			"from": [1, 4, 4],
			"to": [2, 6, 4],
			"faces": {
				"north": {"uv": [6.5, 5.75, 6.75, 6.25], "texture": "#0"},
				"east": {"uv": [0, 0, 0, 0.5], "texture": "#0"},
				"south": {"uv": [6, 6.5, 6.25, 7], "texture": "#0"},
				"west": {"uv": [0, 0, 0, 0.5], "texture": "#0"},
				"up": {"uv": [0.25, 0, 0, 0], "texture": "#0"},
				"down": {"uv": [0.25, 0, 0, 0], "texture": "#0"}
			}
		},
		{
			"from": [0, 5, 4],
			"to": [1, 7, 4],
			"faces": {
				"north": {"uv": [6.25, 6.5, 6.5, 7], "texture": "#0"},
				"east": {"uv": [0, 0, 0, 0.5], "texture": "#0"},
				"south": {"uv": [6.5, 6.25, 6.75, 6.75], "texture": "#0"},
				"west": {"uv": [0, 0, 0, 0.5], "texture": "#0"},
				"up": {"uv": [0.25, 0, 0, 0], "texture": "#0"},
				"down": {"uv": [0.25, 0, 0, 0], "texture": "#0"}
			}
		},
		{
			"from": [9, 5, 4],
			"to": [11, 6, 4],
			"faces": {
				"north": {"uv": [6.75, 0, 7.25, 0.25], "texture": "#0"},
				"east": {"uv": [0, 0, 0, 0.25], "texture": "#0"},
				"south": {"uv": [6.75, 0.25, 7.25, 0.5], "texture": "#0"},
				"west": {"uv": [0, 0, 0, 0.25], "texture": "#0"},
				"up": {"uv": [0.5, 0, 0, 0], "texture": "#0"},
				"down": {"uv": [0.5, 0, 0, 0], "texture": "#0"}
			}
		},
		{
			"from": [10, 6, 4],
			"to": [12, 7, 4],
			"faces": {
				"north": {"uv": [6.75, 0.5, 7.25, 0.75], "texture": "#0"},
				"east": {"uv": [0, 0, 0, 0.25], "texture": "#0"},
				"south": {"uv": [6.75, 0.75, 7.25, 1], "texture": "#0"},
				"west": {"uv": [0, 0, 0, 0.25], "texture": "#0"},
				"up": {"uv": [0.5, 0, 0, 0], "texture": "#0"},
				"down": {"uv": [0.5, 0, 0, 0], "texture": "#0"}
			}
		},
		{
			"from": [11, 7, 4],
			"to": [12, 8, 4],
			"faces": {
				"north": {"uv": [1, 7, 1.25, 7.25], "texture": "#0"},
				"east": {"uv": [0, 0, 0, 0.25], "texture": "#0"},
				"south": {"uv": [7, 1.5, 7.25, 1.75], "texture": "#0"},
				"west": {"uv": [0, 0, 0, 0.25], "texture": "#0"},
				"up": {"uv": [0.25, 0, 0, 0], "texture": "#0"},
				"down": {"uv": [0.25, 0, 0, 0], "texture": "#0"}
			}
		},
		{
			"from": [5, 5, 4],
			"to": [7, 6, 4],
			"faces": {
				"north": {"uv": [6.75, 1, 7.25, 1.25], "texture": "#0"},
				"east": {"uv": [0, 0, 0, 0.25], "texture": "#0"},
				"south": {"uv": [6.75, 1.25, 7.25, 1.5], "texture": "#0"},
				"west": {"uv": [0, 0, 0, 0.25], "texture": "#0"},
				"up": {"uv": [0.5, 0, 0, 0], "texture": "#0"},
				"down": {"uv": [0.5, 0, 0, 0], "texture": "#0"}
			}
		},
		{
			"from": [4, 6, 4],
			"to": [6, 7, 4],
			"faces": {
				"north": {"uv": [2.5, 6.75, 3, 7], "texture": "#0"},
				"east": {"uv": [0, 0, 0, 0.25], "texture": "#0"},
				"south": {"uv": [3, 6.75, 3.5, 7], "texture": "#0"},
				"west": {"uv": [0, 0, 0, 0.25], "texture": "#0"},
				"up": {"uv": [0.5, 0, 0, 0], "texture": "#0"},
				"down": {"uv": [0.5, 0, 0, 0], "texture": "#0"}
			}
		},
		{
			"from": [4, 7, 4],
			"to": [5, 8, 4],
			"faces": {
				"north": {"uv": [7, 1.75, 7.25, 2], "texture": "#0"},
				"east": {"uv": [0, 0, 0, 0.25], "texture": "#0"},
				"south": {"uv": [2.5, 7, 2.75, 7.25], "texture": "#0"},
				"west": {"uv": [0, 0, 0, 0.25], "texture": "#0"},
				"up": {"uv": [0.25, 0, 0, 0], "texture": "#0"},
				"down": {"uv": [0.25, 0, 0, 0], "texture": "#0"}
			}
		}
	],
	"display": {
		"thirdperson_righthand": {
			"rotation": [95, 0, 0],
			"translation": [0, 0, 2.5]
		},
		"ground": {
			"translation": [0, 3.75, 0]
		},
		"gui": {
			"rotation": [0, 160, 0]
		},
		"head": {
			"translation": [0, 14, -3.5]
		},
		"fixed": {
			"translation": [0, 4.25, 0]
		}
	},
	"groups": [
		0,
		{
			"name": "body",
			"origin": [8, 8, 8],
			"color": 0,
			"children": [1, 2, 3, 4, 5]
		},
		{
			"name": "front_right_foot",
			"origin": [8, 8, 8],
			"color": 0,
			"children": [6, 7, 8]
		},
		{
			"name": "back_right_foot",
			"origin": [8, 8, 8],
			"color": 0,
			"children": [9, 10, 11]
		},
		{
			"name": "front_left_foot",
			"origin": [8, 8, 8],
			"color": 0,
			"children": [12, 13, 14]
		},
		{
			"name": "back_left_foot",
			"origin": [8, 8, 8],
			"color": 0,
			"children": [15, 16, 17]
		},
		{
			"name": "botttom_right_thingy",
			"origin": [8, 8, 8],
			"color": 0,
			"children": [18, 19, 20]
		},
		{
			"name": "botttom_left_thingy",
			"origin": [8, 8, 8],
			"color": 0,
			"children": [21, 22, 23]
		},
		{
			"name": "middle_left_thingy",
			"origin": [8, 8, 8],
			"color": 0,
			"children": [24, 25, 26]
		},
		{
			"name": "middle_right_thingy",
			"origin": [8, 8, 8],
			"color": 0,
			"children": [27, 28, 29]
		},
		{
			"name": "top_left_thingy",
			"origin": [8, 8, 8],
			"color": 0,
			"children": [30, 31, 32]
		},
		{
			"name": "top_right_thingy",
			"origin": [8, 8, 8],
			"color": 0,
			"children": [33, 34, 35]
		}
	]
}