{
    "parent": "item/handheld_rod",
    "textures": {
        "layer0": "item/fishing_rod"
    },
    "overrides": [
        {
            "predicate": {
                "cast": 1
            },
            "model": "item/fishing_rod_cast"
        },
        {
            "predicate": {
                "custom_model_data": 1
            },
            "model": "item/fishing_rods/default_rod"
        },
        {
            "predicate": {
                "custom_model_data": 1,
                "cast": 1
            },
            "model": "item/fishing_rods/default_rod_cast"
        },
        {
            "predicate": {
                "custom_model_data": 2
            },
            "model": "item/fishing_rods/basic_rod"
        },
        {
            "predicate": {
                "custom_model_data": 2,
                "cast": 1
            },
            "model": "item/fishing_rods/basic_rod_cast"
        },
        {
            "predicate": {
                "custom_model_data": 3
            },
            "model": "item/fishing_rods/fresh_start_rod"
        },
        {
            "predicate": {
                "custom_model_data": 3,
                "cast": 1
            },
            "model": "item/fishing_rods/fresh_start_rod_cast"
        },
        {
            "predicate": {
                "custom_model_data": 4
            },
            "model": "item/fishing_rods/easy_catch_rod"
        },
        {
            "predicate": {
                "custom_model_data": 4,
                "cast": 1
            },
            "model": "item/fishing_rods/easy_catch_rod_cast"
        },
        {
            "predicate": {
                "custom_model_data": 5
            },
            "model": "item/fishing_rods/stream_lite_rod"
        },
        {
            "predicate": {
                "custom_model_data": 5,
                "cast": 1
            },
            "model": "item/fishing_rods/stream_lite_rod_cast"
        },
        {
            "predicate": {
                "custom_model_data": 6
            },
            "model": "item/fishing_rods/flexi_rod"
        },
        {
            "predicate": {
                "custom_model_data": 6,
                "cast": 1
            },
            "model": "item/fishing_rods/flexi_rod_cast"
        },
        {
            "predicate": {
                "custom_model_data": 7
            },
            "model": "item/fishing_rods/cast_master_rod"
        },
        {
            "predicate": {
                "custom_model_data": 7,
                "cast": 1
            },
            "model": "item/fishing_rods/cast_master_rod_cast"
        },
        {
            "predicate": {
                "custom_model_data": 8
            },
            "model": "item/fishing_rods/pro_angler_rod"
        },
        {
            "predicate": {
                "custom_model_data": 8,
                "cast": 1
            },
            "model": "item/fishing_rods/pro_angler_rod_cast"
        },
        {
            "predicate": {
                "custom_model_data": 9
            },
            "model": "item/fishing_rods/reel_tech_rod"
        },
        {
            "predicate": {
                "custom_model_data": 9,
                "cast": 1
            },
            "model": "item/fishing_rods/reel_tech_rod_cast"
        },
        {
            "predicate": {
                "custom_model_data": 10
            },
            "model": "item/fishing_rods/power_strike_rod"
        },
        {
            "predicate": {
                "custom_model_data": 10,
                "cast": 1
            },
            "model": "item/fishing_rods/power_strike_rod_cast"
        },
        {
            "predicate": {
                "custom_model_data": 11
            },
            "model": "item/fishing_rods/elite_cast_rod"
        },
        {
            "predicate": {
                "custom_model_data": 11,
                "cast": 1
            },
            "model": "item/fishing_rods/elite_cast_rod_cast"
        },
        {
            "predicate": {
                "custom_model_data": 12
            },
            "model": "item/fishing_rods/precision_pro_rod"
        },
        {
            "predicate": {
                "custom_model_data": 12,
                "cast": 1
            },
            "model": "item/fishing_rods/precision_pro_rod_cast"
        },
        {
            "predicate": {
                "custom_model_data": 13
            },
            "model": "item/fishing_rods/apex_flex_rod"
        },
        {
            "predicate": {
                "custom_model_data": 13,
                "cast": 1
            },
            "model": "item/fishing_rods/apex_flex_rod_cast"
        },
        {
            "predicate": {
                "custom_model_data": 14
            },
            "model": "item/fishing_rods/pro_flex_series_rod"
        },
        {
            "predicate": {
                "custom_model_data": 14,
                "cast": 1
            },
            "model": "item/fishing_rods/pro_flex_series_rod_cast"
        },
        {
            "predicate": {
                "custom_model_data": 15
            },
            "model": "item/fishing_rods/master_cast_pro_rod"
        },
        {
            "predicate": {
                "custom_model_data": 15,
                "cast": 1
            },
            "model": "item/fishing_rods/master_cast_pro_rod_cast"
        },
        {
            "predicate": {
                "custom_model_data": 16
            },
            "model": "item/fishing_rods/ultimate_angler_rod"
        },
        {
            "predicate": {
                "custom_model_data": 16,
                "cast": 1
            },
            "model": "item/fishing_rods/ultimate_angler_rod_cast"
        }
    ]
}