{
	"credit": "Made by ChainArts",
	"texture_size": [32, 32],
	"elements": [
		{
			"from": [4.50384, 23.87743, 7.25],
			"to": [4.90384, 24.27743, 8.85],
			"rotation": {"angle": 45, "axis": "z", "origin": [11.5, 15.17647, 8.05]},
			"color": 7,
			"faces": {
				"north": {"uv": [0, 0, 0.1, 0.1], "rotation": 180, "texture": "#missing"},
				"east": {"uv": [0, 0, 0.4, 0.1], "rotation": 180, "texture": "#missing"},
				"south": {"uv": [0, 0, 0.1, 0.1], "rotation": 180, "texture": "#missing"},
				"west": {"uv": [0, 0, 0.4, 0.1], "rotation": 180, "texture": "#missing"},
				"up": {"uv": [0, 0, 0.1, 0.4], "rotation": 180, "texture": "#missing"},
				"down": {"uv": [0, 0, 0.1, 0.4], "rotation": 180, "texture": "#missing"}
			}
		},
		{
			"from": [8.03508, 17.51997, 7.05],
			"to": [13.03508, 18.31997, 9.05],
			"rotation": {"angle": 22.5, "axis": "z", "origin": [11.5, 15.17647, 8.05]},
			"color": 7,
			"faces": {
				"north": {"uv": [0, 0, 1.25, 0.2], "texture": "#missing"},
				"east": {"uv": [0, 0, 0.5, 0.2], "texture": "#missing"},
				"south": {"uv": [0, 0, 1.25, 0.2], "texture": "#missing"},
				"west": {"uv": [0, 0, 0.5, 0.2], "texture": "#missing"},
				"up": {"uv": [0, 0, 1.25, 0.5], "texture": "#missing"},
				"down": {"uv": [0, 0, 1.25, 0.5], "texture": "#missing"}
			}
		},
		{
			"from": [5.83508, 18.31997, 7.05],
			"to": [11.83508, 19.31997, 9.05],
			"rotation": {"angle": 22.5, "axis": "z", "origin": [11.5, 15.17647, 8.05]},
			"color": 7,
			"faces": {
				"north": {"uv": [0, 0, 1.5, 0.25], "texture": "#missing"},
				"east": {"uv": [0, 0, 0.5, 0.25], "texture": "#missing"},
				"south": {"uv": [0, 0, 1.5, 0.25], "texture": "#missing"},
				"west": {"uv": [0, 0, 0.5, 0.25], "texture": "#missing"},
				"up": {"uv": [0, 0, 1.5, 0.5], "texture": "#missing"},
				"down": {"uv": [0, 0, 1.5, 0.5], "texture": "#missing"}
			}
		},
		{
			"from": [3.23508, 19.31997, 7.05],
			"to": [9.23508, 20.31997, 9.05],
			"rotation": {"angle": 22.5, "axis": "z", "origin": [11.5, 15.17647, 8.05]},
			"color": 7,
			"faces": {
				"north": {"uv": [0, 0, 1.5, 0.25], "texture": "#missing"},
				"east": {"uv": [0, 0, 0.5, 0.25], "texture": "#missing"},
				"south": {"uv": [0, 0, 1.5, 0.25], "texture": "#missing"},
				"west": {"uv": [0, 0, 0.5, 0.25], "texture": "#missing"},
				"up": {"uv": [0, 0, 1.5, 0.5], "texture": "#missing"},
				"down": {"uv": [0, 0, 1.5, 0.5], "texture": "#missing"}
			}
		},
		{
			"from": [6.26145, 16.21193, 7.05],
			"to": [7.66145, 17.21193, 9.05],
			"rotation": {"angle": -22.5, "axis": "z", "origin": [11.5, 15.17647, 8.05]},
			"color": 7,
			"faces": {
				"north": {"uv": [0, 0, 0.35, 0.25], "texture": "#missing"},
				"east": {"uv": [0, 0, 0.5, 0.25], "texture": "#missing"},
				"south": {"uv": [0, 0, 0.35, 0.25], "texture": "#missing"},
				"west": {"uv": [0, 0, 0.5, 0.25], "texture": "#missing"},
				"up": {"uv": [0, 0, 0.35, 0.5], "texture": "#missing"},
				"down": {"uv": [0, 0, 0.35, 0.5], "texture": "#missing"}
			}
		},
		{
			"from": [10.22392, 18.13279, 7.05],
			"to": [16.22392, 19.13279, 9.05],
			"rotation": {"angle": 0, "axis": "z", "origin": [11.5, 15.17647, 8.05]},
			"color": 7,
			"faces": {
				"north": {"uv": [0, 0, 1.5, 0.25], "texture": "#missing"},
				"east": {"uv": [0, 0, 0.5, 0.25], "texture": "#missing"},
				"south": {"uv": [0, 0, 1.5, 0.25], "texture": "#missing"},
				"west": {"uv": [0, 0, 0.5, 0.25], "texture": "#missing"},
				"up": {"uv": [0, 0, 1.5, 0.5], "texture": "#missing"},
				"down": {"uv": [0, 0, 1.5, 0.5], "texture": "#missing"}
			}
		},
		{
			"from": [10.22392, 18.33279, 6.85],
			"to": [16.22392, 18.93279, 9.25],
			"rotation": {"angle": 0, "axis": "z", "origin": [11.5, 15.17647, 8.05]},
			"color": 7,
			"faces": {
				"north": {"uv": [0, 0, 1.5, 0.15], "texture": "#missing"},
				"east": {"uv": [0, 0, 0.55, 0.15], "texture": "#missing"},
				"south": {"uv": [0, 0, 1.5, 0.15], "texture": "#missing"},
				"west": {"uv": [0, 0, 0.55, 0.15], "texture": "#missing"},
				"up": {"uv": [0, 0, 1.5, 0.55], "texture": "#missing"},
				"down": {"uv": [0, 0, 1.5, 0.55], "texture": "#missing"}
			}
		},
		{
			"from": [11.17971, 16.68612, 7.05],
			"to": [13.57971, 17.68612, 9.05],
			"rotation": {"angle": -22.5, "axis": "z", "origin": [11.5, 15.17647, 8.05]},
			"color": 7,
			"faces": {
				"north": {"uv": [0, 0, 0.6, 0.25], "texture": "#missing"},
				"east": {"uv": [0, 0, 0.5, 0.25], "texture": "#missing"},
				"south": {"uv": [0, 0, 0.6, 0.25], "texture": "#missing"},
				"west": {"uv": [0, 0, 0.5, 0.25], "texture": "#missing"},
				"up": {"uv": [0, 0, 0.6, 0.5], "texture": "#missing"},
				"down": {"uv": [0, 0, 0.6, 0.5], "texture": "#missing"}
			}
		},
		{
			"from": [13.99912, 15.77533, 7.05],
			"to": [15.39912, 16.77533, 9.05],
			"rotation": {"angle": 0, "axis": "z", "origin": [11.5, 15.17647, 8.05]},
			"color": 7,
			"faces": {
				"north": {"uv": [0, 0, 0.6, 0.25], "texture": "#missing"},
				"east": {"uv": [0, 0, 0.5, 0.25], "texture": "#missing"},
				"south": {"uv": [0, 0, 0.6, 0.25], "texture": "#missing"},
				"west": {"uv": [0, 0, 0.5, 0.25], "texture": "#missing"},
				"up": {"uv": [0, 0, 0.6, 0.5], "texture": "#missing"},
				"down": {"uv": [0, 0, 0.6, 0.5], "texture": "#missing"}
			}
		},
		{
			"from": [13.99912, 15.87533, 6.85],
			"to": [15.39912, 16.67533, 9.25],
			"rotation": {"angle": 0, "axis": "z", "origin": [11.5, 15.17647, 8.05]},
			"color": 7,
			"faces": {
				"north": {"uv": [0, 0, 0.6, 0.25], "texture": "#missing"},
				"east": {"uv": [0, 0, 0.5, 0.25], "texture": "#missing"},
				"south": {"uv": [0, 0, 0.6, 0.25], "texture": "#missing"},
				"west": {"uv": [0, 0, 0.5, 0.25], "texture": "#missing"},
				"up": {"uv": [0, 0, 0.6, 0.5], "texture": "#missing"},
				"down": {"uv": [0, 0, 0.6, 0.5], "texture": "#missing"}
			}
		},
		{
			"from": [10.17971, 16.88612, 6.85],
			"to": [13.57971, 17.48612, 9.25],
			"rotation": {"angle": -22.5, "axis": "z", "origin": [11.5, 15.17647, 8.05]},
			"color": 7,
			"faces": {
				"north": {"uv": [0, 0, 0.85, 0.15], "texture": "#missing"},
				"east": {"uv": [0, 0, 0.6, 0.15], "texture": "#missing"},
				"south": {"uv": [0, 0, 0.85, 0.15], "texture": "#missing"},
				"west": {"uv": [0, 0, 0.6, 0.15], "texture": "#missing"},
				"up": {"uv": [0, 0, 0.85, 0.6], "texture": "#missing"},
				"down": {"uv": [0, 0, 0.85, 0.6], "texture": "#missing"}
			}
		},
		{
			"from": [9.76408, 17.21556, 6.85],
			"to": [11.16408, 17.81556, 9.25],
			"rotation": {"angle": 0, "axis": "z", "origin": [11.5, 15.17647, 8.05]},
			"color": 7,
			"faces": {
				"north": {"uv": [0, 0, 0.35, 0.15], "texture": "#missing"},
				"east": {"uv": [0, 0, 0.6, 0.15], "texture": "#missing"},
				"south": {"uv": [0, 0, 0.35, 0.15], "texture": "#missing"},
				"west": {"uv": [0, 0, 0.6, 0.15], "texture": "#missing"},
				"up": {"uv": [0, 0, 0.35, 0.6], "texture": "#missing"},
				"down": {"uv": [0, 0, 0.35, 0.6], "texture": "#missing"}
			}
		},
		{
			"from": [12.77217, 16.05009, 7.05],
			"to": [15.17217, 17.05009, 9.05],
			"rotation": {"angle": 45, "axis": "z", "origin": [11.5, 15.17647, 8.05]},
			"color": 7,
			"faces": {
				"north": {"uv": [0, 0, 0.6, 0.25], "texture": "#missing"},
				"east": {"uv": [0, 0, 0.5, 0.25], "texture": "#missing"},
				"south": {"uv": [0, 0, 0.6, 0.25], "texture": "#missing"},
				"west": {"uv": [0, 0, 0.5, 0.25], "texture": "#missing"},
				"up": {"uv": [0, 0, 0.6, 0.5], "texture": "#missing"},
				"down": {"uv": [0, 0, 0.6, 0.5], "texture": "#missing"}
			}
		},
		{
			"from": [16.93786, 13.9337, 7.05],
			"to": [17.63786, 14.6337, 9.05],
			"rotation": {"angle": 45, "axis": "z", "origin": [11.5, 15.17647, 8.05]},
			"color": 7,
			"faces": {
				"north": {"uv": [0, 0, 0.175, 0.175], "rotation": 270, "texture": "#missing"},
				"east": {"uv": [0, 0, 0.175, 0.5], "rotation": 90, "texture": "#missing"},
				"south": {"uv": [0, 0, 0.175, 0.175], "rotation": 90, "texture": "#missing"},
				"west": {"uv": [0, 0, 0.175, 0.5], "rotation": 90, "texture": "#missing"},
				"up": {"uv": [0, 0, 0.5, 0.175], "rotation": 90, "texture": "#missing"},
				"down": {"uv": [0, 0, 0.5, 0.175], "rotation": 90, "texture": "#missing"}
			}
		},
		{
			"from": [14.68767, 12.84994, 7.05],
			"to": [15.38767, 13.54994, 9.05],
			"rotation": {"angle": 45, "axis": "z", "origin": [11.5, 15.17647, 8.05]},
			"color": 7,
			"faces": {
				"north": {"uv": [0, 0, 0.175, 0.175], "rotation": 270, "texture": "#missing"},
				"east": {"uv": [0, 0, 0.175, 0.5], "rotation": 90, "texture": "#missing"},
				"south": {"uv": [0, 0, 0.175, 0.175], "rotation": 90, "texture": "#missing"},
				"west": {"uv": [0, 0, 0.175, 0.5], "rotation": 90, "texture": "#missing"},
				"up": {"uv": [0, 0, 0.5, 0.175], "rotation": 90, "texture": "#missing"},
				"down": {"uv": [0, 0, 0.5, 0.175], "rotation": 90, "texture": "#missing"}
			}
		},
		{
			"from": [16.49768, 17.38952, 7.05],
			"to": [17.19768, 18.08952, 9.05],
			"rotation": {"angle": -22.5, "axis": "z", "origin": [11.5, 15.17647, 8.05]},
			"color": 7,
			"faces": {
				"north": {"uv": [0, 0, 0.175, 0.175], "texture": "#missing"},
				"east": {"uv": [0, 0, 0.5, 0.175], "texture": "#missing"},
				"south": {"uv": [0, 0, 0.175, 0.175], "texture": "#missing"},
				"west": {"uv": [0, 0, 0.5, 0.175], "texture": "#missing"},
				"up": {"uv": [0, 0, 0.175, 0.5], "texture": "#missing"},
				"down": {"uv": [0, 0, 0.175, 0.5], "texture": "#missing"}
			}
		},
		{
			"from": [14.15173, 14.34254, 7.05],
			"to": [15.95173, 15.34254, 9.05],
			"rotation": {"angle": 0, "axis": "z", "origin": [11.5, 15.17647, 8.05]},
			"color": 7,
			"faces": {
				"north": {"uv": [0, 0, 0.45, 0.25], "texture": "#missing"},
				"east": {"uv": [0, 0, 0.5, 0.25], "texture": "#missing"},
				"south": {"uv": [0, 0, 0.45, 0.25], "texture": "#missing"},
				"west": {"uv": [0, 0, 0.5, 0.25], "texture": "#missing"},
				"up": {"uv": [0, 0, 0.45, 0.5], "texture": "#missing"},
				"down": {"uv": [0, 0, 0.45, 0.5], "texture": "#missing"}
			}
		},
		{
			"from": [12.15173, 14.54254, 6.85],
			"to": [15.95173, 15.14254, 9.25],
			"rotation": {"angle": 0, "axis": "z", "origin": [11.5, 15.17647, 8.05]},
			"color": 7,
			"faces": {
				"north": {"uv": [0, 0, 0.95, 0.15], "texture": "#missing"},
				"east": {"uv": [0, 0, 0.6, 0.15], "texture": "#missing"},
				"south": {"uv": [0, 0, 0.95, 0.15], "texture": "#missing"},
				"west": {"uv": [0, 0, 0.6, 0.15], "texture": "#missing"},
				"up": {"uv": [0, 0, 0.95, 0.6], "texture": "#missing"},
				"down": {"uv": [0, 0, 0.95, 0.6], "texture": "#missing"}
			}
		},
		{
			"from": [15.29374, 12.70241, 7.05],
			"to": [17.09374, 13.70241, 9.05],
			"rotation": {"angle": 22.5, "axis": "z", "origin": [11.5, 15.17647, 8.05]},
			"color": 7,
			"faces": {
				"north": {"uv": [0, 0, 0.45, 0.25], "texture": "#missing"},
				"east": {"uv": [0, 0, 0.5, 0.25], "texture": "#missing"},
				"south": {"uv": [0, 0, 0.45, 0.25], "texture": "#missing"},
				"west": {"uv": [0, 0, 0.5, 0.25], "texture": "#missing"},
				"up": {"uv": [0, 0, 0.45, 0.5], "texture": "#missing"},
				"down": {"uv": [0, 0, 0.45, 0.5], "texture": "#missing"}
			}
		},
		{
			"from": [15.29374, 12.90241, 6.85],
			"to": [17.09374, 13.50241, 9.25],
			"rotation": {"angle": 22.5, "axis": "z", "origin": [11.5, 15.17647, 8.05]},
			"color": 7,
			"faces": {
				"north": {"uv": [0, 0, 0.45, 0.15], "texture": "#missing"},
				"east": {"uv": [0, 0, 0.6, 0.15], "texture": "#missing"},
				"south": {"uv": [0, 0, 0.45, 0.15], "texture": "#missing"},
				"west": {"uv": [0, 0, 0.6, 0.15], "texture": "#missing"},
				"up": {"uv": [0, 0, 0.45, 0.6], "texture": "#missing"},
				"down": {"uv": [0, 0, 0.45, 0.6], "texture": "#missing"}
			}
		},
		{
			"from": [20.00617, 14.66557, 7.05],
			"to": [20.70617, 15.36557, 9.05],
			"rotation": {"angle": 0, "axis": "z", "origin": [11.5, 15.17647, 8.05]},
			"color": 7,
			"faces": {
				"north": {"uv": [0, 0, 0.175, 0.175], "texture": "#missing"},
				"east": {"uv": [0, 0, 0.5, 0.175], "texture": "#missing"},
				"south": {"uv": [0, 0, 0.175, 0.175], "texture": "#missing"},
				"west": {"uv": [0, 0, 0.5, 0.175], "texture": "#missing"},
				"up": {"uv": [0, 0, 0.175, 0.5], "texture": "#missing"},
				"down": {"uv": [0, 0, 0.175, 0.5], "texture": "#missing"}
			}
		},
		{
			"from": [17.12029, 10.63637, 7.05],
			"to": [18.52029, 11.63637, 9.05],
			"rotation": {"angle": 22.5, "axis": "z", "origin": [11.5, 15.17647, 8.05]},
			"color": 7,
			"faces": {
				"north": {"uv": [0, 0, 0.35, 0.25], "texture": "#missing"},
				"east": {"uv": [0, 0, 0.5, 0.25], "texture": "#missing"},
				"south": {"uv": [0, 0, 0.35, 0.25], "texture": "#missing"},
				"west": {"uv": [0, 0, 0.5, 0.25], "texture": "#missing"},
				"up": {"uv": [0, 0, 0.35, 0.5], "texture": "#missing"},
				"down": {"uv": [0, 0, 0.35, 0.5], "texture": "#missing"}
			}
		},
		{
			"from": [16.24849, 8.29541, 7.05],
			"to": [17.64849, 9.29541, 9.05],
			"rotation": {"angle": 45, "axis": "z", "origin": [11.5, 15.17647, 8.05]},
			"color": 7,
			"faces": {
				"north": {"uv": [0, 0, 0.35, 0.25], "texture": "#missing"},
				"east": {"uv": [0, 0, 0.5, 0.25], "texture": "#missing"},
				"south": {"uv": [0, 0, 0.35, 0.25], "texture": "#missing"},
				"west": {"uv": [0, 0, 0.5, 0.25], "texture": "#missing"},
				"up": {"uv": [0, 0, 0.35, 0.5], "texture": "#missing"},
				"down": {"uv": [0, 0, 0.35, 0.5], "texture": "#missing"}
			}
		},
		{
			"from": [20.00617, 14.66557, 7.05],
			"to": [20.70617, 15.36557, 9.05],
			"rotation": {"angle": 0, "axis": "z", "origin": [11.5, 15.17647, 8.05]},
			"color": 7,
			"faces": {
				"north": {"uv": [0, 0, 0.175, 0.175], "texture": "#missing"},
				"east": {"uv": [0, 0, 0.5, 0.175], "texture": "#missing"},
				"south": {"uv": [0, 0, 0.175, 0.175], "texture": "#missing"},
				"west": {"uv": [0, 0, 0.5, 0.175], "texture": "#missing"},
				"up": {"uv": [0, 0, 0.175, 0.5], "texture": "#missing"},
				"down": {"uv": [0, 0, 0.175, 0.5], "texture": "#missing"}
			}
		},
		{
			"from": [16.24849, 8.29541, 7.05],
			"to": [17.64849, 9.29541, 9.05],
			"rotation": {"angle": 45, "axis": "z", "origin": [11.5, 15.17647, 8.05]},
			"color": 7,
			"faces": {
				"north": {"uv": [0, 0, 0.35, 0.25], "texture": "#missing"},
				"east": {"uv": [0, 0, 0.5, 0.25], "texture": "#missing"},
				"south": {"uv": [0, 0, 0.35, 0.25], "texture": "#missing"},
				"west": {"uv": [0, 0, 0.5, 0.25], "texture": "#missing"},
				"up": {"uv": [0, 0, 0.35, 0.5], "texture": "#missing"},
				"down": {"uv": [0, 0, 0.35, 0.5], "texture": "#missing"}
			}
		},
		{
			"from": [14.84849, 8.49541, 6.85],
			"to": [17.64849, 9.09541, 9.25],
			"rotation": {"angle": 45, "axis": "z", "origin": [11.5, 15.17647, 8.05]},
			"color": 7,
			"faces": {
				"north": {"uv": [0, 0, 0.7, 0.15], "texture": "#missing"},
				"east": {"uv": [0, 0, 0.6, 0.15], "texture": "#missing"},
				"south": {"uv": [0, 0, 0.7, 0.15], "texture": "#missing"},
				"west": {"uv": [0, 0, 0.6, 0.15], "texture": "#missing"},
				"up": {"uv": [0, 0, 0.7, 0.6], "texture": "#missing"},
				"down": {"uv": [0, 0, 0.7, 0.6], "texture": "#missing"}
			}
		},
		{
			"from": [15.35033, 10.28539, 6.85],
			"to": [17.15033, 10.88539, 9.25],
			"rotation": {"angle": 22.5, "axis": "z", "origin": [11.5, 15.17647, 8.05]},
			"color": 7,
			"faces": {
				"north": {"uv": [0, 0, 0.45, 0.15], "texture": "#missing"},
				"east": {"uv": [0, 0, 0.6, 0.15], "texture": "#missing"},
				"south": {"uv": [0, 0, 0.45, 0.15], "texture": "#missing"},
				"west": {"uv": [0, 0, 0.6, 0.15], "texture": "#missing"},
				"up": {"uv": [0, 0, 0.45, 0.6], "texture": "#missing"},
				"down": {"uv": [0, 0, 0.45, 0.6], "texture": "#missing"}
			}
		},
		{
			"from": [14.32897, 12.13116, 6.85],
			"to": [16.92897, 12.73116, 9.25],
			"rotation": {"angle": 0, "axis": "z", "origin": [11.5, 15.17647, 8.05]},
			"color": 7,
			"faces": {
				"north": {"uv": [0, 0, 0.65, 0.15], "texture": "#missing"},
				"east": {"uv": [0, 0, 0.6, 0.15], "texture": "#missing"},
				"south": {"uv": [0, 0, 0.65, 0.15], "texture": "#missing"},
				"west": {"uv": [0, 0, 0.6, 0.15], "texture": "#missing"},
				"up": {"uv": [0, 0, 0.65, 0.6], "texture": "#missing"},
				"down": {"uv": [0, 0, 0.65, 0.6], "texture": "#missing"}
			}
		},
		{
			"from": [18.16528, 12.85806, 7.05],
			"to": [21.36528, 13.85806, 9.05],
			"rotation": {"angle": 0, "axis": "z", "origin": [11.5, 15.17647, 8.05]},
			"color": 7,
			"faces": {
				"north": {"uv": [0, 0, 0.8, 0.25], "texture": "#missing"},
				"east": {"uv": [0, 0, 0.5, 0.25], "texture": "#missing"},
				"south": {"uv": [0, 0, 0.8, 0.25], "texture": "#missing"},
				"west": {"uv": [0, 0, 0.5, 0.25], "texture": "#missing"},
				"up": {"uv": [0, 0, 0.8, 0.5], "texture": "#missing"},
				"down": {"uv": [0, 0, 0.8, 0.5], "texture": "#missing"}
			}
		},
		{
			"from": [14.22989, 11.53276, 7.05],
			"to": [19.42989, 14.13276, 9.05],
			"rotation": {"angle": 0, "axis": "z", "origin": [11.5, 15.17647, 8.05]},
			"color": 7,
			"faces": {
				"north": {"uv": [0, 0, 1.3, 0.65], "texture": "#missing"},
				"east": {"uv": [0, 0, 0.5, 0.65], "texture": "#missing"},
				"south": {"uv": [0, 0, 1.3, 0.65], "texture": "#missing"},
				"west": {"uv": [0, 0, 0.5, 0.65], "texture": "#missing"},
				"up": {"uv": [0, 0, 1.3, 0.5], "texture": "#missing"},
				"down": {"uv": [0, 0, 1.3, 0.5], "texture": "#missing"}
			}
		},
		{
			"from": [11.46901, 15.42079, 7.05],
			"to": [14.26901, 16.42079, 9.05],
			"rotation": {"angle": -22.5, "axis": "z", "origin": [11.5, 15.17647, 8.05]},
			"color": 7,
			"faces": {
				"north": {"uv": [0, 0, 0.7, 0.25], "texture": "#missing"},
				"east": {"uv": [0, 0, 0.5, 0.25], "texture": "#missing"},
				"south": {"uv": [0, 0, 0.7, 0.25], "texture": "#missing"},
				"west": {"uv": [0, 0, 0.5, 0.25], "texture": "#missing"},
				"up": {"uv": [0, 0, 0.7, 0.5], "texture": "#missing"},
				"down": {"uv": [0, 0, 0.7, 0.5], "texture": "#missing"}
			}
		},
		{
			"from": [12.26901, 15.22079, 7.05],
			"to": [16.46901, 15.82079, 9.05],
			"rotation": {"angle": -22.5, "axis": "z", "origin": [11.5, 15.17647, 8.05]},
			"color": 7,
			"faces": {
				"north": {"uv": [0, 0, 1.05, 0.15], "texture": "#missing"},
				"east": {"uv": [0, 0, 0.5, 0.15], "texture": "#missing"},
				"south": {"uv": [0, 0, 1.05, 0.15], "texture": "#missing"},
				"west": {"uv": [0, 0, 0.5, 0.15], "texture": "#missing"},
				"up": {"uv": [0, 0, 1.05, 0.5], "texture": "#missing"},
				"down": {"uv": [0, 0, 1.05, 0.5], "texture": "#missing"}
			}
		},
		{
			"from": [4.68064, 15.83669, 7.05],
			"to": [8.48064, 16.83669, 9.05],
			"rotation": {"angle": 0, "axis": "z", "origin": [11.5, 15.17647, 8.05]},
			"color": 7,
			"faces": {
				"north": {"uv": [0, 0, 0.95, 0.25], "texture": "#missing"},
				"east": {"uv": [0, 0, 0.5, 0.25], "texture": "#missing"},
				"south": {"uv": [0, 0, 0.95, 0.25], "texture": "#missing"},
				"west": {"uv": [0, 0, 0.5, 0.25], "texture": "#missing"},
				"up": {"uv": [0, 0, 0.95, 0.5], "texture": "#missing"},
				"down": {"uv": [0, 0, 0.95, 0.5], "texture": "#missing"}
			}
		},
		{
			"from": [2.03508, 18.31997, 7.05],
			"to": [5.83508, 19.31997, 9.05],
			"rotation": {"angle": 22.5, "axis": "z", "origin": [11.5, 15.17647, 8.05]},
			"color": 7,
			"faces": {
				"north": {"uv": [0, 0, 0.95, 0.25], "texture": "#missing"},
				"east": {"uv": [0, 0, 0.5, 0.25], "texture": "#missing"},
				"south": {"uv": [0, 0, 0.95, 0.25], "texture": "#missing"},
				"west": {"uv": [0, 0, 0.5, 0.25], "texture": "#missing"},
				"up": {"uv": [0, 0, 0.95, 0.5], "texture": "#missing"},
				"down": {"uv": [0, 0, 0.95, 0.5], "texture": "#missing"}
			}
		},
		{
			"from": [9.53895, 12.68543, 7.05],
			"to": [13.13895, 18.48543, 9.05],
			"rotation": {"angle": 45, "axis": "z", "origin": [11.5, 15.17647, 8.05]},
			"color": 7,
			"faces": {
				"north": {"uv": [0, 0, 1.45, 0.9], "rotation": 270, "texture": "#missing"},
				"east": {"uv": [0, 0, 1.45, 0.5], "rotation": 90, "texture": "#missing"},
				"south": {"uv": [0, 0, 1.45, 0.9], "rotation": 90, "texture": "#missing"},
				"west": {"uv": [0, 0, 1.45, 0.5], "rotation": 90, "texture": "#missing"},
				"up": {"uv": [0, 0, 0.5, 0.9], "rotation": 90, "texture": "#missing"},
				"down": {"uv": [0, 0, 0.5, 0.9], "rotation": 90, "texture": "#missing"}
			}
		},
		{
			"from": [13.05095, 12.41141, 7.05],
			"to": [16.85095, 15.41141, 9.05],
			"rotation": {"angle": -22.5, "axis": "z", "origin": [11.5, 15.17647, 8.05]},
			"color": 7,
			"faces": {
				"north": {"uv": [0, 0, 0.95, 0.75], "texture": "#missing"},
				"east": {"uv": [0, 0, 0.5, 0.75], "texture": "#missing"},
				"south": {"uv": [0, 0, 0.95, 0.75], "texture": "#missing"},
				"west": {"uv": [0, 0, 0.5, 0.75], "texture": "#missing"},
				"up": {"uv": [0, 0, 0.95, 0.5], "texture": "#missing"},
				"down": {"uv": [0, 0, 0.95, 0.5], "texture": "#missing"}
			}
		},
		{
			"from": [15.3855, 10.57417, 7.05],
			"to": [17.1855, 11.57417, 9.05],
			"rotation": {"angle": 0, "axis": "z", "origin": [11.5, 15.17647, 8.05]},
			"color": 7,
			"faces": {
				"north": {"uv": [0, 0, 0.45, 0.25], "texture": "#missing"},
				"east": {"uv": [0, 0, 0.5, 0.25], "texture": "#missing"},
				"south": {"uv": [0, 0, 0.45, 0.25], "texture": "#missing"},
				"west": {"uv": [0, 0, 0.5, 0.25], "texture": "#missing"},
				"up": {"uv": [0, 0, 0.45, 0.5], "texture": "#missing"},
				"down": {"uv": [0, 0, 0.45, 0.5], "texture": "#missing"}
			}
		},
		{
			"from": [14.99149, 8.74875, 7.05],
			"to": [18.79149, 10.14875, 9.05],
			"rotation": {"angle": 22.5, "axis": "z", "origin": [11.5, 15.17647, 8.05]},
			"color": 7,
			"faces": {
				"north": {"uv": [0, 0, 0.95, 0.35], "texture": "#missing"},
				"east": {"uv": [0, 0, 0.5, 0.35], "texture": "#missing"},
				"south": {"uv": [0, 0, 0.95, 0.35], "texture": "#missing"},
				"west": {"uv": [0, 0, 0.5, 0.35], "texture": "#missing"},
				"up": {"uv": [0, 0, 0.95, 0.5], "texture": "#missing"},
				"down": {"uv": [0, 0, 0.95, 0.5], "texture": "#missing"}
			}
		},
		{
			"from": [15.77668, 6.4477, 7.05],
			"to": [18.57668, 7.4477, 9.05],
			"rotation": {"angle": 45, "axis": "z", "origin": [11.5, 15.17647, 8.05]},
			"color": 7,
			"faces": {
				"north": {"uv": [0, 0, 0.7, 0.25], "texture": "#missing"},
				"east": {"uv": [0, 0, 0.5, 0.25], "texture": "#missing"},
				"south": {"uv": [0, 0, 0.7, 0.25], "texture": "#missing"},
				"west": {"uv": [0, 0, 0.5, 0.25], "texture": "#missing"},
				"up": {"uv": [0, 0, 0.7, 0.5], "texture": "#missing"},
				"down": {"uv": [0, 0, 0.7, 0.5], "texture": "#missing"}
			}
		},
		{
			"from": [15.77668, 6.6477, 6.85],
			"to": [18.57668, 7.2477, 9.25],
			"rotation": {"angle": 45, "axis": "z", "origin": [11.5, 15.17647, 8.05]},
			"color": 7,
			"faces": {
				"north": {"uv": [0, 0, 0.7, 0.15], "texture": "#missing"},
				"east": {"uv": [0, 0, 0.6, 0.15], "texture": "#missing"},
				"south": {"uv": [0, 0, 0.7, 0.15], "texture": "#missing"},
				"west": {"uv": [0, 0, 0.6, 0.15], "texture": "#missing"},
				"up": {"uv": [0, 0, 0.7, 0.6], "texture": "#missing"},
				"down": {"uv": [0, 0, 0.7, 0.6], "texture": "#missing"}
			}
		},
		{
			"from": [15.91495, 8.93353, 6.85],
			"to": [18.71495, 9.53353, 9.25],
			"rotation": {"angle": 22.5, "axis": "z", "origin": [11.5, 15.17647, 8.05]},
			"color": 7,
			"faces": {
				"north": {"uv": [0, 0, 0.7, 0.15], "texture": "#missing"},
				"east": {"uv": [0, 0, 0.6, 0.15], "texture": "#missing"},
				"south": {"uv": [0, 0, 0.7, 0.15], "texture": "#missing"},
				"west": {"uv": [0, 0, 0.6, 0.15], "texture": "#missing"},
				"up": {"uv": [0, 0, 0.7, 0.6], "texture": "#missing"},
				"down": {"uv": [0, 0, 0.7, 0.6], "texture": "#missing"}
			}
		},
		{
			"from": [21.96903, 14.01537, 7.05],
			"to": [22.66903, 14.71537, 9.05],
			"rotation": {"angle": 0, "axis": "z", "origin": [11.5, 15.17647, 8.05]},
			"color": 7,
			"faces": {
				"north": {"uv": [0, 0, 0.175, 0.175], "rotation": 90, "texture": "#missing"},
				"east": {"uv": [0, 0, 0.175, 0.5], "rotation": 270, "texture": "#missing"},
				"south": {"uv": [0, 0, 0.175, 0.175], "rotation": 270, "texture": "#missing"},
				"west": {"uv": [0, 0, 0.175, 0.5], "rotation": 270, "texture": "#missing"},
				"up": {"uv": [0, 0, 0.5, 0.175], "rotation": 270, "texture": "#missing"},
				"down": {"uv": [0, 0, 0.5, 0.175], "rotation": 270, "texture": "#missing"}
			}
		},
		{
			"from": [16.48378, 4.8573, 7.25],
			"to": [16.88378, 5.2573, 8.85],
			"rotation": {"angle": 45, "axis": "z", "origin": [11.5, 15.17647, 8.05]},
			"color": 7,
			"faces": {
				"north": {"uv": [0, 0, 0.1, 0.1], "texture": "#missing"},
				"east": {"uv": [0, 0, 0.4, 0.1], "texture": "#missing"},
				"south": {"uv": [0, 0, 0.1, 0.1], "texture": "#missing"},
				"west": {"uv": [0, 0, 0.4, 0.1], "texture": "#missing"},
				"up": {"uv": [0, 0, 0.1, 0.4], "texture": "#missing"},
				"down": {"uv": [0, 0, 0.1, 0.4], "texture": "#missing"}
			}
		},
		{
			"from": [18.12082, 11.36946, 7.25],
			"to": [22.32082, 11.96946, 8.85],
			"rotation": {"angle": 0, "axis": "z", "origin": [11.5, 15.17647, 8.05]},
			"color": 7,
			"faces": {
				"north": {"uv": [0, 0, 1.05, 0.15], "texture": "#missing"},
				"east": {"uv": [0, 0, 0.4, 0.15], "texture": "#missing"},
				"south": {"uv": [0, 0, 1.05, 0.15], "texture": "#missing"},
				"west": {"uv": [0, 0, 0.4, 0.15], "texture": "#missing"},
				"up": {"uv": [0, 0, 1.05, 0.4], "texture": "#missing"},
				"down": {"uv": [0, 0, 1.05, 0.4], "texture": "#missing"}
			}
		},
		{
			"from": [-0.25594, 13.55357, 7.25],
			"to": [3.94406, 14.15357, 8.85],
			"rotation": {"angle": -22.5, "axis": "z", "origin": [11.5, 15.17647, 8.05]},
			"color": 7,
			"faces": {
				"north": {"uv": [0, 0, 1.05, 0.15], "rotation": 180, "texture": "#missing"},
				"east": {"uv": [0, 0, 0.4, 0.15], "rotation": 180, "texture": "#missing"},
				"south": {"uv": [0, 0, 1.05, 0.15], "rotation": 180, "texture": "#missing"},
				"west": {"uv": [0, 0, 0.4, 0.15], "rotation": 180, "texture": "#missing"},
				"up": {"uv": [0, 0, 1.05, 0.4], "rotation": 180, "texture": "#missing"},
				"down": {"uv": [0, 0, 1.05, 0.4], "rotation": 180, "texture": "#missing"}
			}
		},
		{
			"from": [2.03974, 22.34161, 7.25],
			"to": [2.43974, 22.74161, 8.85],
			"rotation": {"angle": 22.5, "axis": "z", "origin": [11.5, 15.17647, 8.05]},
			"color": 7,
			"faces": {
				"north": {"uv": [0, 0, 0.1, 0.1], "rotation": 180, "texture": "#missing"},
				"east": {"uv": [0, 0, 0.4, 0.1], "rotation": 180, "texture": "#missing"},
				"south": {"uv": [0, 0, 0.1, 0.1], "rotation": 180, "texture": "#missing"},
				"west": {"uv": [0, 0, 0.4, 0.1], "rotation": 180, "texture": "#missing"},
				"up": {"uv": [0, 0, 0.1, 0.4], "rotation": 180, "texture": "#missing"},
				"down": {"uv": [0, 0, 0.1, 0.4], "rotation": 180, "texture": "#missing"}
			}
		},
		{
			"from": [0.40045, 16.38194, 7.25],
			"to": [2.40045, 16.98194, 8.85],
			"rotation": {"angle": 0, "axis": "z", "origin": [11.5, 15.17647, 8.05]},
			"color": 7,
			"faces": {
				"north": {"uv": [0, 0, 0.5, 0.15], "rotation": 180, "texture": "#missing"},
				"east": {"uv": [0, 0, 0.4, 0.15], "rotation": 180, "texture": "#missing"},
				"south": {"uv": [0, 0, 0.5, 0.15], "rotation": 180, "texture": "#missing"},
				"west": {"uv": [0, 0, 0.4, 0.15], "rotation": 180, "texture": "#missing"},
				"up": {"uv": [0, 0, 0.5, 0.4], "rotation": 180, "texture": "#missing"},
				"down": {"uv": [0, 0, 0.5, 0.4], "rotation": 180, "texture": "#missing"}
			}
		},
		{
			"from": [4.46195, 10.22353, 7.4],
			"to": [5.46195, 14.62353, 8.6],
			"rotation": {"angle": -45, "axis": "z", "origin": [8.96195, 7.92353, 8.8]},
			"color": 5,
			"faces": {
				"north": {"uv": [0, 0, 0.25, 1.1], "texture": "#missing"},
				"east": {"uv": [0, 0, 0.3, 1.1], "texture": "#missing"},
				"south": {"uv": [0, 0, 0.25, 1.1], "texture": "#missing"},
				"west": {"uv": [0, 0, 0.3, 1.1], "texture": "#missing"},
				"up": {"uv": [0, 0, 0.25, 0.3], "texture": "#missing"},
				"down": {"uv": [0, 0, 0.25, 0.3], "texture": "#missing"}
			}
		},
		{
			"from": [7.26195, 11.62353, 7.4],
			"to": [8.66195, 16.82353, 8.6],
			"rotation": {"angle": 22.5, "axis": "z", "origin": [7.56195, 10.72353, 8.8]},
			"color": 5,
			"faces": {
				"north": {"uv": [0, 0, 0.35, 1.3], "texture": "#missing"},
				"east": {"uv": [0, 0, 0.3, 1.3], "texture": "#missing"},
				"south": {"uv": [0, 0, 0.35, 1.3], "texture": "#missing"},
				"west": {"uv": [0, 0, 0.3, 1.3], "texture": "#missing"},
				"up": {"uv": [0, 0, 0.35, 0.3], "texture": "#missing"},
				"down": {"uv": [0, 0, 0.35, 0.3], "texture": "#missing"}
			}
		},
		{
			"from": [6.66195, 0.02353, 7.2],
			"to": [8.26195, 12.42353, 8.8],
			"rotation": {"angle": 0, "axis": "y", "origin": [-6.73805, -10.37647, 6.8]},
			"color": 5,
			"faces": {
				"north": {"uv": [0, 0, 0.4, 3.1], "texture": "#missing"},
				"east": {"uv": [0, 0, 0.4, 3.1], "texture": "#missing"},
				"south": {"uv": [0, 0, 0.4, 3.1], "texture": "#missing"},
				"west": {"uv": [0, 0, 0.4, 3.1], "texture": "#missing"},
				"up": {"uv": [0, 0, 0.4, 0.4], "texture": "#missing"},
				"down": {"uv": [0, 0, 0.4, 0.4], "texture": "#missing"}
			}
		},
		{
			"from": [7.86195, 4.22353, 7.7],
			"to": [8.66195, 7.62353, 8.6],
			"rotation": {"angle": -45, "axis": "z", "origin": [8.96195, 5.72353, 8.8]},
			"color": 5,
			"faces": {
				"north": {"uv": [0, 0, 0.2, 0.85], "texture": "#missing"},
				"east": {"uv": [0, 0, 0.3, 0.85], "texture": "#missing"},
				"south": {"uv": [0, 0, 0.2, 0.85], "texture": "#missing"},
				"west": {"uv": [0, 0, 0.3, 0.85], "texture": "#missing"},
				"up": {"uv": [0, 0, 0.2, 0.3], "texture": "#missing"},
				"down": {"uv": [0, 0, 0.2, 0.3], "texture": "#missing"}
			}
		},
		{
			"from": [6.16195, 2.42353, 7.7],
			"to": [6.96195, 5.82353, 8.6],
			"rotation": {"angle": 22.5, "axis": "z", "origin": [7.26195, 3.92353, 8.8]},
			"color": 5,
			"faces": {
				"north": {"uv": [0, 0, 0.2, 0.85], "texture": "#missing"},
				"east": {"uv": [0, 0, 0.3, 0.85], "texture": "#missing"},
				"south": {"uv": [0, 0, 0.2, 0.85], "texture": "#missing"},
				"west": {"uv": [0, 0, 0.3, 0.85], "texture": "#missing"},
				"up": {"uv": [0, 0, 0.2, 0.3], "texture": "#missing"},
				"down": {"uv": [0, 0, 0.2, 0.3], "texture": "#missing"}
			}
		}
	],
	"groups": [
		{
			"name": "Antler1",
			"origin": [5.78827, 18.40521, 8.05],
			"color": 0,
			"children": [
				0,
				1,
				2,
				3,
				4,
				5,
				6,
				7,
				8,
				9,
				10,
				11,
				12,
				13,
				14,
				15,
				16,
				17,
				18,
				19,
				20,
				21,
				22,
				23,
				24,
				25,
				26,
				27,
				28,
				29,
				30,
				31,
				32,
				33,
				34,
				35,
				36,
				37,
				38,
				39,
				40,
				41,
				42,
				43,
				44,
				45,
				46
			]
		},
		{
			"name": "Stem",
			"origin": [8.96195, 5.72353, 8.8],
			"color": 0,
			"children": [47, 48, 49, 50, 51]
		}
	]
}