{
	"credit": "Made by ChainArts",
	"texture_size": [64, 64],
	"textures": {
		"2": "item/skins/tools/christmas_axe",
		"particle": "item/skins/tools/christmas_axe"
	},
	"elements": [
		{
			"from": [7, 0, 7],
			"to": [9, 2, 9],
			"rotation": {"angle": -45, "axis": "z", "origin": [8, 1, 7]},
			"faces": {
				"north": {"uv": [11.5, 12.75, 12, 13.25], "texture": "#2"},
				"east": {"uv": [12.75, 12.25, 13.25, 12.75], "texture": "#2"},
				"south": {"uv": [12.75, 12.75, 13.25, 13.25], "texture": "#2"},
				"west": {"uv": [0, 13, 0.5, 13.5], "texture": "#2"},
				"up": {"uv": [13.5, 0.5, 13, 0], "texture": "#2"},
				"down": {"uv": [13.5, 1.75, 13, 2.25], "texture": "#2"}
			}
		},
		{
			"from": [7, 1, 7.5],
			"to": [9, 13.6, 8.5],
			"rotation": {"angle": 0, "axis": "y", "origin": [8, 1, 7.5]},
			"faces": {
				"north": {"uv": [7.5, 10.75, 8, 13.875], "texture": "#2"},
				"east": {"uv": [2.5, 11.25, 2.75, 14.375], "texture": "#2"},
				"south": {"uv": [8, 10.75, 8.5, 13.875], "texture": "#2"},
				"west": {"uv": [2.75, 11.25, 3, 14.375], "texture": "#2"},
				"up": {"uv": [10.5, 13.75, 10, 13.5], "texture": "#2"},
				"down": {"uv": [11.5, 13.5, 11, 13.75], "texture": "#2"}
			}
		},
		{
			"from": [7.025, 16.71685, 4.75],
			"to": [7.275, 18.71685, 5],
			"rotation": {"angle": 0, "axis": "y", "origin": [10.23403, 16.72623, 4.7125]},
			"faces": {
				"north": {"uv": [4.75, 13.5, 4.875, 14.5], "texture": "#2"},
				"east": {"uv": [12, 13.5, 12.125, 14.5], "texture": "#2"},
				"south": {"uv": [12.25, 13.5, 12.375, 14.5], "texture": "#2"},
				"west": {"uv": [12.75, 13.5, 12.875, 14.5], "texture": "#2"},
				"up": {"uv": [5.625, 14.375, 5.5, 14.25], "texture": "#2"},
				"down": {"uv": [5.875, 14.25, 5.75, 14.375], "texture": "#2"}
			}
		},
		{
			"from": [7.275, 18.46685, 4.75],
			"to": [8.725, 18.71685, 5],
			"rotation": {"angle": 0, "axis": "y", "origin": [10.23403, 16.72623, 4.7125]},
			"faces": {
				"north": {"uv": [13.75, 11, 14.5, 11.125], "texture": "#2"},
				"east": {"uv": [6, 14.25, 6.125, 14.375], "texture": "#2"},
				"south": {"uv": [11.25, 13.75, 12, 13.875], "texture": "#2"},
				"west": {"uv": [14.25, 6, 14.375, 6.125], "texture": "#2"},
				"up": {"uv": [14.5, 11.375, 13.75, 11.25], "texture": "#2"},
				"down": {"uv": [14.5, 12.25, 13.75, 12.375], "texture": "#2"}
			}
		},
		{
			"from": [7.875, 16.96685, 4.85],
			"to": [8.125, 18.46685, 5],
			"rotation": {"angle": 0, "axis": "y", "origin": [10.23403, 16.72623, 4.7125]},
			"faces": {
				"north": {"uv": [13.75, 13.25, 13.875, 14], "texture": "#2"},
				"east": {"uv": [1.75, 14, 1.875, 14.75], "texture": "#2"},
				"south": {"uv": [2, 14, 2.125, 14.75], "texture": "#2"},
				"west": {"uv": [14, 2.25, 14.125, 3], "texture": "#2"},
				"up": {"uv": [14.375, 6.375, 14.25, 6.25], "texture": "#2"},
				"down": {"uv": [6.625, 14.25, 6.5, 14.375], "texture": "#2"}
			}
		},
		{
			"from": [7.275, 17.59185, 4.85],
			"to": [7.875, 17.84185, 5],
			"rotation": {"angle": 0, "axis": "y", "origin": [10.23403, 16.72623, 4.7125]},
			"faces": {
				"north": {"uv": [3.25, 14.25, 3.5, 14.375], "texture": "#2"},
				"east": {"uv": [14.25, 6.5, 14.375, 6.625], "texture": "#2"},
				"south": {"uv": [14.25, 3.25, 14.5, 3.375], "texture": "#2"},
				"west": {"uv": [6.75, 14.25, 6.875, 14.375], "texture": "#2"},
				"up": {"uv": [3.75, 14.375, 3.5, 14.25], "texture": "#2"},
				"down": {"uv": [14.5, 3.5, 14.25, 3.625], "texture": "#2"}
			}
		},
		{
			"from": [7.275, 16.71685, 4.75],
			"to": [8.725, 16.96685, 5],
			"rotation": {"angle": 0, "axis": "y", "origin": [10.23403, 16.72623, 4.7125]},
			"faces": {
				"north": {"uv": [13.75, 12.5, 14.5, 12.625], "texture": "#2"},
				"east": {"uv": [7.5, 14.25, 7.625, 14.375], "texture": "#2"},
				"south": {"uv": [14, 0.5, 14.75, 0.625], "texture": "#2"},
				"west": {"uv": [7.75, 14.25, 7.875, 14.375], "texture": "#2"},
				"up": {"uv": [4.5, 14.125, 3.75, 14], "texture": "#2"},
				"down": {"uv": [5.75, 14, 5, 14.125], "texture": "#2"}
			}
		},
		{
			"from": [8.125, 17.59185, 4.85],
			"to": [8.725, 17.84185, 5],
			"rotation": {"angle": 0, "axis": "y", "origin": [10.23403, 16.72623, 4.7125]},
			"faces": {
				"north": {"uv": [3.75, 14.25, 4, 14.375], "texture": "#2"},
				"east": {"uv": [8, 14.25, 8.125, 14.375], "texture": "#2"},
				"south": {"uv": [14.25, 3.75, 14.5, 3.875], "texture": "#2"},
				"west": {"uv": [8.25, 14.25, 8.375, 14.375], "texture": "#2"},
				"up": {"uv": [4.25, 14.375, 4, 14.25], "texture": "#2"},
				"down": {"uv": [4.5, 14.25, 4.25, 14.375], "texture": "#2"}
			}
		},
		{
			"from": [8.725, 16.71685, 4.75],
			"to": [8.975, 18.71685, 5],
			"rotation": {"angle": 0, "axis": "y", "origin": [10.23403, 16.72623, 4.7125]},
			"faces": {
				"north": {"uv": [13, 13.5, 13.125, 14.5], "texture": "#2"},
				"east": {"uv": [13.25, 13.5, 13.375, 14.5], "texture": "#2"},
				"south": {"uv": [13.5, 13.25, 13.625, 14.25], "texture": "#2"},
				"west": {"uv": [0.5, 13.75, 0.625, 14.75], "texture": "#2"},
				"up": {"uv": [8.625, 14.375, 8.5, 14.25], "texture": "#2"},
				"down": {"uv": [8.875, 14.25, 8.75, 14.375], "texture": "#2"}
			}
		},
		{
			"from": [9.05649, 16.71685, 4.26534],
			"to": [9.95649, 18.71685, 4.41534],
			"rotation": {"angle": 22.5, "axis": "y", "origin": [10.23403, 16.72623, 4.7125]},
			"faces": {
				"north": {"uv": [11, 11.75, 11.5, 12.75], "texture": "#2"},
				"east": {"uv": [0.75, 13.75, 0.875, 14.75], "texture": "#2"},
				"south": {"uv": [0.75, 12.25, 1.25, 13.25], "texture": "#2"},
				"west": {"uv": [1.5, 13.75, 1.625, 14.75], "texture": "#2"},
				"up": {"uv": [14.5, 9.125, 14, 9], "texture": "#2"},
				"down": {"uv": [14.5, 9.25, 14, 9.375], "texture": "#2"}
			}
		},
		{
			"from": [6.04351, 16.71685, 4.26534],
			"to": [6.94351, 18.71685, 4.41534],
			"rotation": {"angle": -22.5, "axis": "y", "origin": [5.76597, 16.72623, 4.7125]},
			"faces": {
				"north": {"uv": [11.5, 11.75, 11, 12.75], "texture": "#2"},
				"east": {"uv": [1.625, 13.75, 1.5, 14.75], "texture": "#2"},
				"south": {"uv": [1.25, 12.25, 0.75, 13.25], "texture": "#2"},
				"west": {"uv": [0.875, 13.75, 0.75, 14.75], "texture": "#2"},
				"up": {"uv": [14, 9.125, 14.5, 9], "texture": "#2"},
				"down": {"uv": [14, 9.25, 14.5, 9.375], "texture": "#2"}
			}
		},
		{
			"from": [7.275, 18.46685, 11],
			"to": [8.725, 18.71685, 11.25],
			"rotation": {"angle": 0, "axis": "y", "origin": [10.23403, 16.72623, 11.2875]},
			"faces": {
				"north": {"uv": [12, 13.75, 11.25, 13.875], "texture": "#2"},
				"east": {"uv": [6.125, 14.25, 6, 14.375], "texture": "#2"},
				"south": {"uv": [14.5, 11, 13.75, 11.125], "texture": "#2"},
				"west": {"uv": [14.375, 6, 14.25, 6.125], "texture": "#2"},
				"up": {"uv": [14.5, 11.25, 13.75, 11.375], "texture": "#2"},
				"down": {"uv": [14.5, 12.375, 13.75, 12.25], "texture": "#2"}
			}
		},
		{
			"from": [6.04351, 16.71685, 11.58466],
			"to": [6.94351, 18.71685, 11.73466],
			"rotation": {"angle": 22.5, "axis": "y", "origin": [5.76597, 16.72623, 11.2875]},
			"faces": {
				"north": {"uv": [0.75, 12.25, 1.25, 13.25], "texture": "#2"},
				"east": {"uv": [1.5, 13.75, 1.625, 14.75], "texture": "#2"},
				"south": {"uv": [11, 11.75, 11.5, 12.75], "texture": "#2"},
				"west": {"uv": [0.75, 13.75, 0.875, 14.75], "texture": "#2"},
				"up": {"uv": [14, 9, 14.5, 9.125], "texture": "#2"},
				"down": {"uv": [14, 9.375, 14.5, 9.25], "texture": "#2"}
			}
		},
		{
			"from": [7.025, 16.71685, 11],
			"to": [7.275, 18.71685, 11.25],
			"rotation": {"angle": 0, "axis": "y", "origin": [10.23403, 16.72623, 11.2875]},
			"faces": {
				"north": {"uv": [12.375, 13.5, 12.25, 14.5], "texture": "#2"},
				"east": {"uv": [12.125, 13.5, 12, 14.5], "texture": "#2"},
				"south": {"uv": [4.875, 13.5, 4.75, 14.5], "texture": "#2"},
				"west": {"uv": [12.875, 13.5, 12.75, 14.5], "texture": "#2"},
				"up": {"uv": [5.625, 14.25, 5.5, 14.375], "texture": "#2"},
				"down": {"uv": [5.875, 14.375, 5.75, 14.25], "texture": "#2"}
			}
		},
		{
			"from": [7.875, 16.96685, 11],
			"to": [8.125, 18.46685, 11.15],
			"rotation": {"angle": 0, "axis": "y", "origin": [10.23403, 16.72623, 11.2875]},
			"faces": {
				"north": {"uv": [2.125, 14, 2, 14.75], "texture": "#2"},
				"east": {"uv": [1.875, 14, 1.75, 14.75], "texture": "#2"},
				"south": {"uv": [13.875, 13.25, 13.75, 14], "texture": "#2"},
				"west": {"uv": [14.125, 2.25, 14, 3], "texture": "#2"},
				"up": {"uv": [14.375, 6.25, 14.25, 6.375], "texture": "#2"},
				"down": {"uv": [6.625, 14.375, 6.5, 14.25], "texture": "#2"}
			}
		},
		{
			"from": [7.275, 16.71685, 11],
			"to": [8.725, 16.96685, 11.25],
			"rotation": {"angle": 0, "axis": "y", "origin": [10.23403, 16.72623, 11.2875]},
			"faces": {
				"north": {"uv": [14.75, 0.5, 14, 0.625], "texture": "#2"},
				"east": {"uv": [7.625, 14.25, 7.5, 14.375], "texture": "#2"},
				"south": {"uv": [14.5, 12.5, 13.75, 12.625], "texture": "#2"},
				"west": {"uv": [7.875, 14.25, 7.75, 14.375], "texture": "#2"},
				"up": {"uv": [4.5, 14, 3.75, 14.125], "texture": "#2"},
				"down": {"uv": [5.75, 14.125, 5, 14], "texture": "#2"}
			}
		},
		{
			"from": [7.275, 17.59185, 11],
			"to": [7.875, 17.84185, 11.15],
			"rotation": {"angle": 0, "axis": "y", "origin": [10.23403, 16.72623, 11.2875]},
			"faces": {
				"north": {"uv": [14.5, 3.25, 14.25, 3.375], "texture": "#2"},
				"east": {"uv": [14.375, 6.5, 14.25, 6.625], "texture": "#2"},
				"south": {"uv": [3.5, 14.25, 3.25, 14.375], "texture": "#2"},
				"west": {"uv": [6.875, 14.25, 6.75, 14.375], "texture": "#2"},
				"up": {"uv": [3.75, 14.25, 3.5, 14.375], "texture": "#2"},
				"down": {"uv": [14.5, 3.625, 14.25, 3.5], "texture": "#2"}
			}
		},
		{
			"from": [8.125, 17.59185, 11],
			"to": [8.725, 17.84185, 11.15],
			"rotation": {"angle": 0, "axis": "y", "origin": [10.23403, 16.72623, 11.2875]},
			"faces": {
				"north": {"uv": [14.5, 3.75, 14.25, 3.875], "texture": "#2"},
				"east": {"uv": [8.125, 14.25, 8, 14.375], "texture": "#2"},
				"south": {"uv": [4, 14.25, 3.75, 14.375], "texture": "#2"},
				"west": {"uv": [8.375, 14.25, 8.25, 14.375], "texture": "#2"},
				"up": {"uv": [4.25, 14.25, 4, 14.375], "texture": "#2"},
				"down": {"uv": [4.5, 14.375, 4.25, 14.25], "texture": "#2"}
			}
		},
		{
			"from": [8.725, 16.71685, 11],
			"to": [8.975, 18.71685, 11.25],
			"rotation": {"angle": 0, "axis": "y", "origin": [10.23403, 16.72623, 11.2875]},
			"faces": {
				"north": {"uv": [13.625, 13.25, 13.5, 14.25], "texture": "#2"},
				"east": {"uv": [13.375, 13.5, 13.25, 14.5], "texture": "#2"},
				"south": {"uv": [13.125, 13.5, 13, 14.5], "texture": "#2"},
				"west": {"uv": [0.625, 13.75, 0.5, 14.75], "texture": "#2"},
				"up": {"uv": [8.625, 14.25, 8.5, 14.375], "texture": "#2"},
				"down": {"uv": [8.875, 14.375, 8.75, 14.25], "texture": "#2"}
			}
		},
		{
			"from": [9.05649, 16.71685, 11.58466],
			"to": [9.95649, 18.71685, 11.73466],
			"rotation": {"angle": -22.5, "axis": "y", "origin": [10.23403, 16.72623, 11.2875]},
			"faces": {
				"north": {"uv": [1.25, 12.25, 0.75, 13.25], "texture": "#2"},
				"east": {"uv": [0.875, 13.75, 0.75, 14.75], "texture": "#2"},
				"south": {"uv": [11.5, 11.75, 11, 12.75], "texture": "#2"},
				"west": {"uv": [1.625, 13.75, 1.5, 14.75], "texture": "#2"},
				"up": {"uv": [14.5, 9, 14, 9.125], "texture": "#2"},
				"down": {"uv": [14.5, 9.375, 14, 9.25], "texture": "#2"}
			}
		},
		{
			"from": [5, 15.71685, 5],
			"to": [11, 19.71685, 11],
			"rotation": {"angle": 0, "axis": "y", "origin": [7.5, 17.21685, 5.5]},
			"faces": {
				"north": {"uv": [7.5, 8.25, 10.5, 10.25], "texture": "#2"},
				"east": {"uv": [0, 9.25, 3, 11.25], "texture": "#2"},
				"south": {"uv": [9.25, 0, 12.25, 2], "texture": "#2"},
				"west": {"uv": [9.25, 2, 12.25, 4], "texture": "#2"},
				"up": {"uv": [9.25, 3, 6.25, 0], "texture": "#2"},
				"down": {"uv": [9.25, 3, 6.25, 6], "texture": "#2"}
			}
		},
		{
			"from": [6.25, 16.9133, 5.0125],
			"to": [10.5, 21.1633, 10.9875],
			"rotation": {"angle": 45, "axis": "z", "origin": [8, 18.6633, 5.5]},
			"faces": {
				"north": {"uv": [9.25, 4, 11.375, 6.125], "texture": "#2"},
				"east": {"uv": [6.25, 6, 9.25, 8.125], "texture": "#2"},
				"south": {"uv": [3, 10, 5.125, 12.125], "texture": "#2"},
				"west": {"uv": [0, 7, 3, 9.125], "texture": "#2"},
				"up": {"uv": [5.125, 10, 3, 7], "texture": "#2"},
				"down": {"uv": [7.375, 8.25, 5.25, 11.25], "texture": "#2"}
			}
		},
		{
			"from": [10.25, 15.71685, 4.75],
			"to": [11.25, 19.46685, 5.25],
			"rotation": {"angle": 0, "axis": "y", "origin": [8, 10.21685, 7.75]},
			"faces": {
				"north": {"uv": [1.5, 11.25, 2, 13.125], "texture": "#2"},
				"east": {"uv": [1.25, 12.25, 1.5, 14.125], "texture": "#2"},
				"south": {"uv": [2, 11.25, 2.5, 13.125], "texture": "#2"},
				"west": {"uv": [12.25, 1.75, 12.5, 3.625], "texture": "#2"},
				"up": {"uv": [2.25, 14, 1.75, 13.75], "texture": "#2"},
				"down": {"uv": [5.5, 13.75, 5, 14], "texture": "#2"}
			}
		},
		{
			"from": [4.75, 15.71685, 4.75],
			"to": [5.75, 19.46685, 5.25],
			"rotation": {"angle": 0, "axis": "y", "origin": [8, 10.21685, 7.75]},
			"faces": {
				"north": {"uv": [1.5, 11.25, 2, 13.125], "texture": "#2"},
				"east": {"uv": [1.25, 12.25, 1.5, 14.125], "texture": "#2"},
				"south": {"uv": [2, 11.25, 2.5, 13.125], "texture": "#2"},
				"west": {"uv": [12.25, 1.75, 12.5, 3.625], "texture": "#2"},
				"up": {"uv": [2.25, 14, 1.75, 13.75], "texture": "#2"},
				"down": {"uv": [5.5, 13.75, 5, 14], "texture": "#2"}
			}
		},
		{
			"from": [4.75, 15.71685, 10.75],
			"to": [5.75, 19.46685, 11.25],
			"rotation": {"angle": 0, "axis": "y", "origin": [8, 10.21685, 8.25]},
			"faces": {
				"north": {"uv": [2.5, 11.25, 2, 13.125], "texture": "#2"},
				"east": {"uv": [1.5, 12.25, 1.25, 14.125], "texture": "#2"},
				"south": {"uv": [2, 11.25, 1.5, 13.125], "texture": "#2"},
				"west": {"uv": [12.5, 1.75, 12.25, 3.625], "texture": "#2"},
				"up": {"uv": [2.25, 13.75, 1.75, 14], "texture": "#2"},
				"down": {"uv": [5.5, 14, 5, 13.75], "texture": "#2"}
			}
		},
		{
			"from": [10.25, 15.71685, 10.75],
			"to": [11.25, 19.46685, 11.25],
			"rotation": {"angle": 0, "axis": "y", "origin": [8, 10.21685, 8.25]},
			"faces": {
				"north": {"uv": [2.5, 11.25, 2, 13.125], "texture": "#2"},
				"east": {"uv": [1.5, 12.25, 1.25, 14.125], "texture": "#2"},
				"south": {"uv": [2, 11.25, 1.5, 13.125], "texture": "#2"},
				"west": {"uv": [12.5, 1.75, 12.25, 3.625], "texture": "#2"},
				"up": {"uv": [2.25, 13.75, 1.75, 14], "texture": "#2"},
				"down": {"uv": [5.5, 14, 5, 13.75], "texture": "#2"}
			}
		},
		{
			"from": [4.5, 15.26685, 4.5],
			"to": [11.5, 15.76685, 11.5],
			"rotation": {"angle": 0, "axis": "y", "origin": [7.5, 17.21685, 5.5]},
			"faces": {
				"north": {"uv": [11.5, 4.5, 15, 4.75], "texture": "#2"},
				"east": {"uv": [11.5, 4.75, 15, 5], "texture": "#2"},
				"south": {"uv": [11.5, 5, 15, 5.25], "texture": "#2"},
				"west": {"uv": [11.5, 5.25, 15, 5.5], "texture": "#2"},
				"up": {"uv": [3.5, 3.5, 0, 0], "texture": "#2"},
				"down": {"uv": [3.5, 3.5, 0, 7], "texture": "#2"}
			}
		},
		{
			"from": [5.5, 20.01685, 7.7],
			"to": [7, 22.51685, 9.2],
			"rotation": {"angle": 0, "axis": "y", "origin": [5.5, 21.51685, 8.2]},
			"faces": {
				"north": {"uv": [5.25, 7, 6, 8.25], "texture": "#2"},
				"east": {"uv": [5.25, 11.25, 6, 12.5], "texture": "#2"},
				"south": {"uv": [6, 11.25, 6.75, 12.5], "texture": "#2"},
				"west": {"uv": [6.75, 11.25, 7.5, 12.5], "texture": "#2"},
				"up": {"uv": [12.75, 11.75, 12, 11], "texture": "#2"},
				"down": {"uv": [12.75, 11.75, 12, 12.5], "texture": "#2"}
			}
		},
		{
			"from": [5, 22.21685, 7.2],
			"to": [5.75, 23.21685, 9.7],
			"rotation": {"angle": 0, "axis": "y", "origin": [5.5, 23.26685, 8.2]},
			"faces": {
				"north": {"uv": [2, 13.25, 2.375, 13.75], "texture": "#2"},
				"east": {"uv": [12, 8.25, 13.25, 8.75], "texture": "#2"},
				"south": {"uv": [13.25, 6.75, 13.625, 7.25], "texture": "#2"},
				"west": {"uv": [12, 8.75, 13.25, 9.25], "texture": "#2"},
				"up": {"uv": [3.375, 13.5, 3, 12.25], "texture": "#2"},
				"down": {"uv": [3.875, 12.25, 3.5, 13.5], "texture": "#2"}
			}
		},
		{
			"from": [6.75, 22.21685, 7.2],
			"to": [7.5, 23.21685, 9.7],
			"rotation": {"angle": 0, "axis": "y", "origin": [7, 23.26685, 8.2]},
			"faces": {
				"north": {"uv": [13.25, 8.25, 13.625, 8.75], "texture": "#2"},
				"east": {"uv": [12, 9.25, 13.25, 9.75], "texture": "#2"},
				"south": {"uv": [8.5, 13.25, 8.875, 13.75], "texture": "#2"},
				"west": {"uv": [12, 9.75, 13.25, 10.25], "texture": "#2"},
				"up": {"uv": [4.375, 13.5, 4, 12.25], "texture": "#2"},
				"down": {"uv": [4.875, 12.25, 4.5, 13.5], "texture": "#2"}
			}
		},
		{
			"from": [5.75, 22.21685, 7.2],
			"to": [6.75, 23.21685, 7.95],
			"rotation": {"angle": 0, "axis": "y", "origin": [5.25, 23.96685, 8.45]},
			"faces": {
				"north": {"uv": [13, 2.25, 13.5, 2.75], "texture": "#2"},
				"east": {"uv": [13.25, 8.75, 13.625, 9.25], "texture": "#2"},
				"south": {"uv": [12, 13, 12.5, 13.5], "texture": "#2"},
				"west": {"uv": [9, 13.25, 9.375, 13.75], "texture": "#2"},
				"up": {"uv": [13.75, 9.625, 13.25, 9.25], "texture": "#2"},
				"down": {"uv": [10, 13.25, 9.5, 13.625], "texture": "#2"}
			}
		},
		{
			"from": [5.75, 22.21685, 8.95],
			"to": [6.75, 23.21685, 9.7],
			"rotation": {"angle": 0, "axis": "y", "origin": [5.25, 23.96685, 8.45]},
			"faces": {
				"north": {"uv": [0.5, 13.25, 1, 13.75], "texture": "#2"},
				"east": {"uv": [13.25, 9.75, 13.625, 10.25], "texture": "#2"},
				"south": {"uv": [1.5, 13.25, 2, 13.75], "texture": "#2"},
				"west": {"uv": [13.25, 11, 13.625, 11.5], "texture": "#2"},
				"up": {"uv": [12, 13.625, 11.5, 13.25], "texture": "#2"},
				"down": {"uv": [13.75, 12.25, 13.25, 12.625], "texture": "#2"}
			}
		},
		{
			"from": [5.4997, 23.62565, 8.30955],
			"to": [7.0397, 24.06315, 8.79955],
			"rotation": {"angle": 0, "axis": "y", "origin": [7.6172, 24.05565, 8.4408]},
			"faces": {
				"north": {"uv": [13.25, 11.5, 14, 11.75], "texture": "#2"},
				"east": {"uv": [6, 8, 6.25, 8.25], "texture": "#2"},
				"south": {"uv": [12.75, 13.25, 13.5, 13.5], "texture": "#2"},
				"west": {"uv": [12.25, 3.75, 12.5, 4], "texture": "#2"},
				"up": {"uv": [14, 13, 13.25, 12.75], "texture": "#2"},
				"down": {"uv": [14, 13, 13.25, 13.25], "texture": "#2"}
			}
		},
		{
			"from": [6.6322, 23.90565, 8.46705],
			"to": [8.3647, 24.39565, 8.86955],
			"rotation": {"angle": 0, "axis": "y", "origin": [7.6172, 24.05565, 8.4408]},
			"faces": {
				"north": {"uv": [13, 0.5, 13.875, 0.75], "texture": "#2"},
				"east": {"uv": [5, 12.25, 5.25, 12.5], "texture": "#2"},
				"south": {"uv": [13, 2.75, 13.875, 3], "texture": "#2"},
				"west": {"uv": [0.5, 13, 0.75, 13.25], "texture": "#2"},
				"up": {"uv": [14.125, 3.25, 13.25, 3], "texture": "#2"},
				"down": {"uv": [14.125, 3.25, 13.25, 3.5], "texture": "#2"}
			}
		},
		{
			"from": [5.9297, 23.81815, 7.95955],
			"to": [7.4697, 24.22065, 8.46705],
			"rotation": {"angle": 0, "axis": "y", "origin": [7.6172, 24.05565, 8.4408]},
			"faces": {
				"north": {"uv": [13.5, 0, 14.25, 0.25], "texture": "#2"},
				"east": {"uv": [14, 9.5, 14.25, 9.75], "texture": "#2"},
				"south": {"uv": [13.5, 0.25, 14.25, 0.5], "texture": "#2"},
				"west": {"uv": [14, 9.75, 14.25, 10], "texture": "#2"},
				"up": {"uv": [14.25, 1, 13.5, 0.75], "texture": "#2"},
				"down": {"uv": [14.25, 1, 13.5, 1.25], "texture": "#2"}
			}
		},
		{
			"from": [7.0072, 23.90565, 8.02955],
			"to": [7.8647, 24.36065, 8.46705],
			"rotation": {"angle": 0, "axis": "y", "origin": [7.6172, 24.05565, 8.4408]},
			"faces": {
				"north": {"uv": [5.75, 14, 6.125, 14.25], "texture": "#2"},
				"east": {"uv": [14, 10, 14.25, 10.25], "texture": "#2"},
				"south": {"uv": [14, 6.75, 14.375, 7], "texture": "#2"},
				"west": {"uv": [11.25, 14, 11.5, 14.25], "texture": "#2"},
				"up": {"uv": [14.375, 7.25, 14, 7], "texture": "#2"},
				"down": {"uv": [14.375, 7.25, 14, 7.5], "texture": "#2"}
			}
		},
		{
			"from": [5.6922, 23.50315, 8.06455],
			"to": [6.7597, 23.81815, 8.44955],
			"rotation": {"angle": 0, "axis": "y", "origin": [7.6172, 24.05565, 8.4408]},
			"faces": {
				"north": {"uv": [11.5, 14, 12, 14.125], "texture": "#2"},
				"east": {"uv": [5, 14.25, 5.25, 14.375], "texture": "#2"},
				"south": {"uv": [14, 11.5, 14.5, 11.625], "texture": "#2"},
				"west": {"uv": [5.25, 14.25, 5.5, 14.375], "texture": "#2"},
				"up": {"uv": [6, 14, 5.5, 13.75], "texture": "#2"},
				"down": {"uv": [6.5, 13.75, 6, 14], "texture": "#2"}
			}
		},
		{
			"from": [7.6322, 24.20565, 8.21705],
			"to": [9.3647, 24.69565, 8.61955],
			"rotation": {"angle": 0, "axis": "y", "origin": [7.6172, 24.05565, 8.4408]},
			"faces": {
				"north": {"uv": [13.25, 3.5, 14.125, 3.75], "texture": "#2"},
				"east": {"uv": [14, 11.75, 14.25, 12], "texture": "#2"},
				"south": {"uv": [13.25, 3.75, 14.125, 4], "texture": "#2"},
				"west": {"uv": [14, 12, 14.25, 12.25], "texture": "#2"},
				"up": {"uv": [14.125, 6.5, 13.25, 6.25], "texture": "#2"},
				"down": {"uv": [14.125, 6.5, 13.25, 6.75], "texture": "#2"}
			}
		},
		{
			"from": [5.9997, 22.87565, 8.30955],
			"to": [6.7397, 23.66315, 8.79955],
			"rotation": {"angle": 0, "axis": "y", "origin": [7.6172, 24.05565, 8.4408]},
			"faces": {
				"north": {"uv": [13.5, 2.25, 13.875, 2.625], "texture": "#2"},
				"east": {"uv": [4.5, 14, 4.75, 14.375], "texture": "#2"},
				"south": {"uv": [3.75, 13.5, 4.125, 13.875], "texture": "#2"},
				"west": {"uv": [6.25, 14, 6.5, 14.375], "texture": "#2"},
				"up": {"uv": [7.875, 14.25, 7.5, 14], "texture": "#2"},
				"down": {"uv": [14.375, 7.5, 14, 7.75], "texture": "#2"}
			}
		},
		{
			"from": [6.1997, 22.57565, 7.95955],
			"to": [6.6397, 23.66315, 8.44955],
			"rotation": {"angle": 0, "axis": "y", "origin": [7.6172, 24.05565, 8.4408]},
			"faces": {
				"north": {"uv": [2.25, 13.75, 2.5, 14.25], "texture": "#2"},
				"east": {"uv": [13.75, 6.75, 14, 7.25], "texture": "#2"},
				"south": {"uv": [13.75, 8.25, 14, 8.75], "texture": "#2"},
				"west": {"uv": [8.5, 13.75, 8.75, 14.25], "texture": "#2"},
				"up": {"uv": [12.75, 14.25, 12.5, 14], "texture": "#2"},
				"down": {"uv": [14.25, 12.75, 14, 13], "texture": "#2"}
			}
		},
		{
			"from": [8.7572, 23.75565, 7.02955],
			"to": [9.6147, 24.21065, 7.46705],
			"rotation": {"angle": 0, "axis": "y", "origin": [7.6172, 24.05565, 8.4408]},
			"faces": {
				"north": {"uv": [14, 7.75, 14.375, 8], "texture": "#2"},
				"east": {"uv": [14, 13, 14.25, 13.25], "texture": "#2"},
				"south": {"uv": [8, 14, 8.375, 14.25], "texture": "#2"},
				"west": {"uv": [14, 13.25, 14.25, 13.5], "texture": "#2"},
				"up": {"uv": [14.375, 8.25, 14, 8], "texture": "#2"},
				"down": {"uv": [14.375, 8.25, 14, 8.5], "texture": "#2"}
			}
		},
		{
			"from": [9.4072, 24.25565, 9.02955],
			"to": [9.8647, 24.71065, 9.46705],
			"rotation": {"angle": 0, "axis": "y", "origin": [7.6172, 24.05565, 8.4408]},
			"faces": {
				"north": {"uv": [14, 13.5, 14.25, 13.75], "texture": "#2"},
				"east": {"uv": [13.75, 14, 14, 14.25], "texture": "#2"},
				"south": {"uv": [14, 13.75, 14.25, 14], "texture": "#2"},
				"west": {"uv": [14, 14, 14.25, 14.25], "texture": "#2"},
				"up": {"uv": [14.5, 0.25, 14.25, 0], "texture": "#2"},
				"down": {"uv": [14.5, 0.25, 14.25, 0.5], "texture": "#2"}
			}
		},
		{
			"from": [9.8572, 23.60565, 8.37955],
			"to": [10.3147, 24.06065, 8.81705],
			"rotation": {"angle": 0, "axis": "y", "origin": [7.6172, 24.05565, 8.4408]},
			"faces": {
				"north": {"uv": [14.25, 0.75, 14.5, 1], "texture": "#2"},
				"east": {"uv": [14.25, 1, 14.5, 1.25], "texture": "#2"},
				"south": {"uv": [1.25, 14.25, 1.5, 14.5], "texture": "#2"},
				"west": {"uv": [14.25, 1.75, 14.5, 2], "texture": "#2"},
				"up": {"uv": [14.5, 2.25, 14.25, 2], "texture": "#2"},
				"down": {"uv": [2.5, 14.25, 2.25, 14.5], "texture": "#2"}
			}
		},
		{
			"from": [5.31802, 21.1633, 4.5],
			"to": [10.56802, 21.6633, 11.5],
			"rotation": {"angle": -45, "axis": "z", "origin": [7.81802, 18.6633, 5.5]},
			"faces": {
				"north": {"uv": [14.125, 6, 11.5, 6.25], "texture": "#2"},
				"east": {"uv": [15, 5.75, 11.5, 6], "texture": "#2"},
				"south": {"uv": [14.125, 10.75, 11.5, 11], "texture": "#2"},
				"west": {"uv": [15, 5.5, 11.5, 5.75], "texture": "#2"},
				"up": {"uv": [3.5, 3.5, 6.125, 0], "texture": "#2"},
				"down": {"uv": [3.5, 3.5, 6.125, 7], "texture": "#2"}
			}
		},
		{
			"from": [11.83388, 17.84007, 4.5],
			"to": [11.88388, 18.84007, 11.5],
			"rotation": {"angle": 0, "axis": "y", "origin": [2.38388, 10.84007, 4.5]},
			"faces": {
				"north": {"uv": [14.375, 2.25, 14.25, 2.75], "texture": "#2"},
				"east": {"uv": [11, 10.25, 7.5, 10.75], "texture": "#2"},
				"south": {"uv": [14.375, 2.75, 14.25, 3.25], "texture": "#2"},
				"west": {"uv": [12.75, 7.75, 9.25, 8.25], "texture": "#2"},
				"up": {"uv": [7, 16, 7.125, 12.5], "texture": "#2"},
				"down": {"uv": [7.25, 12.5, 7.375, 16], "texture": "#2"}
			}
		},
		{
			"from": [5.43198, 21.1633, 4.5],
			"to": [10.68198, 21.6633, 11.5],
			"rotation": {"angle": 45, "axis": "z", "origin": [8.18198, 18.6633, 5.5]},
			"faces": {
				"north": {"uv": [11.5, 6, 14.125, 6.25], "texture": "#2"},
				"east": {"uv": [11.5, 5.5, 15, 5.75], "texture": "#2"},
				"south": {"uv": [11.5, 10.75, 14.125, 11], "texture": "#2"},
				"west": {"uv": [11.5, 5.75, 15, 6], "texture": "#2"},
				"up": {"uv": [6.125, 3.5, 3.5, 0], "texture": "#2"},
				"down": {"uv": [6.125, 3.5, 3.5, 7], "texture": "#2"}
			}
		},
		{
			"from": [4.11612, 17.84007, 4.5],
			"to": [4.16612, 18.84007, 11.5],
			"rotation": {"angle": 0, "axis": "y", "origin": [13.61612, 10.84007, 4.5]},
			"faces": {
				"north": {"uv": [14.25, 2.25, 14.375, 2.75], "texture": "#2"},
				"east": {"uv": [9.25, 7.75, 12.75, 8.25], "texture": "#2"},
				"south": {"uv": [14.25, 2.75, 14.375, 3.25], "texture": "#2"},
				"west": {"uv": [7.5, 10.25, 11, 10.75], "texture": "#2"},
				"up": {"uv": [7.125, 16, 7, 12.5], "texture": "#2"},
				"down": {"uv": [7.375, 12.5, 7.25, 16], "texture": "#2"}
			}
		},
		{
			"from": [5.67997, 19.74424, 5],
			"to": [6.17997, 24.74424, 6.25],
			"rotation": {"angle": -45, "axis": "z", "origin": [4.52997, 21.24424, 5]},
			"faces": {
				"north": {"uv": [10.5, 11.75, 10.75, 14.25], "texture": "#2"},
				"east": {"uv": [8.5, 10.75, 9.125, 13.25], "texture": "#2"},
				"south": {"uv": [10.75, 11.75, 11, 14.25], "texture": "#2"},
				"west": {"uv": [9.25, 10.75, 9.875, 13.25], "texture": "#2"},
				"up": {"uv": [3.5, 14.125, 3.25, 13.5], "texture": "#2"},
				"down": {"uv": [3.75, 13.5, 3.5, 14.125], "texture": "#2"}
			}
		},
		{
			"from": [9.82003, 19.74424, 5],
			"to": [10.32003, 24.74424, 6.25],
			"rotation": {"angle": 45, "axis": "z", "origin": [11.47003, 21.24424, 5]},
			"faces": {
				"north": {"uv": [10.75, 11.75, 10.5, 14.25], "texture": "#2"},
				"east": {"uv": [9.875, 10.75, 9.25, 13.25], "texture": "#2"},
				"south": {"uv": [11, 11.75, 10.75, 14.25], "texture": "#2"},
				"west": {"uv": [9.125, 10.75, 8.5, 13.25], "texture": "#2"},
				"up": {"uv": [3.25, 14.125, 3.5, 13.5], "texture": "#2"},
				"down": {"uv": [3.5, 13.5, 3.75, 14.125], "texture": "#2"}
			}
		},
		{
			"from": [9.82003, 19.74424, 9.75],
			"to": [10.32003, 24.74424, 11],
			"rotation": {"angle": 45, "axis": "z", "origin": [11.47003, 21.24424, 11]},
			"faces": {
				"north": {"uv": [10.75, 11.75, 11, 14.25], "texture": "#2"},
				"east": {"uv": [9.25, 10.75, 9.875, 13.25], "texture": "#2"},
				"south": {"uv": [10.5, 11.75, 10.75, 14.25], "texture": "#2"},
				"west": {"uv": [8.5, 10.75, 9.125, 13.25], "texture": "#2"},
				"up": {"uv": [3.25, 13.5, 3.5, 14.125], "texture": "#2"},
				"down": {"uv": [3.5, 14.125, 3.75, 13.5], "texture": "#2"}
			}
		},
		{
			"from": [5.67997, 19.74424, 9.75],
			"to": [6.17997, 24.74424, 11],
			"rotation": {"angle": -45, "axis": "z", "origin": [4.52997, 21.24424, 11]},
			"faces": {
				"north": {"uv": [11, 11.75, 10.75, 14.25], "texture": "#2"},
				"east": {"uv": [9.125, 10.75, 8.5, 13.25], "texture": "#2"},
				"south": {"uv": [10.75, 11.75, 10.5, 14.25], "texture": "#2"},
				"west": {"uv": [9.875, 10.75, 9.25, 13.25], "texture": "#2"},
				"up": {"uv": [3.5, 13.5, 3.25, 14.125], "texture": "#2"},
				"down": {"uv": [3.75, 14.125, 3.5, 13.5], "texture": "#2"}
			}
		},
		{
			"from": [6.5, 13.3, 6.5],
			"to": [9.5, 15.3, 9.5],
			"rotation": {"angle": 0, "axis": "y", "origin": [7, 0, 7]},
			"faces": {
				"north": {"uv": [12.5, 3, 13.25, 3.5], "texture": "#2"},
				"east": {"uv": [12.5, 3.5, 13.25, 4], "texture": "#2"},
				"south": {"uv": [12.5, 6.25, 13.25, 6.75], "texture": "#2"},
				"west": {"uv": [12.5, 6.75, 13.25, 7.25], "texture": "#2"},
				"up": {"uv": [0.75, 13, 0, 12.25], "texture": "#2"},
				"down": {"uv": [13, 0, 12.25, 0.75], "texture": "#2"}
			}
		},
		{
			"from": [3.3, 15.9, 7.25],
			"to": [15.9, 18.7, 8.75],
			"rotation": {"angle": 0, "axis": "y", "origin": [7, 0, 6.95]},
			"faces": {
				"north": {"uv": [9.25, 6.25, 12.375, 7], "texture": "#2"},
				"east": {"uv": [11, 12.75, 11.375, 13.5], "texture": "#2"},
				"south": {"uv": [9.25, 7, 12.375, 7.75], "texture": "#2"},
				"west": {"uv": [12.75, 11, 13.125, 11.75], "texture": "#2"},
				"up": {"uv": [14.125, 10.625, 11, 10.25], "texture": "#2"},
				"down": {"uv": [14.625, 4, 11.5, 4.375], "texture": "#2"}
			}
		},
		{
			"from": [12.4, 14.7, 7.55],
			"to": [18.4, 18.6, 8.45],
			"rotation": {"angle": 0, "axis": "y", "origin": [8, 0, 6.95]},
			"faces": {
				"north": {"uv": [10.5, 8.25, 12, 9.25], "texture": "#2"},
				"east": {"uv": [6, 7, 6.25, 8], "texture": "#2"},
				"south": {"uv": [10.5, 9.25, 12, 10.25], "texture": "#2"},
				"west": {"uv": [12.5, 13, 12.75, 14], "texture": "#2"},
				"up": {"uv": [14, 7.5, 12.5, 7.25], "texture": "#2"},
				"down": {"uv": [14, 7.5, 12.5, 7.75], "texture": "#2"}
			}
		},
		{
			"from": [13.9, 18.6, 7.55],
			"to": [18.4, 20.5, 8.45],
			"rotation": {"angle": 0, "axis": "y", "origin": [8, 0, 6.95]},
			"faces": {
				"north": {"uv": [12.25, 0.75, 13.375, 1.25], "texture": "#2"},
				"east": {"uv": [8.75, 13.75, 9, 14.25], "texture": "#2"},
				"south": {"uv": [12.25, 1.25, 13.375, 1.75], "texture": "#2"},
				"west": {"uv": [13.75, 8.75, 14, 9.25], "texture": "#2"},
				"up": {"uv": [13.875, 12, 12.75, 11.75], "texture": "#2"},
				"down": {"uv": [13.875, 12, 12.75, 12.25], "texture": "#2"}
			}
		},
		{
			"from": [12.30398, 17.11048, 7.6],
			"to": [15.30398, 19.01048, 8.4],
			"rotation": {"angle": 45, "axis": "z", "origin": [12.80398, 18.06048, 7.95]},
			"faces": {
				"north": {"uv": [12, 12.5, 12.75, 13], "texture": "#2"},
				"east": {"uv": [9, 13.75, 9.25, 14.25], "texture": "#2"},
				"south": {"uv": [12.75, 7.75, 13.5, 8.25], "texture": "#2"},
				"west": {"uv": [9.25, 13.75, 9.5, 14.25], "texture": "#2"},
				"up": {"uv": [14.25, 2, 13.5, 1.75], "texture": "#2"},
				"down": {"uv": [14.25, 2, 13.5, 2.25], "texture": "#2"}
			}
		},
		{
			"from": [11.36447, 13.9, 7.85],
			"to": [17.36447, 17.2, 8.15],
			"rotation": {"angle": -45, "axis": "z", "origin": [14.86447, 14.7, 7.8]},
			"faces": {
				"north": {"uv": [10, 10.75, 11.5, 11.625], "texture": "#2"},
				"east": {"uv": [13.75, 9.25, 13.875, 10.125], "texture": "#2"},
				"south": {"uv": [0, 11.25, 1.5, 12.125], "texture": "#2"},
				"west": {"uv": [9.5, 13.75, 9.625, 14.625], "texture": "#2"},
				"up": {"uv": [15, 1.375, 13.5, 1.25], "texture": "#2"},
				"down": {"uv": [15, 1.5, 13.5, 1.625], "texture": "#2"}
			}
		},
		{
			"from": [17.36447, 13.9, 7.95],
			"to": [17.86447, 17.4, 8.05],
			"rotation": {"angle": -45, "axis": "z", "origin": [14.86447, 14.7, 7.8]},
			"faces": {
				"north": {"uv": [9.75, 13.75, 9.875, 14.625], "texture": "#2"},
				"east": {"uv": [10, 13.75, 10.125, 14.625], "texture": "#2"},
				"south": {"uv": [10.25, 13.75, 10.375, 14.625], "texture": "#2"},
				"west": {"uv": [11, 13.75, 11.125, 14.625], "texture": "#2"},
				"up": {"uv": [9.125, 14.375, 9, 14.25], "texture": "#2"},
				"down": {"uv": [9.375, 14.25, 9.25, 14.375], "texture": "#2"}
			}
		},
		{
			"from": [18.39497, 14.48787, 7.95],
			"to": [18.89497, 20.58787, 8.05],
			"rotation": {"angle": 0, "axis": "y", "origin": [18.64497, 16.13787, 8]},
			"faces": {
				"north": {"uv": [1, 13.25, 1.125, 14.75], "texture": "#2"},
				"east": {"uv": [0, 13.5, 0.125, 15], "texture": "#2"},
				"south": {"uv": [0.25, 13.5, 0.375, 15], "texture": "#2"},
				"west": {"uv": [3, 13.5, 3.125, 15], "texture": "#2"},
				"up": {"uv": [14.375, 9.625, 14.25, 9.5], "texture": "#2"},
				"down": {"uv": [14.375, 9.75, 14.25, 9.875], "texture": "#2"}
			}
		},
		{
			"from": [1.9, 14.8, 7.25],
			"to": [3.3, 19.8, 8.75],
			"rotation": {"angle": 0, "axis": "y", "origin": [7, 0, 6.95]},
			"faces": {
				"north": {"uv": [12.5, 1.75, 12.875, 3], "texture": "#2"},
				"east": {"uv": [5, 12.5, 5.375, 13.75], "texture": "#2"},
				"south": {"uv": [5.5, 12.5, 5.875, 13.75], "texture": "#2"},
				"west": {"uv": [6, 12.5, 6.375, 13.75], "texture": "#2"},
				"up": {"uv": [4.625, 13.875, 4.25, 13.5], "texture": "#2"},
				"down": {"uv": [13.875, 7.75, 13.5, 8.125], "texture": "#2"}
			}
		},
		{
			"from": [0.5, 13.8, 7.45],
			"to": [1.9, 20.8, 8.55],
			"rotation": {"angle": 0, "axis": "y", "origin": [7, 0, 6.95]},
			"faces": {
				"north": {"uv": [11.5, 11, 11.875, 12.75], "texture": "#2"},
				"east": {"uv": [6.5, 12.5, 6.75, 14.25], "texture": "#2"},
				"south": {"uv": [10, 11.75, 10.375, 13.5], "texture": "#2"},
				"west": {"uv": [6.75, 12.5, 7, 14.25], "texture": "#2"},
				"up": {"uv": [14.375, 8.75, 14, 8.5], "texture": "#2"},
				"down": {"uv": [14.375, 8.75, 14, 9], "texture": "#2"}
			}
		},
		{
			"from": [16.1, 11.4, 7.975],
			"to": [17.1, 13.4, 8.025],
			"rotation": {"angle": 0, "axis": "y", "origin": [0, 0, -0.95]},
			"faces": {
				"north": {"uv": [14.25, 12.75, 14.5, 13.25], "texture": "#2"},
				"east": {"uv": [14.25, 14.25, 14.375, 14.75], "texture": "#2"},
				"south": {"uv": [14.25, 13.25, 14.5, 13.75], "texture": "#2"},
				"west": {"uv": [14.5, 0, 14.625, 0.5], "texture": "#2"},
				"up": {"uv": [14.75, 2.125, 14.5, 2], "texture": "#2"},
				"down": {"uv": [2.5, 14.5, 2.25, 14.625], "texture": "#2"}
			}
		},
		{
			"from": [15.1, 10.7, 7.975],
			"to": [16.1, 13.4, 8.025],
			"rotation": {"angle": 0, "axis": "y", "origin": [0, 0, -0.95]},
			"faces": {
				"north": {"uv": [10.75, 14.25, 11, 14.875], "texture": "#2"},
				"east": {"uv": [13.5, 14.25, 13.625, 14.875], "texture": "#2"},
				"south": {"uv": [11.25, 14.25, 11.5, 14.875], "texture": "#2"},
				"west": {"uv": [13.75, 14.25, 13.875, 14.875], "texture": "#2"},
				"up": {"uv": [14.75, 2.375, 14.5, 2.25], "texture": "#2"},
				"down": {"uv": [2.75, 14.5, 2.5, 14.625], "texture": "#2"}
			}
		},
		{
			"from": [2.3, 13.1, 7.975],
			"to": [3.3, 15.8, 8.025],
			"rotation": {"angle": 0, "axis": "y", "origin": [0, 0, -0.95]},
			"faces": {
				"north": {"uv": [10.75, 14.25, 11, 14.875], "texture": "#2"},
				"east": {"uv": [13.5, 14.25, 13.625, 14.875], "texture": "#2"},
				"south": {"uv": [11.25, 14.25, 11.5, 14.875], "texture": "#2"},
				"west": {"uv": [13.75, 14.25, 13.875, 14.875], "texture": "#2"},
				"up": {"uv": [14.75, 2.375, 14.5, 2.25], "texture": "#2"},
				"down": {"uv": [2.75, 14.5, 2.5, 14.625], "texture": "#2"}
			}
		},
		{
			"from": [17.1, 12.1, 7.975],
			"to": [18.1, 14.1, 8.025],
			"rotation": {"angle": 0, "axis": "y", "origin": [0, 0, -0.95]},
			"faces": {
				"north": {"uv": [14.25, 11.75, 14.5, 12.25], "texture": "#2"},
				"east": {"uv": [14.25, 13.75, 14.375, 14.25], "texture": "#2"},
				"south": {"uv": [12.5, 14.25, 12.75, 14.75], "texture": "#2"},
				"west": {"uv": [14, 14.25, 14.125, 14.75], "texture": "#2"},
				"up": {"uv": [1.5, 14.625, 1.25, 14.5], "texture": "#2"},
				"down": {"uv": [14.75, 1.75, 14.5, 1.875], "texture": "#2"}
			}
		},
		{
			"from": [18.1, 13.1, 7.975],
			"to": [19.1, 16.9, 8.025],
			"rotation": {"angle": 0, "axis": "y", "origin": [0, 0, -0.95]},
			"faces": {
				"north": {"uv": [14.25, 10, 14.5, 11], "texture": "#2"},
				"east": {"uv": [11.5, 14.25, 11.625, 15.25], "texture": "#2"},
				"south": {"uv": [10.5, 14.25, 10.75, 15.25], "texture": "#2"},
				"west": {"uv": [11.75, 14.25, 11.875, 15.25], "texture": "#2"},
				"up": {"uv": [14.75, 0.875, 14.5, 0.75], "texture": "#2"},
				"down": {"uv": [14.75, 1, 14.5, 1.125], "texture": "#2"}
			}
		},
		{
			"from": [1.1, 13.1, 7.975],
			"to": [2.1, 16.9, 8.025],
			"rotation": {"angle": 0, "axis": "y", "origin": [0, 0, -0.95]},
			"faces": {
				"north": {"uv": [14.25, 10, 14.5, 11], "texture": "#2"},
				"east": {"uv": [11.5, 14.25, 11.625, 15.25], "texture": "#2"},
				"south": {"uv": [10.5, 14.25, 10.75, 15.25], "texture": "#2"},
				"west": {"uv": [11.75, 14.25, 11.875, 15.25], "texture": "#2"},
				"up": {"uv": [14.75, 0.875, 14.5, 0.75], "texture": "#2"},
				"down": {"uv": [14.75, 1, 14.5, 1.125], "texture": "#2"}
			}
		},
		{
			"from": [0, 13.4, 7.975],
			"to": [1, 17.2, 8.025],
			"rotation": {"angle": 0, "axis": "y", "origin": [15.4, 15, 8]},
			"faces": {
				"north": {"uv": [14.5, 10, 14.25, 11], "texture": "#2"},
				"east": {"uv": [11.875, 14.25, 11.75, 15.25], "texture": "#2"},
				"south": {"uv": [10.75, 14.25, 10.5, 15.25], "texture": "#2"},
				"west": {"uv": [11.625, 14.25, 11.5, 15.25], "texture": "#2"},
				"up": {"uv": [14.5, 0.875, 14.75, 0.75], "texture": "#2"},
				"down": {"uv": [14.5, 1, 14.75, 1.125], "texture": "#2"}
			}
		}
	],
	"display": {
		"thirdperson_righthand": {
			"rotation": [0, 90, 0],
			"translation": [0, -0.25, 1],
			"scale": [0.75, 0.75, 0.75]
		},
		"thirdperson_lefthand": {
			"rotation": [0, -90, 0],
			"translation": [0, 0.25, 1],
			"scale": [0.75, 0.75, 0.75]
		},
		"firstperson_righthand": {
			"rotation": [-180, 84, -180],
			"translation": [4.75, -2.5, -5],
			"scale": [0.75, 0.75, 0.75]
		},
		"firstperson_lefthand": {
			"rotation": [0, -90, 0],
			"translation": [4.75, -2.5, -5],
			"scale": [0.75, 0.75, 0.75]
		},
		"ground": {
			"translation": [0, 6, 0]
		},
		"gui": {
			"rotation": [0, -180, 45],
			"translation": [-3.25, -3.5, 0],
			"scale": [0.71, 0.71, 0.71]
		}
	},
	"groups": [
		0,
		1,
		{
			"name": "House",
			"origin": [1.05995, 10.73847, 14],
			"color": 0,
			"children": [
				2,
				3,
				4,
				5,
				6,
				7,
				8,
				9,
				10,
				11,
				12,
				13,
				14,
				15,
				16,
				17,
				18,
				19,
				20,
				21,
				22,
				23,
				24,
				25,
				26,
				27,
				28,
				29,
				30,
				31,
				32,
				33,
				34,
				35,
				36,
				37,
				38,
				39,
				40,
				41,
				42,
				43,
				44,
				45,
				46,
				47,
				48,
				49,
				50
			]
		},
		51,
		52,
		53,
		54,
		55,
		56,
		57,
		58,
		59,
		60,
		61,
		62,
		63,
		64,
		65,
		66,
		67
	]
}