{
	"credit": "Made by ChainArts",
	"texture_size": [64, 64],
	"textures": {
		"1": "item/omnitool/ice_cone"
	},
	"elements": [
		{
			"from": [7.375, 8.1875, 7.375],
			"to": [8.625, 9.4375, 8.625],
			"rotation": {"angle": 0, "axis": "x", "origin": [8, 11.25, 8]},
			"faces": {
				"north": {"uv": [4.5, 1.5, 4.8125, 1.8125], "texture": "#1"},
				"east": {"uv": [4.5, 2, 4.8125, 2.3125], "texture": "#1"},
				"south": {"uv": [2.25, 4.5, 2.5625, 4.8125], "texture": "#1"},
				"west": {"uv": [2.75, 4.5, 3.0625, 4.8125], "texture": "#1"},
				"up": {"uv": [3.5625, 4.8125, 3.25, 4.5], "texture": "#1"},
				"down": {"uv": [4.8125, 3.25, 4.5, 3.5625], "texture": "#1"}
			}
		},
		{
			"from": [7.125, 9.4375, 7.125],
			"to": [8.875, 9.9375, 8.875],
			"rotation": {"angle": 0, "axis": "x", "origin": [8, 11.25, 8]},
			"faces": {
				"north": {"uv": [2, 6.5, 2.4375, 6.625], "texture": "#1"},
				"east": {"uv": [2.5, 6.5, 2.9375, 6.625], "texture": "#1"},
				"south": {"uv": [6.5, 2.5, 6.9375, 2.625], "texture": "#1"},
				"west": {"uv": [6.5, 2.75, 6.9375, 2.875], "texture": "#1"},
				"up": {"uv": [2.6875, 3.1875, 2.25, 2.75], "texture": "#1"},
				"down": {"uv": [3.1875, 2.75, 2.75, 3.1875], "texture": "#1"}
			}
		},
		{
			"from": [6.875, 9.9375, 6.875],
			"to": [9.125, 10.4375, 9.125],
			"rotation": {"angle": 0, "axis": "x", "origin": [8, 11.25, 8]},
			"faces": {
				"north": {"uv": [0.75, 5.5, 1.3125, 5.625], "texture": "#1"},
				"east": {"uv": [5.5, 1, 6.0625, 1.125], "texture": "#1"},
				"south": {"uv": [5.5, 1.25, 6.0625, 1.375], "texture": "#1"},
				"west": {"uv": [1.5, 5.5, 2.0625, 5.625], "texture": "#1"},
				"up": {"uv": [1.3125, 2.0625, 0.75, 1.5], "texture": "#1"},
				"down": {"uv": [2.0625, 0.75, 1.5, 1.3125], "texture": "#1"}
			}
		},
		{
			"from": [6.625, 10.4375, 6.625],
			"to": [9.375, 11.1875, 9.375],
			"rotation": {"angle": 0, "axis": "x", "origin": [8, 11.25, 8]},
			"faces": {
				"north": {"uv": [3.25, 3, 3.9375, 3.1875], "texture": "#1"},
				"east": {"uv": [3.5, 1, 4.1875, 1.1875], "texture": "#1"},
				"south": {"uv": [3.5, 1.25, 4.1875, 1.4375], "texture": "#1"},
				"west": {"uv": [1, 3.75, 1.6875, 3.9375], "texture": "#1"},
				"up": {"uv": [0.6875, 0.6875, 0, 0], "texture": "#1"},
				"down": {"uv": [0.6875, 0.75, 0, 1.4375], "texture": "#1"}
			}
		},
		{
			"from": [7.625, 7.6875, 7.625],
			"to": [8.375, 8.1875, 8.375],
			"rotation": {"angle": 0, "axis": "x", "origin": [8, 11.25, 8]},
			"faces": {
				"north": {"uv": [7.25, 0.5, 7.4375, 0.625], "texture": "#1"},
				"east": {"uv": [7.25, 0.75, 7.4375, 0.875], "texture": "#1"},
				"south": {"uv": [7.25, 1, 7.4375, 1.125], "texture": "#1"},
				"west": {"uv": [7.25, 1.25, 7.4375, 1.375], "texture": "#1"},
				"up": {"uv": [5.1875, 5.9375, 5, 5.75], "texture": "#1"},
				"down": {"uv": [0.4375, 6.75, 0.25, 6.9375], "texture": "#1"}
			}
		},
		{
			"from": [6.625, 11.1875, 7.375],
			"to": [9.375, 11.9375, 8.625],
			"rotation": {"angle": 0, "axis": "x", "origin": [8, 11.25, 8]},
			"faces": {
				"north": {"uv": [3.75, 1.5, 4.4375, 1.6875], "texture": "#1"},
				"east": {"uv": [5.75, 3.75, 6.0625, 3.9375], "texture": "#1"},
				"south": {"uv": [1.75, 3.75, 2.4375, 3.9375], "texture": "#1"},
				"west": {"uv": [4, 5.75, 4.3125, 5.9375], "texture": "#1"},
				"up": {"uv": [2.9375, 1.0625, 2.25, 0.75], "texture": "#1"},
				"down": {"uv": [2.9375, 1.25, 2.25, 1.5625], "texture": "#1"}
			}
		},
		{
			"from": [6.875, 11.9375, 7.375],
			"to": [9.125, 12.6875, 8.625],
			"rotation": {"angle": 0, "axis": "x", "origin": [8, 11.25, 8]},
			"faces": {
				"north": {"uv": [4, 3, 4.5625, 3.1875], "texture": "#1"},
				"east": {"uv": [5.5, 5.75, 5.8125, 5.9375], "texture": "#1"},
				"south": {"uv": [3.25, 4, 3.8125, 4.1875], "texture": "#1"},
				"west": {"uv": [0.75, 6, 1.0625, 6.1875], "texture": "#1"},
				"up": {"uv": [3.5625, 1.8125, 3, 1.5], "texture": "#1"},
				"down": {"uv": [3.5625, 2, 3, 2.3125], "texture": "#1"}
			}
		},
		{
			"from": [7.125, 12.6875, 7.625],
			"to": [8.875, 13.4375, 8.375],
			"rotation": {"angle": 0, "axis": "x", "origin": [8, 11.25, 8]},
			"faces": {
				"north": {"uv": [3.5, 5, 3.9375, 5.1875], "texture": "#1"},
				"east": {"uv": [0.5, 6.75, 0.6875, 6.9375], "texture": "#1"},
				"south": {"uv": [5, 3.5, 5.4375, 3.6875], "texture": "#1"},
				"west": {"uv": [0.75, 6.75, 0.9375, 6.9375], "texture": "#1"},
				"up": {"uv": [4.4375, 5.1875, 4, 5], "texture": "#1"},
				"down": {"uv": [0.4375, 5.25, 0, 5.4375], "texture": "#1"}
			}
		},
		{
			"from": [7.375, 12.6875, 8.375],
			"to": [8.625, 13.4375, 8.625],
			"rotation": {"angle": 0, "axis": "x", "origin": [8, 11.25, 8]},
			"faces": {
				"north": {"uv": [3.75, 6, 4.0625, 6.1875], "texture": "#1"},
				"east": {"uv": [5.25, 8, 5.3125, 8.1875], "texture": "#1"},
				"south": {"uv": [4.25, 6, 4.5625, 6.1875], "texture": "#1"},
				"west": {"uv": [8, 5.25, 8.0625, 5.4375], "texture": "#1"},
				"up": {"uv": [7.8125, 3.8125, 7.5, 3.75], "texture": "#1"},
				"down": {"uv": [4.3125, 7.5, 4, 7.5625], "texture": "#1"}
			}
		},
		{
			"from": [7.625, 12.6875, 8.625],
			"to": [8.375, 13.4375, 8.875],
			"rotation": {"angle": 0, "axis": "x", "origin": [8, 11.25, 8]},
			"faces": {
				"north": {"uv": [1.5, 6.75, 1.6875, 6.9375], "texture": "#1"},
				"east": {"uv": [5.75, 8, 5.8125, 8.1875], "texture": "#1"},
				"south": {"uv": [6.75, 1.5, 6.9375, 1.6875], "texture": "#1"},
				"west": {"uv": [8, 5.75, 8.0625, 5.9375], "texture": "#1"},
				"up": {"uv": [8.1875, 6.0625, 8, 6], "texture": "#1"},
				"down": {"uv": [8.1875, 6.25, 8, 6.3125], "texture": "#1"}
			}
		},
		{
			"from": [7.625, 12.6875, 7.125],
			"to": [8.375, 13.4375, 7.375],
			"rotation": {"angle": 0, "axis": "x", "origin": [8, 11.25, 8]},
			"faces": {
				"north": {"uv": [1.75, 6.75, 1.9375, 6.9375], "texture": "#1"},
				"east": {"uv": [6.5, 8, 6.5625, 8.1875], "texture": "#1"},
				"south": {"uv": [6.75, 1.75, 6.9375, 1.9375], "texture": "#1"},
				"west": {"uv": [8, 6.5, 8.0625, 6.6875], "texture": "#1"},
				"up": {"uv": [6.9375, 8.0625, 6.75, 8], "texture": "#1"},
				"down": {"uv": [8.1875, 6.75, 8, 6.8125], "texture": "#1"}
			}
		},
		{
			"from": [7.375, 12.6875, 7.375],
			"to": [8.625, 13.4375, 7.625],
			"rotation": {"angle": 0, "axis": "x", "origin": [8, 11.25, 8]},
			"faces": {
				"north": {"uv": [4.75, 6, 5.0625, 6.1875], "texture": "#1"},
				"east": {"uv": [5.5, 8, 5.5625, 8.1875], "texture": "#1"},
				"south": {"uv": [5.25, 6, 5.5625, 6.1875], "texture": "#1"},
				"west": {"uv": [8, 5.5, 8.0625, 5.6875], "texture": "#1"},
				"up": {"uv": [7.8125, 4.0625, 7.5, 4], "texture": "#1"},
				"down": {"uv": [7.8125, 4.25, 7.5, 4.3125], "texture": "#1"}
			}
		},
		{
			"from": [7.375, 13.4375, 7.625],
			"to": [8.625, 14.1875, 8.375],
			"rotation": {"angle": 0, "axis": "x", "origin": [8, 11.25, 8]},
			"faces": {
				"north": {"uv": [2.75, 6, 3.0625, 6.1875], "texture": "#1"},
				"east": {"uv": [1, 6.75, 1.1875, 6.9375], "texture": "#1"},
				"south": {"uv": [6, 2.75, 6.3125, 2.9375], "texture": "#1"},
				"west": {"uv": [6.75, 1, 6.9375, 1.1875], "texture": "#1"},
				"up": {"uv": [6.3125, 3.1875, 6, 3], "texture": "#1"},
				"down": {"uv": [3.5625, 6, 3.25, 6.1875], "texture": "#1"}
			}
		},
		{
			"from": [7.625, 13.4375, 8.375],
			"to": [8.375, 14.1875, 8.625],
			"rotation": {"angle": 0, "axis": "x", "origin": [8, 11.25, 8]},
			"faces": {
				"north": {"uv": [2, 6.75, 2.1875, 6.9375], "texture": "#1"},
				"east": {"uv": [7, 8, 7.0625, 8.1875], "texture": "#1"},
				"south": {"uv": [6.75, 2, 6.9375, 2.1875], "texture": "#1"},
				"west": {"uv": [8, 7, 8.0625, 7.1875], "texture": "#1"},
				"up": {"uv": [7.4375, 8.0625, 7.25, 8], "texture": "#1"},
				"down": {"uv": [8.1875, 7.5, 8, 7.5625], "texture": "#1"}
			}
		},
		{
			"from": [7.625, 13.4375, 7.375],
			"to": [8.375, 14.1875, 7.625],
			"rotation": {"angle": 0, "axis": "x", "origin": [8, 11.25, 8]},
			"faces": {
				"north": {"uv": [2.25, 6.75, 2.4375, 6.9375], "texture": "#1"},
				"east": {"uv": [8, 7.75, 8.0625, 7.9375], "texture": "#1"},
				"south": {"uv": [6.75, 2.25, 6.9375, 2.4375], "texture": "#1"},
				"west": {"uv": [8, 8, 8.0625, 8.1875], "texture": "#1"},
				"up": {"uv": [0.1875, 8.3125, 0, 8.25], "texture": "#1"},
				"down": {"uv": [8.4375, 0, 8.25, 0.0625], "texture": "#1"}
			}
		},
		{
			"from": [7.625, 14.1875, 7.625],
			"to": [8.375, 14.4375, 8.375],
			"rotation": {"angle": 0, "axis": "x", "origin": [8, 11.25, 8]},
			"faces": {
				"north": {"uv": [8, 4.5, 8.1875, 4.5625], "texture": "#1"},
				"east": {"uv": [8, 4.75, 8.1875, 4.8125], "texture": "#1"},
				"south": {"uv": [5, 8, 5.1875, 8.0625], "texture": "#1"},
				"west": {"uv": [8, 5, 8.1875, 5.0625], "texture": "#1"},
				"up": {"uv": [1.4375, 6.9375, 1.25, 6.75], "texture": "#1"},
				"down": {"uv": [6.9375, 1.25, 6.75, 1.4375], "texture": "#1"}
			}
		},
		{
			"from": [7.875, 14.4375, 7.875],
			"to": [8.125, 14.6875, 8.125],
			"rotation": {"angle": 0, "axis": "x", "origin": [8, 11.25, 8]},
			"faces": {
				"north": {"uv": [1.75, 8.5, 1.8125, 8.5625], "texture": "#1"},
				"east": {"uv": [8.5, 1.75, 8.5625, 1.8125], "texture": "#1"},
				"south": {"uv": [2, 8.5, 2.0625, 8.5625], "texture": "#1"},
				"west": {"uv": [8.5, 2, 8.5625, 2.0625], "texture": "#1"},
				"up": {"uv": [2.3125, 8.5625, 2.25, 8.5], "texture": "#1"},
				"down": {"uv": [8.5625, 2.25, 8.5, 2.3125], "texture": "#1"}
			}
		},
		{
			"from": [7.125, 11.9375, 8.625],
			"to": [8.875, 12.6875, 8.875],
			"rotation": {"angle": 0, "axis": "x", "origin": [8, 11.25, 8]},
			"faces": {
				"north": {"uv": [5, 2.25, 5.4375, 2.4375], "texture": "#1"},
				"east": {"uv": [3.5, 8, 3.5625, 8.1875], "texture": "#1"},
				"south": {"uv": [2.5, 5, 2.9375, 5.1875], "texture": "#1"},
				"west": {"uv": [8, 3.5, 8.0625, 3.6875], "texture": "#1"},
				"up": {"uv": [7.4375, 2.8125, 7, 2.75], "texture": "#1"},
				"down": {"uv": [3.4375, 7, 3, 7.0625], "texture": "#1"}
			}
		},
		{
			"from": [7.375, 11.9375, 8.875],
			"to": [8.625, 12.6875, 9.125],
			"rotation": {"angle": 0, "axis": "x", "origin": [8, 11.25, 8]},
			"faces": {
				"north": {"uv": [1.25, 6, 1.5625, 6.1875], "texture": "#1"},
				"east": {"uv": [4, 8, 4.0625, 8.1875], "texture": "#1"},
				"south": {"uv": [1.75, 6, 2.0625, 6.1875], "texture": "#1"},
				"west": {"uv": [8, 4, 8.0625, 4.1875], "texture": "#1"},
				"up": {"uv": [7.8125, 3.0625, 7.5, 3], "texture": "#1"},
				"down": {"uv": [7.8125, 3.25, 7.5, 3.3125], "texture": "#1"}
			}
		},
		{
			"from": [7.375, 11.9375, 6.875],
			"to": [8.625, 12.6875, 7.125],
			"rotation": {"angle": 0, "axis": "x", "origin": [8, 11.25, 8]},
			"faces": {
				"north": {"uv": [2.25, 6, 2.5625, 6.1875], "texture": "#1"},
				"east": {"uv": [4.25, 8, 4.3125, 8.1875], "texture": "#1"},
				"south": {"uv": [6, 2.5, 6.3125, 2.6875], "texture": "#1"},
				"west": {"uv": [8, 4.25, 8.0625, 4.4375], "texture": "#1"},
				"up": {"uv": [3.8125, 7.5625, 3.5, 7.5], "texture": "#1"},
				"down": {"uv": [7.8125, 3.5, 7.5, 3.5625], "texture": "#1"}
			}
		},
		{
			"from": [7.125, 11.9375, 7.125],
			"to": [8.875, 12.6875, 7.375],
			"rotation": {"angle": 0, "axis": "x", "origin": [8, 11.25, 8]},
			"faces": {
				"north": {"uv": [3, 5, 3.4375, 5.1875], "texture": "#1"},
				"east": {"uv": [3.75, 8, 3.8125, 8.1875], "texture": "#1"},
				"south": {"uv": [5, 3.25, 5.4375, 3.4375], "texture": "#1"},
				"west": {"uv": [8, 3.75, 8.0625, 3.9375], "texture": "#1"},
				"up": {"uv": [7.4375, 3.0625, 7, 3], "texture": "#1"},
				"down": {"uv": [7.4375, 3.25, 7, 3.3125], "texture": "#1"}
			}
		},
		{
			"from": [6.875, 11.1875, 8.625],
			"to": [9.125, 11.9375, 9.125],
			"rotation": {"angle": 0, "axis": "x", "origin": [8, 11.25, 8]},
			"faces": {
				"north": {"uv": [4, 0.75, 4.5625, 0.9375], "texture": "#1"},
				"east": {"uv": [7.25, 1.5, 7.375, 1.6875], "texture": "#1"},
				"south": {"uv": [2.5, 4, 3.0625, 4.1875], "texture": "#1"},
				"west": {"uv": [7.25, 1.75, 7.375, 1.9375], "texture": "#1"},
				"up": {"uv": [6.0625, 1.625, 5.5, 1.5], "texture": "#1"},
				"down": {"uv": [6.0625, 1.75, 5.5, 1.875], "texture": "#1"}
			}
		},
		{
			"from": [6.875, 11.1875, 6.875],
			"to": [9.125, 11.9375, 7.375],
			"rotation": {"angle": 0, "axis": "x", "origin": [8, 11.25, 8]},
			"faces": {
				"north": {"uv": [4, 2.5, 4.5625, 2.6875], "texture": "#1"},
				"east": {"uv": [7.25, 2, 7.375, 2.1875], "texture": "#1"},
				"south": {"uv": [4, 2.75, 4.5625, 2.9375], "texture": "#1"},
				"west": {"uv": [7.25, 2.25, 7.375, 2.4375], "texture": "#1"},
				"up": {"uv": [6.0625, 2.125, 5.5, 2], "texture": "#1"},
				"down": {"uv": [2.8125, 5.5, 2.25, 5.625], "texture": "#1"}
			}
		},
		{
			"from": [7.375, 11.1875, 9.125],
			"to": [8.625, 11.9375, 9.375],
			"rotation": {"angle": 0, "axis": "x", "origin": [8, 11.25, 8]},
			"faces": {
				"north": {"uv": [5.75, 4, 6.0625, 4.1875], "texture": "#1"},
				"east": {"uv": [2.75, 8, 2.8125, 8.1875], "texture": "#1"},
				"south": {"uv": [5.75, 4.25, 6.0625, 4.4375], "texture": "#1"},
				"west": {"uv": [8, 2.75, 8.0625, 2.9375], "texture": "#1"},
				"up": {"uv": [7.8125, 2.3125, 7.5, 2.25], "texture": "#1"},
				"down": {"uv": [7.8125, 2.5, 7.5, 2.5625], "texture": "#1"}
			}
		},
		{
			"from": [7.375, 11.1875, 6.625],
			"to": [8.625, 11.9375, 6.875],
			"rotation": {"angle": 0, "axis": "x", "origin": [8, 11.25, 8]},
			"faces": {
				"north": {"uv": [4.5, 5.75, 4.8125, 5.9375], "texture": "#1"},
				"east": {"uv": [8, 3, 8.0625, 3.1875], "texture": "#1"},
				"south": {"uv": [5.75, 4.5, 6.0625, 4.6875], "texture": "#1"},
				"west": {"uv": [8, 3.25, 8.0625, 3.4375], "texture": "#1"},
				"up": {"uv": [7.8125, 2.8125, 7.5, 2.75], "texture": "#1"},
				"down": {"uv": [3.3125, 7.5, 3, 7.5625], "texture": "#1"}
			}
		},
		{
			"from": [3.975, 7.3875, 7.375],
			"to": [5.225, 8.6375, 8.625],
			"rotation": {"angle": 45, "axis": "z", "origin": [4.6, 10.45, 8]},
			"faces": {
				"north": {"uv": [3.75, 4.5, 4.0625, 4.8125], "texture": "#1"},
				"east": {"uv": [4.25, 4.5, 4.5625, 4.8125], "texture": "#1"},
				"south": {"uv": [0, 4.75, 0.3125, 5.0625], "texture": "#1"},
				"west": {"uv": [4.75, 0, 5.0625, 0.3125], "texture": "#1"},
				"up": {"uv": [0.8125, 5.0625, 0.5, 4.75], "texture": "#1"},
				"down": {"uv": [5.0625, 0.5, 4.75, 0.8125], "texture": "#1"}
			}
		},
		{
			"from": [3.725, 8.6375, 7.125],
			"to": [5.475, 9.1375, 8.875],
			"rotation": {"angle": 45, "axis": "z", "origin": [4.6, 10.45, 8]},
			"faces": {
				"north": {"uv": [3, 6.5, 3.4375, 6.625], "texture": "#1"},
				"east": {"uv": [6.5, 3, 6.9375, 3.125], "texture": "#1"},
				"south": {"uv": [3.5, 6.5, 3.9375, 6.625], "texture": "#1"},
				"west": {"uv": [4, 6.5, 4.4375, 6.625], "texture": "#1"},
				"up": {"uv": [0.4375, 3.4375, 0, 3], "texture": "#1"},
				"down": {"uv": [3.4375, 0, 3, 0.4375], "texture": "#1"}
			}
		},
		{
			"from": [3.475, 9.1375, 6.875],
			"to": [5.725, 9.6375, 9.125],
			"rotation": {"angle": 45, "axis": "z", "origin": [4.6, 10.45, 8]},
			"faces": {
				"north": {"uv": [5.5, 2.25, 6.0625, 2.375], "texture": "#1"},
				"east": {"uv": [3, 5.5, 3.5625, 5.625], "texture": "#1"},
				"south": {"uv": [5.5, 3.25, 6.0625, 3.375], "texture": "#1"},
				"west": {"uv": [5.5, 3.5, 6.0625, 3.625], "texture": "#1"},
				"up": {"uv": [2.0625, 2.0625, 1.5, 1.5], "texture": "#1"},
				"down": {"uv": [0.5625, 2.25, 0, 2.8125], "texture": "#1"}
			}
		},
		{
			"from": [3.225, 9.6375, 6.625],
			"to": [5.975, 10.3875, 9.375],
			"rotation": {"angle": 45, "axis": "z", "origin": [4.6, 10.45, 8]},
			"faces": {
				"north": {"uv": [3.75, 1.75, 4.4375, 1.9375], "texture": "#1"},
				"east": {"uv": [3.75, 2, 4.4375, 2.1875], "texture": "#1"},
				"south": {"uv": [3.75, 2.25, 4.4375, 2.4375], "texture": "#1"},
				"west": {"uv": [2.5, 3.75, 3.1875, 3.9375], "texture": "#1"},
				"up": {"uv": [1.4375, 0.6875, 0.75, 0], "texture": "#1"},
				"down": {"uv": [1.4375, 0.75, 0.75, 1.4375], "texture": "#1"}
			}
		},
		{
			"from": [4.225, 6.8875, 7.625],
			"to": [4.975, 7.3875, 8.375],
			"rotation": {"angle": 45, "axis": "z", "origin": [4.6, 10.45, 8]},
			"faces": {
				"north": {"uv": [7.25, 2.5, 7.4375, 2.625], "texture": "#1"},
				"east": {"uv": [3, 7.25, 3.1875, 7.375], "texture": "#1"},
				"south": {"uv": [3.25, 7.25, 3.4375, 7.375], "texture": "#1"},
				"west": {"uv": [3.5, 7.25, 3.6875, 7.375], "texture": "#1"},
				"up": {"uv": [2.6875, 6.9375, 2.5, 6.75], "texture": "#1"},
				"down": {"uv": [2.9375, 6.75, 2.75, 6.9375], "texture": "#1"}
			}
		},
		{
			"from": [3.225, 10.3875, 7.375],
			"to": [5.975, 11.1375, 8.625],
			"rotation": {"angle": 45, "axis": "z", "origin": [4.6, 10.45, 8]},
			"faces": {
				"north": {"uv": [3.25, 3.75, 3.9375, 3.9375], "texture": "#1"},
				"east": {"uv": [5.75, 6, 6.0625, 6.1875], "texture": "#1"},
				"south": {"uv": [3.75, 3.25, 4.4375, 3.4375], "texture": "#1"},
				"west": {"uv": [6, 5.75, 6.3125, 5.9375], "texture": "#1"},
				"up": {"uv": [2.1875, 2.5625, 1.5, 2.25], "texture": "#1"},
				"down": {"uv": [2.9375, 1.75, 2.25, 2.0625], "texture": "#1"}
			}
		},
		{
			"from": [3.475, 11.1375, 7.375],
			"to": [5.725, 11.8875, 8.625],
			"rotation": {"angle": 45, "axis": "z", "origin": [4.6, 10.45, 8]},
			"faces": {
				"north": {"uv": [4, 3.75, 4.5625, 3.9375], "texture": "#1"},
				"east": {"uv": [0, 6.25, 0.3125, 6.4375], "texture": "#1"},
				"south": {"uv": [4, 4, 4.5625, 4.1875], "texture": "#1"},
				"west": {"uv": [0.5, 6.25, 0.8125, 6.4375], "texture": "#1"},
				"up": {"uv": [2.0625, 3.5625, 1.5, 3.25], "texture": "#1"},
				"down": {"uv": [2.8125, 3.25, 2.25, 3.5625], "texture": "#1"}
			}
		},
		{
			"from": [3.725, 11.8875, 7.625],
			"to": [5.475, 12.6375, 8.375],
			"rotation": {"angle": 45, "axis": "z", "origin": [4.6, 10.45, 8]},
			"faces": {
				"north": {"uv": [5.25, 0, 5.6875, 0.1875], "texture": "#1"},
				"east": {"uv": [3, 6.75, 3.1875, 6.9375], "texture": "#1"},
				"south": {"uv": [5.25, 0.25, 5.6875, 0.4375], "texture": "#1"},
				"west": {"uv": [3.25, 6.75, 3.4375, 6.9375], "texture": "#1"},
				"up": {"uv": [0.9375, 5.4375, 0.5, 5.25], "texture": "#1"},
				"down": {"uv": [5.6875, 0.5, 5.25, 0.6875], "texture": "#1"}
			}
		},
		{
			"from": [3.975, 11.8875, 8.375],
			"to": [5.225, 12.6375, 8.625],
			"rotation": {"angle": 45, "axis": "z", "origin": [4.6, 10.45, 8]},
			"faces": {
				"north": {"uv": [1, 6.25, 1.3125, 6.4375], "texture": "#1"},
				"east": {"uv": [0.25, 8.25, 0.3125, 8.4375], "texture": "#1"},
				"south": {"uv": [6.25, 1, 6.5625, 1.1875], "texture": "#1"},
				"west": {"uv": [8.25, 0.25, 8.3125, 0.4375], "texture": "#1"},
				"up": {"uv": [4.8125, 7.5625, 4.5, 7.5], "texture": "#1"},
				"down": {"uv": [7.8125, 4.5, 7.5, 4.5625], "texture": "#1"}
			}
		},
		{
			"from": [4.225, 11.8875, 8.625],
			"to": [4.975, 12.6375, 8.875],
			"rotation": {"angle": 45, "axis": "z", "origin": [4.6, 10.45, 8]},
			"faces": {
				"north": {"uv": [6.75, 3.25, 6.9375, 3.4375], "texture": "#1"},
				"east": {"uv": [8.25, 0.5, 8.3125, 0.6875], "texture": "#1"},
				"south": {"uv": [3.5, 6.75, 3.6875, 6.9375], "texture": "#1"},
				"west": {"uv": [0.75, 8.25, 0.8125, 8.4375], "texture": "#1"},
				"up": {"uv": [8.4375, 0.8125, 8.25, 0.75], "texture": "#1"},
				"down": {"uv": [1.1875, 8.25, 1, 8.3125], "texture": "#1"}
			}
		},
		{
			"from": [4.225, 11.8875, 7.125],
			"to": [4.975, 12.6375, 7.375],
			"rotation": {"angle": 45, "axis": "z", "origin": [4.6, 10.45, 8]},
			"faces": {
				"north": {"uv": [6.75, 3.5, 6.9375, 3.6875], "texture": "#1"},
				"east": {"uv": [8.25, 1.25, 8.3125, 1.4375], "texture": "#1"},
				"south": {"uv": [3.75, 6.75, 3.9375, 6.9375], "texture": "#1"},
				"west": {"uv": [1.5, 8.25, 1.5625, 8.4375], "texture": "#1"},
				"up": {"uv": [8.4375, 1.5625, 8.25, 1.5], "texture": "#1"},
				"down": {"uv": [1.9375, 8.25, 1.75, 8.3125], "texture": "#1"}
			}
		},
		{
			"from": [3.975, 11.8875, 7.375],
			"to": [5.225, 12.6375, 7.625],
			"rotation": {"angle": 45, "axis": "z", "origin": [4.6, 10.45, 8]},
			"faces": {
				"north": {"uv": [6.25, 1.25, 6.5625, 1.4375], "texture": "#1"},
				"east": {"uv": [2, 8.25, 2.0625, 8.4375], "texture": "#1"},
				"south": {"uv": [1.5, 6.25, 1.8125, 6.4375], "texture": "#1"},
				"west": {"uv": [2.25, 8.25, 2.3125, 8.4375], "texture": "#1"},
				"up": {"uv": [7.8125, 4.8125, 7.5, 4.75], "texture": "#1"},
				"down": {"uv": [5.3125, 7.5, 5, 7.5625], "texture": "#1"}
			}
		},
		{
			"from": [3.975, 12.6375, 7.625],
			"to": [5.225, 13.3875, 8.375],
			"rotation": {"angle": 45, "axis": "z", "origin": [4.6, 10.45, 8]},
			"faces": {
				"north": {"uv": [6.25, 1.5, 6.5625, 1.6875], "texture": "#1"},
				"east": {"uv": [6.75, 3.75, 6.9375, 3.9375], "texture": "#1"},
				"south": {"uv": [6.25, 1.75, 6.5625, 1.9375], "texture": "#1"},
				"west": {"uv": [4, 6.75, 4.1875, 6.9375], "texture": "#1"},
				"up": {"uv": [2.3125, 6.4375, 2, 6.25], "texture": "#1"},
				"down": {"uv": [6.5625, 2, 6.25, 2.1875], "texture": "#1"}
			}
		},
		{
			"from": [4.225, 12.6375, 8.375],
			"to": [4.975, 13.3875, 8.625],
			"rotation": {"angle": 45, "axis": "z", "origin": [4.6, 10.45, 8]},
			"faces": {
				"north": {"uv": [6.75, 4, 6.9375, 4.1875], "texture": "#1"},
				"east": {"uv": [8.25, 2.25, 8.3125, 2.4375], "texture": "#1"},
				"south": {"uv": [4.25, 6.75, 4.4375, 6.9375], "texture": "#1"},
				"west": {"uv": [2.5, 8.25, 2.5625, 8.4375], "texture": "#1"},
				"up": {"uv": [8.4375, 2.5625, 8.25, 2.5], "texture": "#1"},
				"down": {"uv": [2.9375, 8.25, 2.75, 8.3125], "texture": "#1"}
			}
		},
		{
			"from": [4.225, 12.6375, 7.375],
			"to": [4.975, 13.3875, 7.625],
			"rotation": {"angle": 45, "axis": "z", "origin": [4.6, 10.45, 8]},
			"faces": {
				"north": {"uv": [6.75, 4.25, 6.9375, 4.4375], "texture": "#1"},
				"east": {"uv": [8.25, 2.75, 8.3125, 2.9375], "texture": "#1"},
				"south": {"uv": [4.5, 6.75, 4.6875, 6.9375], "texture": "#1"},
				"west": {"uv": [3, 8.25, 3.0625, 8.4375], "texture": "#1"},
				"up": {"uv": [8.4375, 3.0625, 8.25, 3], "texture": "#1"},
				"down": {"uv": [3.4375, 8.25, 3.25, 8.3125], "texture": "#1"}
			}
		},
		{
			"from": [4.225, 13.3875, 7.625],
			"to": [4.975, 13.6375, 8.375],
			"rotation": {"angle": 45, "axis": "z", "origin": [4.6, 10.45, 8]},
			"faces": {
				"north": {"uv": [8.25, 3.25, 8.4375, 3.3125], "texture": "#1"},
				"east": {"uv": [3.5, 8.25, 3.6875, 8.3125], "texture": "#1"},
				"south": {"uv": [8.25, 3.5, 8.4375, 3.5625], "texture": "#1"},
				"west": {"uv": [3.75, 8.25, 3.9375, 8.3125], "texture": "#1"},
				"up": {"uv": [6.9375, 4.6875, 6.75, 4.5], "texture": "#1"},
				"down": {"uv": [4.9375, 6.75, 4.75, 6.9375], "texture": "#1"}
			}
		},
		{
			"from": [4.475, 13.6375, 7.875],
			"to": [4.725, 13.8875, 8.125],
			"rotation": {"angle": 45, "axis": "z", "origin": [4.6, 10.45, 8]},
			"faces": {
				"north": {"uv": [2.5, 8.5, 2.5625, 8.5625], "texture": "#1"},
				"east": {"uv": [8.5, 2.5, 8.5625, 2.5625], "texture": "#1"},
				"south": {"uv": [2.75, 8.5, 2.8125, 8.5625], "texture": "#1"},
				"west": {"uv": [8.5, 2.75, 8.5625, 2.8125], "texture": "#1"},
				"up": {"uv": [3.0625, 8.5625, 3, 8.5], "texture": "#1"},
				"down": {"uv": [8.5625, 3, 8.5, 3.0625], "texture": "#1"}
			}
		},
		{
			"from": [3.725, 11.1375, 8.625],
			"to": [5.475, 11.8875, 8.875],
			"rotation": {"angle": 45, "axis": "z", "origin": [4.6, 10.45, 8]},
			"faces": {
				"north": {"uv": [5.25, 0.75, 5.6875, 0.9375], "texture": "#1"},
				"east": {"uv": [8.25, 3.75, 8.3125, 3.9375], "texture": "#1"},
				"south": {"uv": [1, 5.25, 1.4375, 5.4375], "texture": "#1"},
				"west": {"uv": [4, 8.25, 4.0625, 8.4375], "texture": "#1"},
				"up": {"uv": [3.9375, 7.0625, 3.5, 7], "texture": "#1"},
				"down": {"uv": [7.4375, 3.5, 7, 3.5625], "texture": "#1"}
			}
		},
		{
			"from": [3.975, 11.1375, 8.875],
			"to": [5.225, 11.8875, 9.125],
			"rotation": {"angle": 45, "axis": "z", "origin": [4.6, 10.45, 8]},
			"faces": {
				"north": {"uv": [6.25, 2.25, 6.5625, 2.4375], "texture": "#1"},
				"east": {"uv": [8.25, 4, 8.3125, 4.1875], "texture": "#1"},
				"south": {"uv": [2.5, 6.25, 2.8125, 6.4375], "texture": "#1"},
				"west": {"uv": [4.25, 8.25, 4.3125, 8.4375], "texture": "#1"},
				"up": {"uv": [7.8125, 5.0625, 7.5, 5], "texture": "#1"},
				"down": {"uv": [7.8125, 5.25, 7.5, 5.3125], "texture": "#1"}
			}
		},
		{
			"from": [3.975, 11.1375, 6.875],
			"to": [5.225, 11.8875, 7.125],
			"rotation": {"angle": 45, "axis": "z", "origin": [4.6, 10.45, 8]},
			"faces": {
				"north": {"uv": [3, 6.25, 3.3125, 6.4375], "texture": "#1"},
				"east": {"uv": [8.25, 4.25, 8.3125, 4.4375], "texture": "#1"},
				"south": {"uv": [6.25, 3.25, 6.5625, 3.4375], "texture": "#1"},
				"west": {"uv": [4.5, 8.25, 4.5625, 8.4375], "texture": "#1"},
				"up": {"uv": [5.8125, 7.5625, 5.5, 7.5], "texture": "#1"},
				"down": {"uv": [7.8125, 5.5, 7.5, 5.5625], "texture": "#1"}
			}
		},
		{
			"from": [3.725, 11.1375, 7.125],
			"to": [5.475, 11.8875, 7.375],
			"rotation": {"angle": 45, "axis": "z", "origin": [4.6, 10.45, 8]},
			"faces": {
				"north": {"uv": [1.5, 5.25, 1.9375, 5.4375], "texture": "#1"},
				"east": {"uv": [8.25, 4.5, 8.3125, 4.6875], "texture": "#1"},
				"south": {"uv": [2, 5.25, 2.4375, 5.4375], "texture": "#1"},
				"west": {"uv": [4.75, 8.25, 4.8125, 8.4375], "texture": "#1"},
				"up": {"uv": [7.4375, 3.8125, 7, 3.75], "texture": "#1"},
				"down": {"uv": [4.4375, 7, 4, 7.0625], "texture": "#1"}
			}
		},
		{
			"from": [3.475, 10.3875, 8.625],
			"to": [5.725, 11.1375, 9.125],
			"rotation": {"angle": 45, "axis": "z", "origin": [4.6, 10.45, 8]},
			"faces": {
				"north": {"uv": [0, 4.25, 0.5625, 4.4375], "texture": "#1"},
				"east": {"uv": [3.75, 7.25, 3.875, 7.4375], "texture": "#1"},
				"south": {"uv": [0.75, 4.25, 1.3125, 4.4375], "texture": "#1"},
				"west": {"uv": [4, 7.25, 4.125, 7.4375], "texture": "#1"},
				"up": {"uv": [4.3125, 5.625, 3.75, 5.5], "texture": "#1"},
				"down": {"uv": [6.0625, 4.75, 5.5, 4.875], "texture": "#1"}
			}
		},
		{
			"from": [3.475, 10.3875, 6.875],
			"to": [5.725, 11.1375, 7.375],
			"rotation": {"angle": 45, "axis": "z", "origin": [4.6, 10.45, 8]},
			"faces": {
				"north": {"uv": [4.25, 1, 4.8125, 1.1875], "texture": "#1"},
				"east": {"uv": [4.25, 7.25, 4.375, 7.4375], "texture": "#1"},
				"south": {"uv": [4.25, 1.25, 4.8125, 1.4375], "texture": "#1"},
				"west": {"uv": [4.5, 7.25, 4.625, 7.4375], "texture": "#1"},
				"up": {"uv": [6.0625, 5.125, 5.5, 5], "texture": "#1"},
				"down": {"uv": [6.0625, 5.25, 5.5, 5.375], "texture": "#1"}
			}
		},
		{
			"from": [3.975, 10.3875, 9.125],
			"to": [5.225, 11.1375, 9.375],
			"rotation": {"angle": 45, "axis": "z", "origin": [4.6, 10.45, 8]},
			"faces": {
				"north": {"uv": [3.5, 6.25, 3.8125, 6.4375], "texture": "#1"},
				"east": {"uv": [8.25, 4.75, 8.3125, 4.9375], "texture": "#1"},
				"south": {"uv": [6.25, 3.5, 6.5625, 3.6875], "texture": "#1"},
				"west": {"uv": [5, 8.25, 5.0625, 8.4375], "texture": "#1"},
				"up": {"uv": [7.8125, 5.8125, 7.5, 5.75], "texture": "#1"},
				"down": {"uv": [6.3125, 7.5, 6, 7.5625], "texture": "#1"}
			}
		},
		{
			"from": [3.975, 10.3875, 6.625],
			"to": [5.225, 11.1375, 6.875],
			"rotation": {"angle": 45, "axis": "z", "origin": [4.6, 10.45, 8]},
			"faces": {
				"north": {"uv": [6.25, 3.75, 6.5625, 3.9375], "texture": "#1"},
				"east": {"uv": [8.25, 5, 8.3125, 5.1875], "texture": "#1"},
				"south": {"uv": [4, 6.25, 4.3125, 6.4375], "texture": "#1"},
				"west": {"uv": [5.25, 8.25, 5.3125, 8.4375], "texture": "#1"},
				"up": {"uv": [7.8125, 6.0625, 7.5, 6], "texture": "#1"},
				"down": {"uv": [7.8125, 6.25, 7.5, 6.3125], "texture": "#1"}
			}
		},
		{
			"from": [10.775, 7.3875, 7.375],
			"to": [12.025, 8.6375, 8.625],
			"rotation": {"angle": -45, "axis": "z", "origin": [11.4, 10.45, 8]},
			"faces": {
				"north": {"uv": [1, 4.75, 1.3125, 5.0625], "texture": "#1"},
				"east": {"uv": [1.5, 4.75, 1.8125, 5.0625], "texture": "#1"},
				"south": {"uv": [4.75, 2.5, 5.0625, 2.8125], "texture": "#1"},
				"west": {"uv": [4.75, 3.75, 5.0625, 4.0625], "texture": "#1"},
				"up": {"uv": [5.0625, 4.5625, 4.75, 4.25], "texture": "#1"},
				"down": {"uv": [5.0625, 4.75, 4.75, 5.0625], "texture": "#1"}
			}
		},
		{
			"from": [10.525, 8.6375, 7.125],
			"to": [12.275, 9.1375, 8.875],
			"rotation": {"angle": -45, "axis": "z", "origin": [11.4, 10.45, 8]},
			"faces": {
				"north": {"uv": [4.5, 6.5, 4.9375, 6.625], "texture": "#1"},
				"east": {"uv": [5, 6.5, 5.4375, 6.625], "texture": "#1"},
				"south": {"uv": [5.5, 6.5, 5.9375, 6.625], "texture": "#1"},
				"west": {"uv": [6.5, 5.75, 6.9375, 5.875], "texture": "#1"},
				"up": {"uv": [0.9375, 3.4375, 0.5, 3], "texture": "#1"},
				"down": {"uv": [3.4375, 0.5, 3, 0.9375], "texture": "#1"}
			}
		},
		{
			"from": [10.275, 9.1375, 6.875],
			"to": [12.525, 9.6375, 9.125],
			"rotation": {"angle": -45, "axis": "z", "origin": [11.4, 10.45, 8]},
			"faces": {
				"north": {"uv": [5.5, 5.5, 6.0625, 5.625], "texture": "#1"},
				"east": {"uv": [5.75, 0, 6.3125, 0.125], "texture": "#1"},
				"south": {"uv": [5.75, 0.25, 6.3125, 0.375], "texture": "#1"},
				"west": {"uv": [5.75, 0.5, 6.3125, 0.625], "texture": "#1"},
				"up": {"uv": [2.8125, 0.5625, 2.25, 0], "texture": "#1"},
				"down": {"uv": [1.3125, 2.25, 0.75, 2.8125], "texture": "#1"}
			}
		},
		{
			"from": [10.025, 9.6375, 6.625],
			"to": [12.775, 10.3875, 9.375],
			"rotation": {"angle": -45, "axis": "z", "origin": [11.4, 10.45, 8]},
			"faces": {
				"north": {"uv": [3.75, 3.5, 4.4375, 3.6875], "texture": "#1"},
				"east": {"uv": [0, 4, 0.6875, 4.1875], "texture": "#1"},
				"south": {"uv": [4, 0, 4.6875, 0.1875], "texture": "#1"},
				"west": {"uv": [4, 0.25, 4.6875, 0.4375], "texture": "#1"},
				"up": {"uv": [0.6875, 2.1875, 0, 1.5], "texture": "#1"},
				"down": {"uv": [2.1875, 0, 1.5, 0.6875], "texture": "#1"}
			}
		},
		{
			"from": [11.025, 6.8875, 7.625],
			"to": [11.775, 7.3875, 8.375],
			"rotation": {"angle": -45, "axis": "z", "origin": [11.4, 10.45, 8]},
			"faces": {
				"north": {"uv": [4.75, 7.25, 4.9375, 7.375], "texture": "#1"},
				"east": {"uv": [5, 7.25, 5.1875, 7.375], "texture": "#1"},
				"south": {"uv": [5.25, 7.25, 5.4375, 7.375], "texture": "#1"},
				"west": {"uv": [5.5, 7.25, 5.6875, 7.375], "texture": "#1"},
				"up": {"uv": [6.9375, 4.9375, 6.75, 4.75], "texture": "#1"},
				"down": {"uv": [5.1875, 6.75, 5, 6.9375], "texture": "#1"}
			}
		},
		{
			"from": [10.025, 10.3875, 7.375],
			"to": [12.775, 11.1375, 8.625],
			"rotation": {"angle": -45, "axis": "z", "origin": [11.4, 10.45, 8]},
			"faces": {
				"north": {"uv": [4, 0.5, 4.6875, 0.6875], "texture": "#1"},
				"east": {"uv": [6.25, 4, 6.5625, 4.1875], "texture": "#1"},
				"south": {"uv": [0.75, 4, 1.4375, 4.1875], "texture": "#1"},
				"west": {"uv": [6.25, 4.25, 6.5625, 4.4375], "texture": "#1"},
				"up": {"uv": [2.9375, 2.5625, 2.25, 2.25], "texture": "#1"},
				"down": {"uv": [2.1875, 2.75, 1.5, 3.0625], "texture": "#1"}
			}
		},
		{
			"from": [10.275, 11.1375, 7.375],
			"to": [12.525, 11.8875, 8.625],
			"rotation": {"angle": -45, "axis": "z", "origin": [11.4, 10.45, 8]},
			"faces": {
				"north": {"uv": [2.5, 4.25, 3.0625, 4.4375], "texture": "#1"},
				"east": {"uv": [4.5, 6.25, 4.8125, 6.4375], "texture": "#1"},
				"south": {"uv": [3.25, 4.25, 3.8125, 4.4375], "texture": "#1"},
				"west": {"uv": [6.25, 4.5, 6.5625, 4.6875], "texture": "#1"},
				"up": {"uv": [3.8125, 2.8125, 3.25, 2.5], "texture": "#1"},
				"down": {"uv": [3.5625, 3.25, 3, 3.5625], "texture": "#1"}
			}
		},
		{
			"from": [10.525, 11.8875, 7.625],
			"to": [12.275, 12.6375, 8.375],
			"rotation": {"angle": -45, "axis": "z", "origin": [11.4, 10.45, 8]},
			"faces": {
				"north": {"uv": [2.5, 5.25, 2.9375, 5.4375], "texture": "#1"},
				"east": {"uv": [6.75, 5, 6.9375, 5.1875], "texture": "#1"},
				"south": {"uv": [5.25, 2.5, 5.6875, 2.6875], "texture": "#1"},
				"west": {"uv": [5.25, 6.75, 5.4375, 6.9375], "texture": "#1"},
				"up": {"uv": [5.6875, 2.9375, 5.25, 2.75], "texture": "#1"},
				"down": {"uv": [3.4375, 5.25, 3, 5.4375], "texture": "#1"}
			}
		},
		{
			"from": [10.775, 11.8875, 8.375],
			"to": [12.025, 12.6375, 8.625],
			"rotation": {"angle": -45, "axis": "z", "origin": [11.4, 10.45, 8]},
			"faces": {
				"north": {"uv": [6.25, 4.75, 6.5625, 4.9375], "texture": "#1"},
				"east": {"uv": [8.25, 5.25, 8.3125, 5.4375], "texture": "#1"},
				"south": {"uv": [5, 6.25, 5.3125, 6.4375], "texture": "#1"},
				"west": {"uv": [5.5, 8.25, 5.5625, 8.4375], "texture": "#1"},
				"up": {"uv": [6.8125, 7.5625, 6.5, 7.5], "texture": "#1"},
				"down": {"uv": [7.8125, 6.5, 7.5, 6.5625], "texture": "#1"}
			}
		},
		{
			"from": [11.025, 11.8875, 8.625],
			"to": [11.775, 12.6375, 8.875],
			"rotation": {"angle": -45, "axis": "z", "origin": [11.4, 10.45, 8]},
			"faces": {
				"north": {"uv": [6.75, 5.25, 6.9375, 5.4375], "texture": "#1"},
				"east": {"uv": [8.25, 5.5, 8.3125, 5.6875], "texture": "#1"},
				"south": {"uv": [5.5, 6.75, 5.6875, 6.9375], "texture": "#1"},
				"west": {"uv": [5.75, 8.25, 5.8125, 8.4375], "texture": "#1"},
				"up": {"uv": [8.4375, 5.8125, 8.25, 5.75], "texture": "#1"},
				"down": {"uv": [6.1875, 8.25, 6, 8.3125], "texture": "#1"}
			}
		},
		{
			"from": [11.025, 11.8875, 7.125],
			"to": [11.775, 12.6375, 7.375],
			"rotation": {"angle": -45, "axis": "z", "origin": [11.4, 10.45, 8]},
			"faces": {
				"north": {"uv": [6.75, 5.5, 6.9375, 5.6875], "texture": "#1"},
				"east": {"uv": [8.25, 6, 8.3125, 6.1875], "texture": "#1"},
				"south": {"uv": [5.75, 6.75, 5.9375, 6.9375], "texture": "#1"},
				"west": {"uv": [6.25, 8.25, 6.3125, 8.4375], "texture": "#1"},
				"up": {"uv": [8.4375, 6.3125, 8.25, 6.25], "texture": "#1"},
				"down": {"uv": [6.6875, 8.25, 6.5, 8.3125], "texture": "#1"}
			}
		},
		{
			"from": [10.775, 11.8875, 7.375],
			"to": [12.025, 12.6375, 7.625],
			"rotation": {"angle": -45, "axis": "z", "origin": [11.4, 10.45, 8]},
			"faces": {
				"north": {"uv": [6.25, 5, 6.5625, 5.1875], "texture": "#1"},
				"east": {"uv": [8.25, 6.5, 8.3125, 6.6875], "texture": "#1"},
				"south": {"uv": [6.25, 5.25, 6.5625, 5.4375], "texture": "#1"},
				"west": {"uv": [6.75, 8.25, 6.8125, 8.4375], "texture": "#1"},
				"up": {"uv": [7.8125, 6.8125, 7.5, 6.75], "texture": "#1"},
				"down": {"uv": [7.3125, 7.5, 7, 7.5625], "texture": "#1"}
			}
		},
		{
			"from": [10.775, 12.6375, 7.625],
			"to": [12.025, 13.3875, 8.375],
			"rotation": {"angle": -45, "axis": "z", "origin": [11.4, 10.45, 8]},
			"faces": {
				"north": {"uv": [5.5, 6.25, 5.8125, 6.4375], "texture": "#1"},
				"east": {"uv": [6.75, 6, 6.9375, 6.1875], "texture": "#1"},
				"south": {"uv": [6.25, 5.5, 6.5625, 5.6875], "texture": "#1"},
				"west": {"uv": [6.75, 6.25, 6.9375, 6.4375], "texture": "#1"},
				"up": {"uv": [6.3125, 6.4375, 6, 6.25], "texture": "#1"},
				"down": {"uv": [6.5625, 6, 6.25, 6.1875], "texture": "#1"}
			}
		},
		{
			"from": [11.025, 12.6375, 8.375],
			"to": [11.775, 13.3875, 8.625],
			"rotation": {"angle": -45, "axis": "z", "origin": [11.4, 10.45, 8]},
			"faces": {
				"north": {"uv": [6.75, 6.5, 6.9375, 6.6875], "texture": "#1"},
				"east": {"uv": [8.25, 6.75, 8.3125, 6.9375], "texture": "#1"},
				"south": {"uv": [6.75, 6.75, 6.9375, 6.9375], "texture": "#1"},
				"west": {"uv": [7, 8.25, 7.0625, 8.4375], "texture": "#1"},
				"up": {"uv": [8.4375, 7.0625, 8.25, 7], "texture": "#1"},
				"down": {"uv": [7.4375, 8.25, 7.25, 8.3125], "texture": "#1"}
			}
		},
		{
			"from": [11.025, 12.6375, 7.375],
			"to": [11.775, 13.3875, 7.625],
			"rotation": {"angle": -45, "axis": "z", "origin": [11.4, 10.45, 8]},
			"faces": {
				"north": {"uv": [7, 0, 7.1875, 0.1875], "texture": "#1"},
				"east": {"uv": [8.25, 7.25, 8.3125, 7.4375], "texture": "#1"},
				"south": {"uv": [0.25, 7, 0.4375, 7.1875], "texture": "#1"},
				"west": {"uv": [7.5, 8.25, 7.5625, 8.4375], "texture": "#1"},
				"up": {"uv": [8.4375, 7.5625, 8.25, 7.5], "texture": "#1"},
				"down": {"uv": [7.9375, 8.25, 7.75, 8.3125], "texture": "#1"}
			}
		},
		{
			"from": [11.025, 13.3875, 7.625],
			"to": [11.775, 13.6375, 8.375],
			"rotation": {"angle": -45, "axis": "z", "origin": [11.4, 10.45, 8]},
			"faces": {
				"north": {"uv": [8.25, 7.75, 8.4375, 7.8125], "texture": "#1"},
				"east": {"uv": [8, 8.25, 8.1875, 8.3125], "texture": "#1"},
				"south": {"uv": [8.25, 8, 8.4375, 8.0625], "texture": "#1"},
				"west": {"uv": [8.25, 8.25, 8.4375, 8.3125], "texture": "#1"},
				"up": {"uv": [7.1875, 0.4375, 7, 0.25], "texture": "#1"},
				"down": {"uv": [0.6875, 7, 0.5, 7.1875], "texture": "#1"}
			}
		},
		{
			"from": [11.275, 13.6375, 7.875],
			"to": [11.525, 13.8875, 8.125],
			"rotation": {"angle": -45, "axis": "z", "origin": [11.4, 10.45, 8]},
			"faces": {
				"north": {"uv": [3.25, 8.5, 3.3125, 8.5625], "texture": "#1"},
				"east": {"uv": [8.5, 3.25, 8.5625, 3.3125], "texture": "#1"},
				"south": {"uv": [3.5, 8.5, 3.5625, 8.5625], "texture": "#1"},
				"west": {"uv": [8.5, 3.5, 8.5625, 3.5625], "texture": "#1"},
				"up": {"uv": [3.8125, 8.5625, 3.75, 8.5], "texture": "#1"},
				"down": {"uv": [8.5625, 3.75, 8.5, 3.8125], "texture": "#1"}
			}
		},
		{
			"from": [10.525, 11.1375, 8.625],
			"to": [12.275, 11.8875, 8.875],
			"rotation": {"angle": -45, "axis": "z", "origin": [11.4, 10.45, 8]},
			"faces": {
				"north": {"uv": [5.25, 3, 5.6875, 3.1875], "texture": "#1"},
				"east": {"uv": [0, 8.5, 0.0625, 8.6875], "texture": "#1"},
				"south": {"uv": [3.5, 5.25, 3.9375, 5.4375], "texture": "#1"},
				"west": {"uv": [8.5, 0, 8.5625, 0.1875], "texture": "#1"},
				"up": {"uv": [7.4375, 4.0625, 7, 4], "texture": "#1"},
				"down": {"uv": [7.4375, 4.25, 7, 4.3125], "texture": "#1"}
			}
		},
		{
			"from": [10.775, 11.1375, 8.875],
			"to": [12.025, 11.8875, 9.125],
			"rotation": {"angle": -45, "axis": "z", "origin": [11.4, 10.45, 8]},
			"faces": {
				"north": {"uv": [0, 6.5, 0.3125, 6.6875], "texture": "#1"},
				"east": {"uv": [0.25, 8.5, 0.3125, 8.6875], "texture": "#1"},
				"south": {"uv": [6.5, 0, 6.8125, 0.1875], "texture": "#1"},
				"west": {"uv": [8.5, 0.25, 8.5625, 0.4375], "texture": "#1"},
				"up": {"uv": [7.8125, 7.0625, 7.5, 7], "texture": "#1"},
				"down": {"uv": [7.8125, 7.5, 7.5, 7.5625], "texture": "#1"}
			}
		},
		{
			"from": [10.775, 11.1375, 6.875],
			"to": [12.025, 11.8875, 7.125],
			"rotation": {"angle": -45, "axis": "z", "origin": [11.4, 10.45, 8]},
			"faces": {
				"north": {"uv": [6.5, 0.25, 6.8125, 0.4375], "texture": "#1"},
				"east": {"uv": [0.5, 8.5, 0.5625, 8.6875], "texture": "#1"},
				"south": {"uv": [0.5, 6.5, 0.8125, 6.6875], "texture": "#1"},
				"west": {"uv": [8.5, 0.5, 8.5625, 0.6875], "texture": "#1"},
				"up": {"uv": [0.3125, 7.8125, 0, 7.75], "texture": "#1"},
				"down": {"uv": [8.0625, 0, 7.75, 0.0625], "texture": "#1"}
			}
		},
		{
			"from": [10.525, 11.1375, 7.125],
			"to": [12.275, 11.8875, 7.375],
			"rotation": {"angle": -45, "axis": "z", "origin": [11.4, 10.45, 8]},
			"faces": {
				"north": {"uv": [5.25, 3.75, 5.6875, 3.9375], "texture": "#1"},
				"east": {"uv": [0.75, 8.5, 0.8125, 8.6875], "texture": "#1"},
				"south": {"uv": [4, 5.25, 4.4375, 5.4375], "texture": "#1"},
				"west": {"uv": [8.5, 0.75, 8.5625, 0.9375], "texture": "#1"},
				"up": {"uv": [4.9375, 7.0625, 4.5, 7], "texture": "#1"},
				"down": {"uv": [7.4375, 4.5, 7, 4.5625], "texture": "#1"}
			}
		},
		{
			"from": [10.275, 10.3875, 8.625],
			"to": [12.525, 11.1375, 9.125],
			"rotation": {"angle": -45, "axis": "z", "origin": [11.4, 10.45, 8]},
			"faces": {
				"north": {"uv": [4, 4.25, 4.5625, 4.4375], "texture": "#1"},
				"east": {"uv": [5.75, 7.25, 5.875, 7.4375], "texture": "#1"},
				"south": {"uv": [0, 4.5, 0.5625, 4.6875], "texture": "#1"},
				"west": {"uv": [6, 7.25, 6.125, 7.4375], "texture": "#1"},
				"up": {"uv": [1.3125, 5.875, 0.75, 5.75], "texture": "#1"},
				"down": {"uv": [6.3125, 0.75, 5.75, 0.875], "texture": "#1"}
			}
		},
		{
			"from": [10.275, 10.3875, 6.875],
			"to": [12.525, 11.1375, 7.375],
			"rotation": {"angle": -45, "axis": "z", "origin": [11.4, 10.45, 8]},
			"faces": {
				"north": {"uv": [0.75, 4.5, 1.3125, 4.6875], "texture": "#1"},
				"east": {"uv": [6.25, 7.25, 6.375, 7.4375], "texture": "#1"},
				"south": {"uv": [1.5, 4.5, 2.0625, 4.6875], "texture": "#1"},
				"west": {"uv": [6.5, 7.25, 6.625, 7.4375], "texture": "#1"},
				"up": {"uv": [2.0625, 5.875, 1.5, 5.75], "texture": "#1"},
				"down": {"uv": [2.8125, 5.75, 2.25, 5.875], "texture": "#1"}
			}
		},
		{
			"from": [10.775, 10.3875, 9.125],
			"to": [12.025, 11.1375, 9.375],
			"rotation": {"angle": -45, "axis": "z", "origin": [11.4, 10.45, 8]},
			"faces": {
				"north": {"uv": [6.5, 0.5, 6.8125, 0.6875], "texture": "#1"},
				"east": {"uv": [1, 8.5, 1.0625, 8.6875], "texture": "#1"},
				"south": {"uv": [6.5, 0.75, 6.8125, 0.9375], "texture": "#1"},
				"west": {"uv": [8.5, 1, 8.5625, 1.1875], "texture": "#1"},
				"up": {"uv": [8.0625, 0.3125, 7.75, 0.25], "texture": "#1"},
				"down": {"uv": [0.8125, 7.75, 0.5, 7.8125], "texture": "#1"}
			}
		},
		{
			"from": [10.775, 10.3875, 6.625],
			"to": [12.025, 11.1375, 6.875],
			"rotation": {"angle": -45, "axis": "z", "origin": [11.4, 10.45, 8]},
			"faces": {
				"north": {"uv": [1, 6.5, 1.3125, 6.6875], "texture": "#1"},
				"east": {"uv": [1.25, 8.5, 1.3125, 8.6875], "texture": "#1"},
				"south": {"uv": [1.5, 6.5, 1.8125, 6.6875], "texture": "#1"},
				"west": {"uv": [8.5, 1.25, 8.5625, 1.4375], "texture": "#1"},
				"up": {"uv": [1.3125, 7.8125, 1, 7.75], "texture": "#1"},
				"down": {"uv": [1.8125, 7.75, 1.5, 7.8125], "texture": "#1"}
			}
		},
		{
			"from": [7.2, 8.8, 8.625],
			"to": [8.8, 9.05, 8.875],
			"rotation": {"angle": 0, "axis": "y", "origin": [6.975, 7.8, 8.125]},
			"faces": {
				"north": {"uv": [6.75, 7.25, 7.125, 7.3125], "texture": "#1"},
				"east": {"uv": [4, 8.5, 4.0625, 8.5625], "texture": "#1"},
				"south": {"uv": [7.25, 7.25, 7.625, 7.3125], "texture": "#1"},
				"west": {"uv": [8.5, 4, 8.5625, 4.0625], "texture": "#1"},
				"up": {"uv": [0.375, 7.5625, 0, 7.5], "texture": "#1"},
				"down": {"uv": [7.875, 0.5, 7.5, 0.5625], "texture": "#1"}
			}
		},
		{
			"from": [7.33827, 6.30985, 8.625],
			"to": [7.58827, 8.50985, 8.875],
			"rotation": {"angle": 22.5, "axis": "z", "origin": [7.46327, 6.50985, 8.75]},
			"faces": {
				"north": {"uv": [7, 0.5, 7.0625, 1.0625], "texture": "#1"},
				"east": {"uv": [0.75, 7, 0.8125, 7.5625], "texture": "#1"},
				"south": {"uv": [1, 7, 1.0625, 7.5625], "texture": "#1"},
				"west": {"uv": [1.25, 7, 1.3125, 7.5625], "texture": "#1"},
				"up": {"uv": [7.0625, 8.5625, 7, 8.5], "texture": "#1"},
				"down": {"uv": [8.5625, 7, 8.5, 7.0625], "texture": "#1"}
			}
		},
		{
			"from": [8.41173, 6.30985, 8.625],
			"to": [8.66173, 8.50985, 8.875],
			"rotation": {"angle": -22.5, "axis": "z", "origin": [8.53673, 6.50985, 8.75]},
			"faces": {
				"north": {"uv": [6, 6.5, 6.0625, 7.0625], "texture": "#1"},
				"east": {"uv": [6.25, 6.5, 6.3125, 7.0625], "texture": "#1"},
				"south": {"uv": [6.5, 6.25, 6.5625, 6.8125], "texture": "#1"},
				"west": {"uv": [0, 6.75, 0.0625, 7.3125], "texture": "#1"},
				"up": {"uv": [1.5625, 8.5625, 1.5, 8.5], "texture": "#1"},
				"down": {"uv": [8.5625, 1.5, 8.5, 1.5625], "texture": "#1"}
			}
		},
		{
			"from": [7.33827, 6.30985, 7.125],
			"to": [7.58827, 8.50985, 7.375],
			"rotation": {"angle": 22.5, "axis": "z", "origin": [7.46327, 6.50985, 7.25]},
			"faces": {
				"north": {"uv": [7, 2, 7.0625, 2.5625], "texture": "#1"},
				"east": {"uv": [2.25, 7, 2.3125, 7.5625], "texture": "#1"},
				"south": {"uv": [2.5, 7, 2.5625, 7.5625], "texture": "#1"},
				"west": {"uv": [2.75, 7, 2.8125, 7.5625], "texture": "#1"},
				"up": {"uv": [7.5625, 8.5625, 7.5, 8.5], "texture": "#1"},
				"down": {"uv": [8.5625, 7.5, 8.5, 7.5625], "texture": "#1"}
			}
		},
		{
			"from": [7.1, 5.9, 7.1],
			"to": [8.9, 6.6, 8.9],
			"rotation": {"angle": 0, "axis": "z", "origin": [7.825, 5.50985, 7.625]},
			"faces": {
				"north": {"uv": [5.25, 4, 5.6875, 4.1875], "texture": "#1"},
				"east": {"uv": [5.25, 4.25, 5.6875, 4.4375], "texture": "#1"},
				"south": {"uv": [4.5, 5.25, 4.9375, 5.4375], "texture": "#1"},
				"west": {"uv": [5.25, 4.5, 5.6875, 4.6875], "texture": "#1"},
				"up": {"uv": [1.4375, 3.4375, 1, 3], "texture": "#1"},
				"down": {"uv": [3.4375, 1, 3, 1.4375], "texture": "#1"}
			}
		},
		{
			"from": [7.3, 4.9, 7.3],
			"to": [8.7, 5.9, 8.7],
			"rotation": {"angle": 0, "axis": "z", "origin": [7.825, 4.80985, 7.625]},
			"faces": {
				"north": {"uv": [1, 3.5, 1.375, 3.75], "texture": "#1"},
				"east": {"uv": [4.75, 3, 5.125, 3.25], "texture": "#1"},
				"south": {"uv": [5, 1, 5.375, 1.25], "texture": "#1"},
				"west": {"uv": [5, 1.25, 5.375, 1.5], "texture": "#1"},
				"up": {"uv": [0.375, 3.875, 0, 3.5], "texture": "#1"},
				"down": {"uv": [3.875, 0, 3.5, 0.375], "texture": "#1"}
			}
		},
		{
			"from": [7.3, -0.6, 7.3],
			"to": [8.7, 0.4, 8.7],
			"rotation": {"angle": 0, "axis": "z", "origin": [7.825, -0.69015, 7.625]},
			"faces": {
				"north": {"uv": [5, 1.5, 5.375, 1.75], "texture": "#1"},
				"east": {"uv": [5, 1.75, 5.375, 2], "texture": "#1"},
				"south": {"uv": [2, 5, 2.375, 5.25], "texture": "#1"},
				"west": {"uv": [5, 2, 5.375, 2.25], "texture": "#1"},
				"up": {"uv": [0.875, 3.875, 0.5, 3.5], "texture": "#1"},
				"down": {"uv": [3.875, 0.5, 3.5, 0.875], "texture": "#1"}
			}
		},
		{
			"from": [7.5, 3.9, 7.5],
			"to": [8.5, 4.9, 8.5],
			"rotation": {"angle": 0, "axis": "z", "origin": [7.825, 3.80985, 7.625]},
			"faces": {
				"north": {"uv": [3, 2.5, 3.25, 2.75], "texture": "#1"},
				"east": {"uv": [2, 4.75, 2.25, 5], "texture": "#1"},
				"south": {"uv": [4.5, 5, 4.75, 5.25], "texture": "#1"},
				"west": {"uv": [4.5, 5.5, 4.75, 5.75], "texture": "#1"},
				"up": {"uv": [5, 5.75, 4.75, 5.5], "texture": "#1"},
				"down": {"uv": [6, 2.5, 5.75, 2.75], "texture": "#1"}
			}
		},
		{
			"from": [7.5, 0.4, 7.5],
			"to": [8.5, 1.4, 8.5],
			"rotation": {"angle": 0, "axis": "z", "origin": [7.825, 0.30985, 7.625]},
			"faces": {
				"north": {"uv": [5.75, 2.75, 6, 3], "texture": "#1"},
				"east": {"uv": [3, 5.75, 3.25, 6], "texture": "#1"},
				"south": {"uv": [5.75, 3, 6, 3.25], "texture": "#1"},
				"west": {"uv": [3.25, 5.75, 3.5, 6], "texture": "#1"},
				"up": {"uv": [3.75, 6, 3.5, 5.75], "texture": "#1"},
				"down": {"uv": [4, 5.75, 3.75, 6], "texture": "#1"}
			}
		},
		{
			"from": [8.2, 1.4, 7.7],
			"to": [8.3, 3.9, 8.3],
			"rotation": {"angle": 0, "axis": "y", "origin": [8, 2.65, 8]},
			"faces": {
				"north": {"uv": [0, 5.5, 0.125, 6.125], "texture": "#1"},
				"east": {"uv": [0.25, 5.5, 0.375, 6.125], "texture": "#1"},
				"south": {"uv": [0.5, 5.5, 0.625, 6.125], "texture": "#1"},
				"west": {"uv": [5.25, 5.25, 5.375, 5.875], "texture": "#1"},
				"up": {"uv": [2.625, 8.125, 2.5, 8], "rotation": 270, "texture": "#1"},
				"down": {"uv": [8.125, 2.5, 8, 2.625], "rotation": 90, "texture": "#1"}
			}
		},
		{
			"from": [7.7, 1.4, 7.7],
			"to": [7.8, 3.9, 8.3],
			"rotation": {"angle": 0, "axis": "y", "origin": [8, 2.65, 8]},
			"faces": {
				"north": {"uv": [0.125, 5.5, 0, 6.125], "texture": "#1"},
				"east": {"uv": [5.375, 5.25, 5.25, 5.875], "texture": "#1"},
				"south": {"uv": [0.625, 5.5, 0.5, 6.125], "texture": "#1"},
				"west": {"uv": [0.375, 5.5, 0.25, 6.125], "texture": "#1"},
				"up": {"uv": [2.625, 8, 2.5, 8.125], "rotation": 270, "texture": "#1"},
				"down": {"uv": [8.125, 2.625, 8, 2.5], "rotation": 90, "texture": "#1"}
			}
		},
		{
			"from": [7.9, 6.6, 8.1],
			"to": [8.4, 7.1, 8.6],
			"rotation": {"angle": 0, "axis": "z", "origin": [7.825, 5.80985, 7.825]},
			"faces": {
				"north": {"uv": [0.5, 7.5, 0.75, 7.5625], "texture": "#1"},
				"east": {"uv": [2, 8, 2.3125, 8.0625], "texture": "#1"},
				"south": {"uv": [8, 2.25, 8.25, 2.3125], "texture": "#1"},
				"west": {"uv": [8, 2, 8.3125, 2.0625], "texture": "#1"},
				"up": {"uv": [5.5, 5.0625, 5.25, 4.75], "texture": "#1"},
				"down": {"uv": [5.25, 5.25, 5, 5.5625], "texture": "#1"}
			}
		},
		{
			"from": [7.3625, 6.6, 8],
			"to": [7.8625, 7.1, 8.5],
			"rotation": {"angle": 0, "axis": "z", "origin": [7.2875, 5.80985, 7.725]},
			"faces": {
				"north": {"uv": [0.5, 7.5, 0.75, 7.5625], "texture": "#1"},
				"east": {"uv": [2, 8, 2.3125, 8.0625], "texture": "#1"},
				"south": {"uv": [8, 2.25, 8.25, 2.3125], "texture": "#1"},
				"west": {"uv": [8, 2, 8.3125, 2.0625], "texture": "#1"},
				"up": {"uv": [5.5, 5.0625, 5.25, 4.75], "texture": "#1"},
				"down": {"uv": [5.25, 5.25, 5, 5.5625], "texture": "#1"}
			}
		},
		{
			"from": [7.8625, 6.9, 7.8],
			"to": [8.1125, 7.15, 8.05],
			"rotation": {"angle": -22.5, "axis": "x", "origin": [8.1125, 7.15, 8.05]},
			"faces": {
				"north": {"uv": [0.5, 7.5, 0.75, 7.5625], "texture": "#1"},
				"east": {"uv": [2, 8, 2.3125, 8.0625], "texture": "#1"},
				"south": {"uv": [8, 2.25, 8.25, 2.3125], "texture": "#1"},
				"west": {"uv": [8, 2, 8.3125, 2.0625], "texture": "#1"},
				"up": {"uv": [5.5, 5.0625, 5.25, 4.75], "texture": "#1"},
				"down": {"uv": [5.25, 5.25, 5, 5.5625], "texture": "#1"}
			}
		},
		{
			"from": [7.9625, 6.8, 7.8],
			"to": [8.2125, 7.05, 8.05],
			"rotation": {"angle": -22.5, "axis": "y", "origin": [8.2125, 7.05, 8.05]},
			"faces": {
				"north": {"uv": [0.5, 7.5, 0.75, 7.5625], "texture": "#1"},
				"east": {"uv": [2, 8, 2.3125, 8.0625], "texture": "#1"},
				"south": {"uv": [8, 2.25, 8.25, 2.3125], "texture": "#1"},
				"west": {"uv": [8, 2, 8.3125, 2.0625], "texture": "#1"},
				"up": {"uv": [5.5, 5.0625, 5.25, 4.75], "texture": "#1"},
				"down": {"uv": [5.25, 5.25, 5, 5.5625], "texture": "#1"}
			}
		},
		{
			"from": [7.9625, 6.8, 7.4],
			"to": [8.2125, 7.05, 7.65],
			"rotation": {"angle": 22.5, "axis": "y", "origin": [8.2125, 7.05, 7.65]},
			"faces": {
				"north": {"uv": [0.5, 7.5, 0.75, 7.5625], "texture": "#1"},
				"east": {"uv": [2, 8, 2.3125, 8.0625], "texture": "#1"},
				"south": {"uv": [8, 2.25, 8.25, 2.3125], "texture": "#1"},
				"west": {"uv": [8, 2, 8.3125, 2.0625], "texture": "#1"},
				"up": {"uv": [5.5, 5.0625, 5.25, 4.75], "texture": "#1"},
				"down": {"uv": [5.25, 5.25, 5, 5.5625], "texture": "#1"}
			}
		},
		{
			"from": [8.1625, 6.9, 7.6],
			"to": [8.4125, 7.15, 7.85],
			"rotation": {"angle": -22.5, "axis": "y", "origin": [8.4125, 7.15, 7.85]},
			"faces": {
				"north": {"uv": [0.5, 7.5, 0.75, 7.5625], "texture": "#1"},
				"east": {"uv": [2, 8, 2.3125, 8.0625], "texture": "#1"},
				"south": {"uv": [8, 2.25, 8.25, 2.3125], "texture": "#1"},
				"west": {"uv": [8, 2, 8.3125, 2.0625], "texture": "#1"},
				"up": {"uv": [5.5, 5.0625, 5.25, 4.75], "texture": "#1"},
				"down": {"uv": [5.25, 5.25, 5, 5.5625], "texture": "#1"}
			}
		},
		{
			"from": [7.5625, 6.9, 7.425],
			"to": [7.8125, 7.15, 7.675],
			"rotation": {"angle": 45, "axis": "y", "origin": [7.8125, 7.15, 7.675]},
			"faces": {
				"north": {"uv": [0.5, 7.5, 0.75, 7.5625], "texture": "#1"},
				"east": {"uv": [2, 8, 2.3125, 8.0625], "texture": "#1"},
				"south": {"uv": [8, 2.25, 8.25, 2.3125], "texture": "#1"},
				"west": {"uv": [8, 2, 8.3125, 2.0625], "texture": "#1"},
				"up": {"uv": [5.5, 5.0625, 5.25, 4.75], "texture": "#1"},
				"down": {"uv": [5.25, 5.25, 5, 5.5625], "texture": "#1"}
			}
		},
		{
			"from": [7.7625, 6.7, 8.3],
			"to": [8.0125, 7.15, 8.55],
			"rotation": {"angle": 22.5, "axis": "y", "origin": [8.0125, 7.15, 8.55]},
			"faces": {
				"north": {"uv": [0.5, 7.5, 0.75, 7.5625], "texture": "#1"},
				"east": {"uv": [2, 8, 2.3125, 8.0625], "texture": "#1"},
				"south": {"uv": [8, 2.25, 8.25, 2.3125], "texture": "#1"},
				"west": {"uv": [8, 2, 8.3125, 2.0625], "texture": "#1"},
				"up": {"uv": [5.5, 5.0625, 5.25, 4.75], "texture": "#1"},
				"down": {"uv": [5.25, 5.25, 5, 5.5625], "texture": "#1"}
			}
		},
		{
			"from": [7.3625, 6.8, 8.2],
			"to": [7.6125, 7.25, 8.45],
			"rotation": {"angle": -22.5, "axis": "y", "origin": [7.6125, 7.25, 8.45]},
			"faces": {
				"north": {"uv": [0.5, 7.5, 0.75, 7.5625], "texture": "#1"},
				"east": {"uv": [2, 8, 2.3125, 8.0625], "texture": "#1"},
				"south": {"uv": [8, 2.25, 8.25, 2.3125], "texture": "#1"},
				"west": {"uv": [8, 2, 8.3125, 2.0625], "texture": "#1"},
				"up": {"uv": [5.5, 5.0625, 5.25, 4.75], "texture": "#1"},
				"down": {"uv": [5.25, 5.25, 5, 5.5625], "texture": "#1"}
			}
		},
		{
			"from": [8.3125, 6.6, 7.95],
			"to": [8.5625, 6.85, 8.2],
			"rotation": {"angle": 45, "axis": "x", "origin": [8.3125, 6.85, 8.2]},
			"faces": {
				"north": {"uv": [8, 2, 8.3125, 2.0625], "texture": "#1"},
				"east": {"uv": [0.5, 7.5, 0.75, 7.5625], "texture": "#1"},
				"south": {"uv": [2, 8, 2.3125, 8.0625], "texture": "#1"},
				"west": {"uv": [8, 2.25, 8.25, 2.3125], "texture": "#1"},
				"up": {"uv": [5.5, 5.0625, 5.25, 4.75], "rotation": 90, "texture": "#1"},
				"down": {"uv": [5.25, 5.25, 5, 5.5625], "rotation": 270, "texture": "#1"}
			}
		},
		{
			"from": [7.85, 6.8, 8.0875],
			"to": [8.1, 7.05, 8.3375],
			"rotation": {"angle": 22.5, "axis": "z", "origin": [7.85, 7.05, 8.3375]},
			"faces": {
				"north": {"uv": [8, 2, 8.3125, 2.0625], "texture": "#1"},
				"east": {"uv": [0.5, 7.5, 0.75, 7.5625], "texture": "#1"},
				"south": {"uv": [2, 8, 2.3125, 8.0625], "texture": "#1"},
				"west": {"uv": [8, 2.25, 8.25, 2.3125], "texture": "#1"},
				"up": {"uv": [5.5, 5.0625, 5.25, 4.75], "rotation": 90, "texture": "#1"},
				"down": {"uv": [5.25, 5.25, 5, 5.5625], "rotation": 270, "texture": "#1"}
			}
		},
		{
			"from": [8.1125, 6.8, 8.15],
			"to": [8.3625, 7.05, 8.4],
			"rotation": {"angle": 45, "axis": "x", "origin": [8.1125, 7.05, 8.4]},
			"faces": {
				"north": {"uv": [8, 2, 8.3125, 2.0625], "texture": "#1"},
				"east": {"uv": [0.5, 7.5, 0.75, 7.5625], "texture": "#1"},
				"south": {"uv": [2, 8, 2.3125, 8.0625], "texture": "#1"},
				"west": {"uv": [8, 2.25, 8.25, 2.3125], "texture": "#1"},
				"up": {"uv": [5.5, 5.0625, 5.25, 4.75], "rotation": 90, "texture": "#1"},
				"down": {"uv": [5.25, 5.25, 5, 5.5625], "rotation": 270, "texture": "#1"}
			}
		},
		{
			"from": [8.3125, 6.7, 8.25],
			"to": [8.5625, 6.95, 8.5],
			"rotation": {"angle": 22.5, "axis": "z", "origin": [8.3125, 6.95, 8.5]},
			"faces": {
				"north": {"uv": [8, 2, 8.3125, 2.0625], "texture": "#1"},
				"east": {"uv": [0.5, 7.5, 0.75, 7.5625], "texture": "#1"},
				"south": {"uv": [2, 8, 2.3125, 8.0625], "texture": "#1"},
				"west": {"uv": [8, 2.25, 8.25, 2.3125], "texture": "#1"},
				"up": {"uv": [5.5, 5.0625, 5.25, 4.75], "rotation": 90, "texture": "#1"},
				"down": {"uv": [5.25, 5.25, 5, 5.5625], "rotation": 270, "texture": "#1"}
			}
		},
		{
			"from": [7.4125, 6.8, 7.95],
			"to": [7.6625, 7.05, 8.2],
			"rotation": {"angle": 45, "axis": "x", "origin": [7.4125, 7.05, 8.2]},
			"faces": {
				"north": {"uv": [8, 2, 8.3125, 2.0625], "texture": "#1"},
				"east": {"uv": [0.5, 7.5, 0.75, 7.5625], "texture": "#1"},
				"south": {"uv": [2, 8, 2.3125, 8.0625], "texture": "#1"},
				"west": {"uv": [8, 2.25, 8.25, 2.3125], "texture": "#1"},
				"up": {"uv": [5.5, 5.0625, 5.25, 4.75], "rotation": 90, "texture": "#1"},
				"down": {"uv": [5.25, 5.25, 5, 5.5625], "rotation": 270, "texture": "#1"}
			}
		},
		{
			"from": [8.1, 6.5, 7.4],
			"to": [8.6, 7, 7.9],
			"rotation": {"angle": 0, "axis": "z", "origin": [8.025, 5.70985, 7.125]},
			"faces": {
				"north": {"uv": [0.5, 7.5, 0.75, 7.5625], "texture": "#1"},
				"east": {"uv": [2, 8, 2.3125, 8.0625], "texture": "#1"},
				"south": {"uv": [8, 2.25, 8.25, 2.3125], "texture": "#1"},
				"west": {"uv": [8, 2, 8.3125, 2.0625], "texture": "#1"},
				"up": {"uv": [5.5, 5.0625, 5.25, 4.75], "texture": "#1"},
				"down": {"uv": [5.25, 5.25, 5, 5.5625], "texture": "#1"}
			}
		},
		{
			"from": [7.4, 6.5, 7.5],
			"to": [7.9, 7, 8],
			"rotation": {"angle": 0, "axis": "z", "origin": [7.325, 5.70985, 7.225]},
			"faces": {
				"north": {"uv": [0.5, 7.5, 0.75, 7.5625], "texture": "#1"},
				"east": {"uv": [2, 8, 2.3125, 8.0625], "texture": "#1"},
				"south": {"uv": [8, 2.25, 8.25, 2.3125], "texture": "#1"},
				"west": {"uv": [8, 2, 8.3125, 2.0625], "texture": "#1"},
				"up": {"uv": [5.5, 5.0625, 5.25, 4.75], "texture": "#1"},
				"down": {"uv": [5.25, 5.25, 5, 5.5625], "texture": "#1"}
			}
		},
		{
			"from": [7.3, 6.6, 7.375],
			"to": [8.7, 6.8, 8.625],
			"rotation": {"angle": 0, "axis": "z", "origin": [7.625, 5.80985, 7.625]},
			"faces": {
				"north": {"uv": [0.5, 7.5, 0.75, 7.5625], "texture": "#1"},
				"east": {"uv": [2, 8, 2.3125, 8.0625], "texture": "#1"},
				"south": {"uv": [8, 2.25, 8.25, 2.3125], "texture": "#1"},
				"west": {"uv": [8, 2, 8.3125, 2.0625], "texture": "#1"},
				"up": {"uv": [5.5, 5.0625, 5.25, 4.75], "texture": "#1"},
				"down": {"uv": [5.25, 5.25, 5, 5.5625], "texture": "#1"}
			}
		},
		{
			"from": [8.41173, 6.30985, 7.125],
			"to": [8.66173, 8.50985, 7.375],
			"rotation": {"angle": -22.5, "axis": "z", "origin": [8.53673, 6.50985, 7.25]},
			"faces": {
				"north": {"uv": [7, 1.25, 7.0625, 1.8125], "texture": "#1"},
				"east": {"uv": [1.5, 7, 1.5625, 7.5625], "texture": "#1"},
				"south": {"uv": [1.75, 7, 1.8125, 7.5625], "texture": "#1"},
				"west": {"uv": [2, 7, 2.0625, 7.5625], "texture": "#1"},
				"up": {"uv": [7.3125, 8.5625, 7.25, 8.5], "texture": "#1"},
				"down": {"uv": [8.5625, 7.25, 8.5, 7.3125], "texture": "#1"}
			}
		},
		{
			"from": [7.2, 8.8, 7.125],
			"to": [8.8, 9.05, 7.375],
			"rotation": {"angle": 0, "axis": "y", "origin": [6.975, 7.8, 6.625]},
			"faces": {
				"north": {"uv": [7.5, 0.75, 7.875, 0.8125], "texture": "#1"},
				"east": {"uv": [4.75, 8.5, 4.8125, 8.5625], "texture": "#1"},
				"south": {"uv": [7.5, 1, 7.875, 1.0625], "texture": "#1"},
				"west": {"uv": [8.5, 4.75, 8.5625, 4.8125], "texture": "#1"},
				"up": {"uv": [7.875, 1.3125, 7.5, 1.25], "texture": "#1"},
				"down": {"uv": [7.875, 1.5, 7.5, 1.5625], "texture": "#1"}
			}
		},
		{
			"from": [8.625, 8.8, 7.375],
			"to": [8.8, 9.05, 8.625],
			"rotation": {"angle": 0, "axis": "y", "origin": [8, 8.925, 8]},
			"faces": {
				"north": {"uv": [5, 8.5, 5.0625, 8.5625], "texture": "#1"},
				"east": {"uv": [2, 7.75, 2.3125, 7.8125], "texture": "#1"},
				"south": {"uv": [8.5, 5, 8.5625, 5.0625], "texture": "#1"},
				"west": {"uv": [2.5, 7.75, 2.8125, 7.8125], "texture": "#1"},
				"up": {"uv": [3.0625, 8.0625, 3, 7.75], "texture": "#1"},
				"down": {"uv": [3.3125, 7.75, 3.25, 8.0625], "texture": "#1"}
			}
		},
		{
			"from": [7.2, 8.8, 7.375],
			"to": [7.375, 9.05, 8.625],
			"rotation": {"angle": 0, "axis": "y", "origin": [6.575, 8.925, 8]},
			"faces": {
				"north": {"uv": [5.25, 8.5, 5.3125, 8.5625], "texture": "#1"},
				"east": {"uv": [3.5, 7.75, 3.8125, 7.8125], "texture": "#1"},
				"south": {"uv": [8.5, 5.25, 8.5625, 5.3125], "texture": "#1"},
				"west": {"uv": [4, 7.75, 4.3125, 7.8125], "texture": "#1"},
				"up": {"uv": [4.5625, 8.0625, 4.5, 7.75], "texture": "#1"},
				"down": {"uv": [4.8125, 7.75, 4.75, 8.0625], "texture": "#1"}
			}
		},
		{
			"from": [7.08902, 8.77474, 7.375],
			"to": [7.31402, 9.02474, 8.625],
			"rotation": {"angle": 45, "axis": "z", "origin": [7.22652, 8.89974, 8]},
			"faces": {
				"north": {"uv": [5.5, 8.5, 5.5625, 8.5625], "texture": "#1"},
				"east": {"uv": [5, 7.75, 5.3125, 7.8125], "texture": "#1"},
				"south": {"uv": [8.5, 5.5, 8.5625, 5.5625], "texture": "#1"},
				"west": {"uv": [5.5, 7.75, 5.8125, 7.8125], "texture": "#1"},
				"up": {"uv": [6.0625, 8.0625, 6, 7.75], "texture": "#1"},
				"down": {"uv": [6.3125, 7.75, 6.25, 8.0625], "texture": "#1"}
			}
		},
		{
			"from": [8.68598, 8.77474, 7.375],
			"to": [8.91098, 9.02474, 8.625],
			"rotation": {"angle": -45, "axis": "z", "origin": [8.77348, 8.89974, 8]},
			"faces": {
				"north": {"uv": [5.75, 8.5, 5.8125, 8.5625], "texture": "#1"},
				"east": {"uv": [6.5, 7.75, 6.8125, 7.8125], "texture": "#1"},
				"south": {"uv": [8.5, 5.75, 8.5625, 5.8125], "texture": "#1"},
				"west": {"uv": [7, 7.75, 7.3125, 7.8125], "texture": "#1"},
				"up": {"uv": [7.5625, 8.0625, 7.5, 7.75], "texture": "#1"},
				"down": {"uv": [7.8125, 7.75, 7.75, 8.0625], "texture": "#1"}
			}
		},
		{
			"from": [10.16098, 8.77474, 7.375],
			"to": [10.38598, 9.02474, 8.625],
			"rotation": {"angle": -45, "axis": "z", "origin": [8.77348, 8.89974, 8]},
			"faces": {
				"north": {"uv": [6.5, 8.5, 6.5625, 8.5625], "texture": "#1"},
				"east": {"uv": [7.75, 7.25, 8.0625, 7.3125], "texture": "#1"},
				"south": {"uv": [8.5, 6.5, 8.5625, 6.5625], "texture": "#1"},
				"west": {"uv": [0, 8, 0.3125, 8.0625], "texture": "#1"},
				"up": {"uv": [0.5625, 8.3125, 0.5, 8], "texture": "#1"},
				"down": {"uv": [8.0625, 0.5, 8, 0.8125], "texture": "#1"}
			}
		},
		{
			"from": [5.61402, 8.77474, 7.375],
			"to": [5.83902, 9.02474, 8.625],
			"rotation": {"angle": 45, "axis": "z", "origin": [7.22652, 8.89974, 8]},
			"faces": {
				"north": {"uv": [6.75, 8.5, 6.8125, 8.5625], "texture": "#1"},
				"east": {"uv": [0.75, 8, 1.0625, 8.0625], "texture": "#1"},
				"south": {"uv": [8.5, 6.75, 8.5625, 6.8125], "texture": "#1"},
				"west": {"uv": [8, 1, 8.3125, 1.0625], "texture": "#1"},
				"up": {"uv": [1.3125, 8.3125, 1.25, 8], "texture": "#1"},
				"down": {"uv": [8.0625, 1.25, 8, 1.5625], "texture": "#1"}
			}
		},
		{
			"from": [8.4773, 8.27093, 8.625],
			"to": [10.1773, 8.52093, 8.875],
			"rotation": {"angle": -45, "axis": "z", "origin": [9.2773, 8.39593, 8.75]},
			"faces": {
				"north": {"uv": [7, 4.75, 7.4375, 4.8125], "texture": "#1"},
				"east": {"uv": [4.25, 8.5, 4.3125, 8.5625], "texture": "#1"},
				"south": {"uv": [5, 7, 5.4375, 7.0625], "texture": "#1"},
				"west": {"uv": [8.5, 4.25, 8.5625, 4.3125], "texture": "#1"},
				"up": {"uv": [7.4375, 5.0625, 7, 5], "texture": "#1"},
				"down": {"uv": [7.4375, 5.25, 7, 5.3125], "texture": "#1"}
			}
		},
		{
			"from": [5.8227, 8.27093, 8.625],
			"to": [7.5227, 8.52093, 8.875],
			"rotation": {"angle": 45, "axis": "z", "origin": [6.7227, 8.39593, 8.75]},
			"faces": {
				"north": {"uv": [5.5, 7, 5.9375, 7.0625], "texture": "#1"},
				"east": {"uv": [4.5, 8.5, 4.5625, 8.5625], "texture": "#1"},
				"south": {"uv": [7, 5.5, 7.4375, 5.5625], "texture": "#1"},
				"west": {"uv": [8.5, 4.5, 8.5625, 4.5625], "texture": "#1"},
				"up": {"uv": [7.4375, 5.8125, 7, 5.75], "texture": "#1"},
				"down": {"uv": [7.4375, 6, 7, 6.0625], "texture": "#1"}
			}
		},
		{
			"from": [8.4773, 8.27093, 7.125],
			"to": [10.1773, 8.52093, 7.375],
			"rotation": {"angle": -45, "axis": "z", "origin": [9.2773, 8.39593, 7.25]},
			"faces": {
				"north": {"uv": [7, 7, 7.4375, 7.0625], "texture": "#1"},
				"east": {"uv": [6.25, 8.5, 6.3125, 8.5625], "texture": "#1"},
				"south": {"uv": [7.25, 0, 7.6875, 0.0625], "texture": "#1"},
				"west": {"uv": [8.5, 6.25, 8.5625, 6.3125], "texture": "#1"},
				"up": {"uv": [0.6875, 7.3125, 0.25, 7.25], "texture": "#1"},
				"down": {"uv": [7.6875, 0.25, 7.25, 0.3125], "texture": "#1"}
			}
		},
		{
			"from": [5.8227, 8.27093, 7.125],
			"to": [7.5227, 8.52093, 7.375],
			"rotation": {"angle": 45, "axis": "z", "origin": [6.7227, 8.39593, 7.25]},
			"faces": {
				"north": {"uv": [7, 6.25, 7.4375, 6.3125], "texture": "#1"},
				"east": {"uv": [6, 8.5, 6.0625, 8.5625], "texture": "#1"},
				"south": {"uv": [6.5, 7, 6.9375, 7.0625], "texture": "#1"},
				"west": {"uv": [8.5, 6, 8.5625, 6.0625], "texture": "#1"},
				"up": {"uv": [7.4375, 6.5625, 7, 6.5], "texture": "#1"},
				"down": {"uv": [7.4375, 6.75, 7, 6.8125], "texture": "#1"}
			}
		},
		{
			"name": "hexadecagon",
			"from": [7.97514, 1.375, 7.875],
			"to": [8.02486, 3.925, 7.9375],
			"rotation": {"angle": -45, "axis": "y", "origin": [8, 1.5, 8]},
			"faces": {
				"north": {"uv": [0, 9.2125, 1.99375, 10.8125], "rotation": 90, "texture": "#1"},
				"east": {"uv": [0, 9.2125, 1.99375, 10.8125], "rotation": 270, "texture": "#1"},
				"south": {"uv": [0, 9.2125, 1.99375, 10.8125], "rotation": 270, "texture": "#1"},
				"west": {"uv": [0, 9.2125, 1.99375, 10.8125], "rotation": 270, "texture": "#1"},
				"up": {"uv": [0, 9.2125, 1.99375, 10.8125], "rotation": 270, "texture": "#1"},
				"down": {"uv": [0, 9.2125, 1.99375, 10.8125], "rotation": 270, "texture": "#1"}
			}
		},
		{
			"name": "hexadecagon",
			"from": [7.97514, 1.375, 7.875],
			"to": [8.02486, 3.925, 7.9375],
			"rotation": {"angle": -22.5, "axis": "y", "origin": [8, 1.5, 8]},
			"faces": {
				"north": {"uv": [0, 9.2125, 1.99375, 10.8125], "rotation": 90, "texture": "#1"},
				"east": {"uv": [0, 9.2125, 1.99375, 10.8125], "rotation": 270, "texture": "#1"},
				"south": {"uv": [0, 9.2125, 1.99375, 10.8125], "rotation": 270, "texture": "#1"},
				"west": {"uv": [0, 9.2125, 1.99375, 10.8125], "rotation": 270, "texture": "#1"},
				"up": {"uv": [0, 9.2125, 1.99375, 10.8125], "rotation": 270, "texture": "#1"},
				"down": {"uv": [0, 9.2125, 1.99375, 10.8125], "rotation": 270, "texture": "#1"}
			}
		},
		{
			"name": "hexadecagon",
			"from": [7.97514, 1.375, 7.875],
			"to": [8.02486, 3.925, 7.9375],
			"rotation": {"angle": 0, "axis": "x", "origin": [8, 1.5, 8]},
			"faces": {
				"north": {"uv": [0, 9.2125, 1.99375, 10.8125], "rotation": 90, "texture": "#1"},
				"east": {"uv": [0, 9.2125, 1.99375, 10.8125], "rotation": 270, "texture": "#1"},
				"south": {"uv": [0, 9.2125, 1.99375, 10.8125], "rotation": 270, "texture": "#1"},
				"west": {"uv": [0, 9.2125, 1.99375, 10.8125], "rotation": 270, "texture": "#1"},
				"up": {"uv": [0, 9.2125, 1.99375, 10.8125], "rotation": 270, "texture": "#1"},
				"down": {"uv": [0, 9.2125, 1.99375, 10.8125], "rotation": 270, "texture": "#1"}
			}
		},
		{
			"name": "hexadecagon",
			"from": [7.97514, 1.375, 7.875],
			"to": [8.02486, 3.925, 7.9375],
			"rotation": {"angle": 22.5, "axis": "y", "origin": [8, 1.5, 8]},
			"faces": {
				"north": {"uv": [0, 9.2125, 1.99375, 10.8125], "rotation": 90, "texture": "#1"},
				"east": {"uv": [0, 9.2125, 1.99375, 10.8125], "rotation": 270, "texture": "#1"},
				"south": {"uv": [0, 9.2125, 1.99375, 10.8125], "rotation": 270, "texture": "#1"},
				"west": {"uv": [0, 9.2125, 1.99375, 10.8125], "rotation": 270, "texture": "#1"},
				"up": {"uv": [0, 9.2125, 1.99375, 10.8125], "rotation": 270, "texture": "#1"},
				"down": {"uv": [0, 9.2125, 1.99375, 10.8125], "rotation": 270, "texture": "#1"}
			}
		},
		{
			"name": "hexadecagon",
			"from": [7.97514, 1.375, 7.875],
			"to": [8.02486, 3.925, 7.9375],
			"rotation": {"angle": 45, "axis": "y", "origin": [8, 1.5, 8]},
			"faces": {
				"north": {"uv": [0, 9.2125, 1.99375, 10.8125], "rotation": 90, "texture": "#1"},
				"east": {"uv": [0, 9.2125, 1.99375, 10.8125], "rotation": 270, "texture": "#1"},
				"south": {"uv": [0, 9.2125, 1.99375, 10.8125], "rotation": 270, "texture": "#1"},
				"west": {"uv": [0, 9.2125, 1.99375, 10.8125], "rotation": 270, "texture": "#1"},
				"up": {"uv": [0, 9.2125, 1.99375, 10.8125], "rotation": 270, "texture": "#1"},
				"down": {"uv": [0, 9.2125, 1.99375, 10.8125], "rotation": 270, "texture": "#1"}
			}
		},
		{
			"name": "hexadecagon",
			"from": [7.97514, 1.375, 8.0625],
			"to": [8.02486, 3.925, 8.125],
			"rotation": {"angle": -45, "axis": "y", "origin": [8, 1.5, 8]},
			"faces": {
				"north": {"uv": [0, 9.2125, 1.99375, 10.8125], "rotation": 90, "texture": "#1"},
				"east": {"uv": [0, 9.2125, 1.99375, 10.8125], "rotation": 270, "texture": "#1"},
				"south": {"uv": [0, 9.2125, 1.99375, 10.8125], "rotation": 270, "texture": "#1"},
				"west": {"uv": [0, 9.2125, 1.99375, 10.8125], "rotation": 270, "texture": "#1"},
				"up": {"uv": [0, 9.2125, 1.99375, 10.8125], "rotation": 270, "texture": "#1"},
				"down": {"uv": [0, 9.2125, 1.99375, 10.8125], "rotation": 270, "texture": "#1"}
			}
		},
		{
			"name": "hexadecagon",
			"from": [7.97514, 1.375, 8.0625],
			"to": [8.02486, 3.925, 8.125],
			"rotation": {"angle": -22.5, "axis": "y", "origin": [8, 1.5, 8]},
			"faces": {
				"north": {"uv": [0, 9.2125, 1.99375, 10.8125], "rotation": 90, "texture": "#1"},
				"east": {"uv": [0, 9.2125, 1.99375, 10.8125], "rotation": 270, "texture": "#1"},
				"south": {"uv": [0, 9.2125, 1.99375, 10.8125], "rotation": 270, "texture": "#1"},
				"west": {"uv": [0, 9.2125, 1.99375, 10.8125], "rotation": 270, "texture": "#1"},
				"up": {"uv": [0, 9.2125, 1.99375, 10.8125], "rotation": 270, "texture": "#1"},
				"down": {"uv": [0, 9.2125, 1.99375, 10.8125], "rotation": 270, "texture": "#1"}
			}
		},
		{
			"name": "hexadecagon",
			"from": [7.97514, 1.375, 8.0625],
			"to": [8.02486, 3.925, 8.125],
			"rotation": {"angle": 0, "axis": "x", "origin": [8, 1.5, 8]},
			"faces": {
				"north": {"uv": [0, 9.2125, 1.99375, 10.8125], "rotation": 90, "texture": "#1"},
				"east": {"uv": [0, 9.2125, 1.99375, 10.8125], "rotation": 270, "texture": "#1"},
				"south": {"uv": [0, 9.2125, 1.99375, 10.8125], "rotation": 270, "texture": "#1"},
				"west": {"uv": [0, 9.2125, 1.99375, 10.8125], "rotation": 270, "texture": "#1"},
				"up": {"uv": [0, 9.2125, 1.99375, 10.8125], "rotation": 270, "texture": "#1"},
				"down": {"uv": [0, 9.2125, 1.99375, 10.8125], "rotation": 270, "texture": "#1"}
			}
		},
		{
			"name": "hexadecagon",
			"from": [7.97514, 1.375, 8.0625],
			"to": [8.02486, 3.925, 8.125],
			"rotation": {"angle": 22.5, "axis": "y", "origin": [8, 1.5, 8]},
			"faces": {
				"north": {"uv": [0, 9.2125, 1.99375, 10.8125], "rotation": 90, "texture": "#1"},
				"east": {"uv": [0, 9.2125, 1.99375, 10.8125], "rotation": 270, "texture": "#1"},
				"south": {"uv": [0, 9.2125, 1.99375, 10.8125], "rotation": 270, "texture": "#1"},
				"west": {"uv": [0, 9.2125, 1.99375, 10.8125], "rotation": 270, "texture": "#1"},
				"up": {"uv": [0, 9.2125, 1.99375, 10.8125], "rotation": 270, "texture": "#1"},
				"down": {"uv": [0, 9.2125, 1.99375, 10.8125], "rotation": 270, "texture": "#1"}
			}
		},
		{
			"name": "hexadecagon",
			"from": [7.97514, 1.375, 8.0625],
			"to": [8.02486, 3.925, 8.125],
			"rotation": {"angle": 45, "axis": "y", "origin": [8, 1.5, 8]},
			"faces": {
				"north": {"uv": [0, 9.2125, 1.99375, 10.8125], "rotation": 90, "texture": "#1"},
				"east": {"uv": [0, 9.2125, 1.99375, 10.8125], "rotation": 270, "texture": "#1"},
				"south": {"uv": [0, 9.2125, 1.99375, 10.8125], "rotation": 270, "texture": "#1"},
				"west": {"uv": [0, 9.2125, 1.99375, 10.8125], "rotation": 270, "texture": "#1"},
				"up": {"uv": [0, 9.2125, 1.99375, 10.8125], "rotation": 270, "texture": "#1"},
				"down": {"uv": [0, 9.2125, 1.99375, 10.8125], "rotation": 270, "texture": "#1"}
			}
		},
		{
			"name": "hexadecagon",
			"from": [8.0625, 1.375, 7.97514],
			"to": [8.125, 3.925, 8.02486],
			"rotation": {"angle": -22.5, "axis": "y", "origin": [8, 1.5, 8]},
			"faces": {
				"north": {"uv": [0, 9.2125, 1.99375, 10.8125], "rotation": 90, "texture": "#1"},
				"east": {"uv": [0, 9.2125, 1.99375, 10.8125], "rotation": 270, "texture": "#1"},
				"south": {"uv": [0, 9.2125, 1.99375, 10.8125], "rotation": 270, "texture": "#1"},
				"west": {"uv": [0, 9.2125, 1.99375, 10.8125], "rotation": 270, "texture": "#1"},
				"up": {"uv": [0, 9.2125, 1.99375, 10.8125], "rotation": 270, "texture": "#1"},
				"down": {"uv": [0, 9.2125, 1.99375, 10.8125], "rotation": 270, "texture": "#1"}
			}
		},
		{
			"name": "hexadecagon",
			"from": [8.0625, 1.375, 7.97514],
			"to": [8.125, 3.925, 8.02486],
			"rotation": {"angle": 0, "axis": "x", "origin": [8, 1.5, 8]},
			"faces": {
				"north": {"uv": [0, 9.2125, 1.99375, 10.8125], "rotation": 90, "texture": "#1"},
				"east": {"uv": [0, 9.2125, 1.99375, 10.8125], "rotation": 270, "texture": "#1"},
				"south": {"uv": [0, 9.2125, 1.99375, 10.8125], "rotation": 270, "texture": "#1"},
				"west": {"uv": [0, 9.2125, 1.99375, 10.8125], "rotation": 270, "texture": "#1"},
				"up": {"uv": [0, 9.2125, 1.99375, 10.8125], "rotation": 270, "texture": "#1"},
				"down": {"uv": [0, 9.2125, 1.99375, 10.8125], "rotation": 270, "texture": "#1"}
			}
		},
		{
			"name": "hexadecagon",
			"from": [8.0625, 1.375, 7.97514],
			"to": [8.125, 3.925, 8.02486],
			"rotation": {"angle": 22.5, "axis": "y", "origin": [8, 1.5, 8]},
			"faces": {
				"north": {"uv": [0, 9.2125, 1.99375, 10.8125], "rotation": 90, "texture": "#1"},
				"east": {"uv": [0, 9.2125, 1.99375, 10.8125], "rotation": 270, "texture": "#1"},
				"south": {"uv": [0, 9.2125, 1.99375, 10.8125], "rotation": 270, "texture": "#1"},
				"west": {"uv": [0, 9.2125, 1.99375, 10.8125], "rotation": 270, "texture": "#1"},
				"up": {"uv": [0, 9.2125, 1.99375, 10.8125], "rotation": 270, "texture": "#1"},
				"down": {"uv": [0, 9.2125, 1.99375, 10.8125], "rotation": 270, "texture": "#1"}
			}
		},
		{
			"name": "hexadecagon",
			"from": [7.875, 1.375, 7.97514],
			"to": [7.9375, 3.925, 8.02486],
			"rotation": {"angle": -22.5, "axis": "y", "origin": [8, 1.5, 8]},
			"faces": {
				"north": {"uv": [0, 9.2125, 1.99375, 10.8125], "rotation": 90, "texture": "#1"},
				"east": {"uv": [0, 9.2125, 1.99375, 10.8125], "rotation": 270, "texture": "#1"},
				"south": {"uv": [0, 9.2125, 1.99375, 10.8125], "rotation": 270, "texture": "#1"},
				"west": {"uv": [0, 9.2125, 1.99375, 10.8125], "rotation": 270, "texture": "#1"},
				"up": {"uv": [0, 9.2125, 1.99375, 10.8125], "rotation": 270, "texture": "#1"},
				"down": {"uv": [0, 9.2125, 1.99375, 10.8125], "rotation": 270, "texture": "#1"}
			}
		},
		{
			"name": "hexadecagon",
			"from": [7.875, 1.375, 7.97514],
			"to": [7.9375, 3.925, 8.02486],
			"rotation": {"angle": 0, "axis": "x", "origin": [8, 1.5, 8]},
			"faces": {
				"north": {"uv": [0, 9.2125, 1.99375, 10.8125], "rotation": 90, "texture": "#1"},
				"east": {"uv": [0, 9.2125, 1.99375, 10.8125], "rotation": 270, "texture": "#1"},
				"south": {"uv": [0, 9.2125, 1.99375, 10.8125], "rotation": 270, "texture": "#1"},
				"west": {"uv": [0, 9.2125, 1.99375, 10.8125], "rotation": 270, "texture": "#1"},
				"up": {"uv": [0, 9.2125, 1.99375, 10.8125], "rotation": 270, "texture": "#1"},
				"down": {"uv": [0, 9.2125, 1.99375, 10.8125], "rotation": 270, "texture": "#1"}
			}
		},
		{
			"name": "hexadecagon",
			"from": [7.875, 1.375, 7.97514],
			"to": [7.9375, 3.925, 8.02486],
			"rotation": {"angle": 22.5, "axis": "y", "origin": [8, 1.5, 8]},
			"faces": {
				"north": {"uv": [0, 9.2125, 1.99375, 10.8125], "rotation": 90, "texture": "#1"},
				"east": {"uv": [0, 9.2125, 1.99375, 10.8125], "rotation": 270, "texture": "#1"},
				"south": {"uv": [0, 9.2125, 1.99375, 10.8125], "rotation": 270, "texture": "#1"},
				"west": {"uv": [0, 9.2125, 1.99375, 10.8125], "rotation": 270, "texture": "#1"},
				"up": {"uv": [0, 9.2125, 1.99375, 10.8125], "rotation": 270, "texture": "#1"},
				"down": {"uv": [0, 9.2125, 1.99375, 10.8125], "rotation": 270, "texture": "#1"}
			}
		}
	],
	"display": {
		"thirdperson_righthand": {
			"rotation": [0, 90, 0],
			"translation": [0, 5.75, -0.25],
			"scale": [1.45, 1.45, 1.45]
		},
		"thirdperson_lefthand": {
			"rotation": [0, 90, 0],
			"translation": [0, 5.75, -0.25],
			"scale": [1.45, 1.45, 1.45]
		},
		"firstperson_righthand": {
			"rotation": [-156.57, 76.81, 154.31],
			"translation": [4.5, 1.75, -3.75],
			"scale": [1.3, 1.3, 1.3]
		},
		"firstperson_lefthand": {
			"rotation": [-156.57, 76.81, 154.31],
			"translation": [4.5, 1.75, -3.75],
			"scale": [1.3, 1.3, 1.3]
		},
		"ground": {
			"rotation": [0, 45, 45],
			"translation": [0, 10.75, 0],
			"scale": [1.5, 1.5, 1.5]
		},
		"gui": {
			"rotation": [-9, 0, -45],
			"translation": [-0.5, -0.5, 0],
			"scale": [1.06, 1.06, 1.06]
		},
		"head": {
			"translation": [0, 5.5, 0],
			"scale": [2, 2, 2]
		}
	},
	"groups": [
		{
			"name": "Cone",
			"origin": [-0.5, 0, -0.5],
			"color": 0,
			"nbt": "{}",
			"children": [0, 1, 2, 3, 4]
		},
		{
			"name": "Ice",
			"origin": [-1.5, 0, -0.5],
			"color": 0,
			"nbt": "{}",
			"children": [5, 6, 7, 8, 9, 10, 11, 12, 13, 14, 15, 16, 17, 18, 19, 20, 21, 22, 23, 24]
		},
		{
			"name": "Cone",
			"origin": [-0.5, 0, -0.5],
			"color": 0,
			"nbt": "{}",
			"children": [25, 26, 27, 28, 29]
		},
		{
			"name": "Ice",
			"origin": [-1.5, 0, -0.5],
			"color": 0,
			"nbt": "{}",
			"children": [30, 31, 32, 33, 34, 35, 36, 37, 38, 39, 40, 41, 42, 43, 44, 45, 46, 47, 48, 49]
		},
		{
			"name": "Cone",
			"origin": [-0.5, 0, -0.5],
			"color": 0,
			"nbt": "{}",
			"children": [50, 51, 52, 53, 54]
		},
		{
			"name": "Ice",
			"origin": [-1.5, 0, -0.5],
			"color": 0,
			"nbt": "{}",
			"children": [55, 56, 57, 58, 59, 60, 61, 62, 63, 64, 65, 66, 67, 68, 69, 70, 71, 72, 73, 74]
		},
		{
			"name": "Handle",
			"origin": [6.7227, 8.39593, 7.25],
			"color": 0,
			"nbt": "{}",
			"children": [75, 76, 77, 78, 79, 80, 81, 82, 83, 84, 85, 86, 87, 88, 89, 90, 91, 92, 93, 94, 95, 96, 97, 98, 99, 100, 101, 102, 103, 104, 105, 106, 107, 108, 109, 110, 111, 112, 113, 114]
		},
		{
			"name": "hexadecagon",
			"origin": [4.4, 8, 11],
			"color": 0,
			"nbt": "{}",
			"children": [115, 116, 117, 118, 119, 120, 121, 122, 123, 124, 125, 126, 127, 128, 129, 130]
		}
	]
}