{
	"credit": "Made by ChainArts",
	"parent": "minecraft:block/stone_button",
	"texture_size": [128, 128],
	"textures": {
		"0": "item/crates/skin",
		"1": "item/crates/skin_1"
	},
	"elements": [
		{
			"from": [-4, 0, 0],
			"to": [20, 3, 16],
			"faces": {
				"north": {"uv": [5.75, 0.5, 8.75, 0.875], "texture": "#0"},
				"east": {"uv": [5.5, 6.875, 7.5, 7.25], "texture": "#0"},
				"south": {"uv": [5.75, 0.875, 8.75, 1.25], "texture": "#0"},
				"west": {"uv": [5.5, 7.25, 7.5, 7.625], "texture": "#0"},
				"up": {"uv": [3, 2, 0, 0], "texture": "#0"},
				"down": {"uv": [3, 2, 0, 4], "texture": "#0"}
			}
		},
		{
			"from": [-4, 2, 0],
			"to": [-2, 4, 2],
			"rotation": {"angle": 0, "axis": "y", "origin": [8, 10, 8]},
			"faces": {
				"north": {"uv": [7.375, 10.625, 7.625, 10.875], "texture": "#0"},
				"east": {"uv": [7.625, 10.625, 7.875, 10.875], "texture": "#0"},
				"south": {"uv": [7.875, 10.625, 8.125, 10.875], "texture": "#0"},
				"west": {"uv": [10.625, 8.375, 10.875, 8.625], "texture": "#0"},
				"up": {"uv": [10.875, 8.875, 10.625, 8.625], "texture": "#0"},
				"down": {"uv": [10.875, 9.375, 10.625, 9.625], "texture": "#0"}
			}
		},
		{
			"from": [18, 2, 0],
			"to": [20, 4, 2],
			"rotation": {"angle": 0, "axis": "y", "origin": [8, 10, 8]},
			"faces": {
				"north": {"uv": [9.625, 10.625, 9.875, 10.875], "texture": "#0"},
				"east": {"uv": [10.625, 9.625, 10.875, 9.875], "texture": "#0"},
				"south": {"uv": [9.875, 10.625, 10.125, 10.875], "texture": "#0"},
				"west": {"uv": [10.625, 9.875, 10.875, 10.125], "texture": "#0"},
				"up": {"uv": [10.375, 10.875, 10.125, 10.625], "texture": "#0"},
				"down": {"uv": [10.875, 10.125, 10.625, 10.375], "texture": "#0"}
			}
		},
		{
			"from": [18, 5.08239, 0.61313],
			"to": [20, 13.08239, 2.61313],
			"rotation": {"angle": 0, "axis": "y", "origin": [8, 13.08239, 8.61313]},
			"faces": {
				"north": {"uv": [6.75, 9, 7, 10], "texture": "#0"},
				"east": {"uv": [7, 9, 7.25, 10], "texture": "#0"},
				"south": {"uv": [7.25, 9, 7.5, 10], "texture": "#0"},
				"west": {"uv": [7.5, 9, 7.75, 10], "texture": "#0"},
				"up": {"uv": [10.625, 10.875, 10.375, 10.625], "texture": "#0"},
				"down": {"uv": [10.875, 10.375, 10.625, 10.625], "texture": "#0"}
			}
		},
		{
			"from": [-2, 10.08239, 0.61313],
			"to": [18, 13.08239, 2.61313],
			"rotation": {"angle": 0, "axis": "y", "origin": [8, 13.08239, 8.61313]},
			"faces": {
				"north": {"uv": [0, 5.375, 2.5, 5.75], "texture": "#0"},
				"east": {"uv": [2.75, 4, 3, 4.375], "texture": "#0"},
				"south": {"uv": [0, 6.25, 2.5, 6.625], "texture": "#0"},
				"west": {"uv": [2.5, 5.375, 2.75, 5.75], "texture": "#0"},
				"up": {"uv": [5.5, 8.875, 3, 8.625], "texture": "#0"},
				"down": {"uv": [2.5, 8.75, 0, 9], "texture": "#0"}
			}
		},
		{
			"from": [-4, 5.08239, 0.61313],
			"to": [-2, 13.08239, 2.61313],
			"rotation": {"angle": 0, "axis": "y", "origin": [8, 13.08239, 8.61313]},
			"faces": {
				"north": {"uv": [7.75, 9, 8, 10], "texture": "#0"},
				"east": {"uv": [9, 7.75, 9.25, 8.75], "texture": "#0"},
				"south": {"uv": [8, 9, 8.25, 10], "texture": "#0"},
				"west": {"uv": [8.25, 9, 8.5, 10], "texture": "#0"},
				"up": {"uv": [10.875, 10.875, 10.625, 10.625], "texture": "#0"},
				"down": {"uv": [11, 0.5, 10.75, 0.75], "texture": "#0"}
			}
		},
		{
			"from": [18, 5.08239, 13.38687],
			"to": [20, 13.08239, 15.38687],
			"rotation": {"angle": 0, "axis": "y", "origin": [8, 13.08239, 21.38687]},
			"faces": {
				"north": {"uv": [8.5, 9, 8.75, 10], "texture": "#0"},
				"east": {"uv": [8.75, 9, 9, 10], "texture": "#0"},
				"south": {"uv": [9, 9, 9.25, 10], "texture": "#0"},
				"west": {"uv": [2.75, 9.125, 3, 10.125], "texture": "#0"},
				"up": {"uv": [1, 11, 0.75, 10.75], "texture": "#0"},
				"down": {"uv": [11, 0.75, 10.75, 1], "texture": "#0"}
			}
		},
		{
			"from": [-4, 5.08239, 13.38687],
			"to": [-2, 13.08239, 15.38687],
			"rotation": {"angle": 0, "axis": "y", "origin": [8, 13.08239, 21.38687]},
			"faces": {
				"north": {"uv": [3, 9.125, 3.25, 10.125], "texture": "#0"},
				"east": {"uv": [3.25, 9.125, 3.5, 10.125], "texture": "#0"},
				"south": {"uv": [3.5, 9.125, 3.75, 10.125], "texture": "#0"},
				"west": {"uv": [3.75, 9.125, 4, 10.125], "texture": "#0"},
				"up": {"uv": [11, 1.25, 10.75, 1], "texture": "#0"},
				"down": {"uv": [11, 1.25, 10.75, 1.5], "texture": "#0"}
			}
		},
		{
			"from": [-2, 10.08239, 13.38687],
			"to": [18, 13.08239, 15.38687],
			"rotation": {"angle": 0, "axis": "y", "origin": [8, 13.08239, 21.38687]},
			"faces": {
				"north": {"uv": [2.5, 6.5, 5, 6.875], "texture": "#0"},
				"east": {"uv": [5.25, 9.625, 5.5, 10], "texture": "#0"},
				"south": {"uv": [5, 6.5, 7.5, 6.875], "texture": "#0"},
				"west": {"uv": [10.375, 2.25, 10.625, 2.625], "texture": "#0"},
				"up": {"uv": [11.25, 0.25, 8.75, 0], "texture": "#0"},
				"down": {"uv": [11.25, 0.25, 8.75, 0.5], "texture": "#0"}
			}
		},
		{
			"from": [18, 10.08239, 2.61313],
			"to": [20, 13.08239, 13.38313],
			"rotation": {"angle": 0, "axis": "y", "origin": [8, 13.08239, 19.38]},
			"faces": {
				"north": {"uv": [2.375, 10.375, 2.625, 10.75], "texture": "#0"},
				"east": {"uv": [8.75, 0.5, 10.125, 0.875], "texture": "#0"},
				"south": {"uv": [2.625, 10.375, 2.875, 10.75], "texture": "#0"},
				"west": {"uv": [8.75, 0.875, 10.125, 1.25], "texture": "#0"},
				"up": {"uv": [5.75, 10, 5.5, 8.625], "texture": "#0"},
				"down": {"uv": [6, 8.625, 5.75, 10], "texture": "#0"}
			}
		},
		{
			"from": [-4, 10.08239, 2.61313],
			"to": [-2, 13.08239, 13.38313],
			"rotation": {"angle": 0, "axis": "y", "origin": [-14, 13.08239, 19.38]},
			"faces": {
				"north": {"uv": [10.375, 2.625, 10.625, 3], "texture": "#0"},
				"east": {"uv": [8.75, 1.25, 10.125, 1.625], "texture": "#0"},
				"south": {"uv": [2.875, 10.375, 3.125, 10.75], "texture": "#0"},
				"west": {"uv": [8.75, 1.625, 10.125, 2], "texture": "#0"},
				"up": {"uv": [9, 3.375, 8.75, 2], "texture": "#0"},
				"down": {"uv": [2.75, 8.75, 2.5, 10.125], "texture": "#0"}
			}
		},
		{
			"from": [18, 0.32957, 2.4525],
			"to": [20, 2.32957, 4.4525],
			"rotation": {"angle": 22.5, "axis": "x", "origin": [8, 8.32957, 10.4525]},
			"faces": {
				"north": {"uv": [10.75, 1.5, 11, 1.75], "texture": "#0"},
				"east": {"uv": [10.75, 1.75, 11, 2], "texture": "#0"},
				"south": {"uv": [2.375, 10.75, 2.625, 11], "texture": "#0"},
				"west": {"uv": [2.625, 10.75, 2.875, 11], "texture": "#0"},
				"up": {"uv": [3.125, 11, 2.875, 10.75], "texture": "#0"},
				"down": {"uv": [3.375, 10.75, 3.125, 11], "texture": "#0"}
			}
		},
		{
			"from": [-4, 0.32957, 2.4525],
			"to": [-2, 2.32957, 4.4525],
			"rotation": {"angle": 22.5, "axis": "x", "origin": [8, 8.32957, 10.4525]},
			"faces": {
				"north": {"uv": [10.75, 3.25, 11, 3.5], "texture": "#0"},
				"east": {"uv": [3.375, 10.75, 3.625, 11], "texture": "#0"},
				"south": {"uv": [10.75, 3.5, 11, 3.75], "texture": "#0"},
				"west": {"uv": [10.75, 3.75, 11, 4], "texture": "#0"},
				"up": {"uv": [4.25, 11, 4, 10.75], "texture": "#0"},
				"down": {"uv": [11, 4, 10.75, 4.25], "texture": "#0"}
			}
		},
		{
			"from": [18, 5.68714, 10.48181],
			"to": [20, 7.68714, 12.48181],
			"rotation": {"angle": -22.5, "axis": "x", "origin": [8, 13.68714, 18.48181]},
			"faces": {
				"north": {"uv": [4.25, 10.75, 4.5, 11], "texture": "#0"},
				"east": {"uv": [10.75, 4.25, 11, 4.5], "texture": "#0"},
				"south": {"uv": [4.5, 10.75, 4.75, 11], "texture": "#0"},
				"west": {"uv": [10.75, 4.5, 11, 4.75], "texture": "#0"},
				"up": {"uv": [5, 11, 4.75, 10.75], "texture": "#0"},
				"down": {"uv": [11, 4.75, 10.75, 5], "texture": "#0"}
			}
		},
		{
			"from": [-4, 5.68714, 10.48181],
			"to": [-2, 7.68714, 12.48181],
			"rotation": {"angle": -22.5, "axis": "x", "origin": [8, 13.68714, 18.48181]},
			"faces": {
				"north": {"uv": [5, 10.75, 5.25, 11], "texture": "#0"},
				"east": {"uv": [5.25, 10.75, 5.5, 11], "texture": "#0"},
				"south": {"uv": [5.5, 10.75, 5.75, 11], "texture": "#0"},
				"west": {"uv": [5.75, 10.75, 6, 11], "texture": "#0"},
				"up": {"uv": [6.25, 11, 6, 10.75], "texture": "#0"},
				"down": {"uv": [6.875, 10.75, 6.625, 11], "texture": "#0"}
			}
		},
		{
			"from": [18, 2, 14],
			"to": [20, 4, 16],
			"rotation": {"angle": 0, "axis": "y", "origin": [8, 10, 22]},
			"faces": {
				"north": {"uv": [10.75, 6.75, 11, 7], "texture": "#0"},
				"east": {"uv": [6.875, 10.75, 7.125, 11], "texture": "#0"},
				"south": {"uv": [10.75, 7, 11, 7.25], "texture": "#0"},
				"west": {"uv": [7.125, 10.75, 7.375, 11], "texture": "#0"},
				"up": {"uv": [11, 7.5, 10.75, 7.25], "texture": "#0"},
				"down": {"uv": [11, 7.75, 10.75, 8], "texture": "#0"}
			}
		},
		{
			"from": [-4, 2, 14],
			"to": [-2, 4, 16],
			"rotation": {"angle": 0, "axis": "y", "origin": [8, 10, 22]},
			"faces": {
				"north": {"uv": [10.75, 8, 11, 8.25], "texture": "#0"},
				"east": {"uv": [8.125, 10.75, 8.375, 11], "texture": "#0"},
				"south": {"uv": [8.375, 10.75, 8.625, 11], "texture": "#0"},
				"west": {"uv": [8.625, 10.75, 8.875, 11], "texture": "#0"},
				"up": {"uv": [9.125, 11, 8.875, 10.75], "texture": "#0"},
				"down": {"uv": [11, 8.875, 10.75, 9.125], "texture": "#0"}
			}
		},
		{
			"from": [-3, 2, 2],
			"to": [19, 13.08, 14],
			"rotation": {"angle": 0, "axis": "y", "origin": [8, 10, 20]},
			"faces": {
				"north": {"uv": [3, 3, 5.75, 4.375], "texture": "#0"},
				"east": {"uv": [2.75, 4.375, 4.25, 5.75], "texture": "#0"},
				"south": {"uv": [0, 4, 2.75, 5.375], "texture": "#0"},
				"west": {"uv": [4.25, 4.375, 5.75, 5.75], "texture": "#0"},
				"up": {"uv": [5.75, 1.5, 3, 0], "texture": "#0"},
				"down": {"uv": [5.75, 1.5, 3, 3], "texture": "#0"}
			}
		},
		{
			"name": "hexadecagon",
			"from": [-3, 16.07359, 3.37644],
			"to": [-2, 21.05728, 14.37644],
			"rotation": {"angle": 22.5, "axis": "x", "origin": [-2.5, 16.56543, 8.87644]},
			"faces": {
				"north": {"uv": [6.625, 9.375, 6.75, 10], "texture": "#0"},
				"east": {"uv": [0, 6.625, 1.375, 7.25], "texture": "#0"},
				"south": {"uv": [3.625, 10.375, 3.75, 11], "texture": "#0"},
				"west": {"uv": [1.375, 6.875, 2.75, 7.5], "texture": "#0"},
				"up": {"uv": [2.5, 10.375, 2.375, 9], "texture": "#0"},
				"down": {"uv": [1.375, 9.25, 1.25, 10.625], "texture": "#0"}
			}
		},
		{
			"name": "hexadecagon",
			"from": [18, 16.07359, 3.37644],
			"to": [19, 21.05728, 14.37644],
			"rotation": {"angle": 22.5, "axis": "x", "origin": [18.5, 16.56543, 8.87644]},
			"faces": {
				"north": {"uv": [9.5, 10.5, 9.625, 11.125], "texture": "#0"},
				"east": {"uv": [2.75, 6.875, 4.125, 7.5], "texture": "#0"},
				"south": {"uv": [2.25, 10.625, 2.375, 11.25], "texture": "#0"},
				"west": {"uv": [4.125, 6.875, 5.5, 7.5], "texture": "#0"},
				"up": {"uv": [9.25, 11.375, 9.125, 10], "texture": "#0"},
				"down": {"uv": [0.125, 10.125, 0, 11.5], "texture": "#0"}
			}
		},
		{
			"name": "hexadecagon",
			"from": [-3, 20.67584, 5.29408],
			"to": [-2, 21.65952, 13.29408],
			"rotation": {"angle": 22.5, "axis": "x", "origin": [-2.5, 16.16768, 9.79408]},
			"faces": {
				"north": {"uv": [9.75, 8.125, 9.875, 8.25], "texture": "#0"},
				"east": {"uv": [3, 7.5, 4, 7.625], "texture": "#0"},
				"south": {"uv": [10.375, 8, 10.5, 8.125], "texture": "#0"},
				"west": {"uv": [4, 7.5, 5, 7.625], "texture": "#0"},
				"up": {"uv": [1.25, 11.125, 1.125, 10.125], "texture": "#0"},
				"down": {"uv": [3.875, 10.125, 3.75, 11.125], "texture": "#0"}
			}
		},
		{
			"name": "hexadecagon",
			"from": [18, 20.67584, 5.29408],
			"to": [19, 21.65952, 13.29408],
			"rotation": {"angle": 22.5, "axis": "x", "origin": [18.5, 16.16768, 9.79408]},
			"faces": {
				"north": {"uv": [10.5, 8.375, 10.625, 8.5], "texture": "#0"},
				"east": {"uv": [6, 7.625, 7, 7.75], "texture": "#0"},
				"south": {"uv": [10.625, 3.25, 10.75, 3.375], "texture": "#0"},
				"west": {"uv": [9, 6.375, 10, 6.5], "texture": "#0"},
				"up": {"uv": [4, 11.125, 3.875, 10.125], "texture": "#0"},
				"down": {"uv": [6.5, 10.125, 6.375, 11.125], "texture": "#0"}
			}
		},
		{
			"from": [-2.00208, 12.07193, 0.61313],
			"to": [2.99792, 15.07193, 2.61313],
			"rotation": {"angle": -22.5, "axis": "z", "origin": [-7.00208, 11.07193, 8.61313]},
			"faces": {
				"north": {"uv": [9.25, 8.25, 9.875, 8.625], "texture": "#0"},
				"east": {"uv": [10.375, 3, 10.625, 3.375], "texture": "#0"},
				"south": {"uv": [9.25, 9, 9.875, 9.375], "texture": "#0"},
				"west": {"uv": [3.125, 10.375, 3.375, 10.75], "texture": "#0"},
				"up": {"uv": [0.75, 10.375, 0.125, 10.125], "texture": "#0"},
				"down": {"uv": [10.75, 0.5, 10.125, 0.75], "texture": "#0"}
			}
		},
		{
			"from": [2.6194, 8.16897, 0.61313],
			"to": [13.3794, 10.16897, 2.61313],
			"rotation": {"angle": 0, "axis": "z", "origin": [-2.3806, 11.16897, 8.61313]},
			"faces": {
				"north": {"uv": [0, 7.25, 1.375, 7.5], "texture": "#0"},
				"east": {"uv": [10.75, 9.125, 11, 9.375], "texture": "#0"},
				"south": {"uv": [8.75, 3.375, 10.125, 3.625], "texture": "#0"},
				"west": {"uv": [0.125, 10.875, 0.375, 11.125], "texture": "#0"},
				"up": {"uv": [10.125, 3.875, 8.75, 3.625], "texture": "#0"},
				"down": {"uv": [10.125, 3.875, 8.75, 4.125], "texture": "#0"}
			}
		},
		{
			"from": [12.61315, 6.02719, 0.61313],
			"to": [17.61315, 9.02719, 2.61313],
			"rotation": {"angle": 22.5, "axis": "z", "origin": [7.61315, 9.02719, 8.61313]},
			"faces": {
				"north": {"uv": [6, 9.375, 6.625, 9.75], "texture": "#0"},
				"east": {"uv": [3.375, 10.375, 3.625, 10.75], "texture": "#0"},
				"south": {"uv": [9.25, 9.375, 9.875, 9.75], "texture": "#0"},
				"west": {"uv": [4, 10.375, 4.25, 10.75], "texture": "#0"},
				"up": {"uv": [10.75, 1, 10.125, 0.75], "texture": "#0"},
				"down": {"uv": [10.75, 1, 10.125, 1.25], "texture": "#0"}
			}
		},
		{
			"from": [-2.00208, -1.97193, 0.61313],
			"to": [2.99792, 1.02807, 2.61313],
			"rotation": {"angle": 22.5, "axis": "z", "origin": [-7.00208, 2.02807, 8.61313]},
			"faces": {
				"north": {"uv": [4, 9.625, 4.625, 10], "texture": "#0"},
				"east": {"uv": [4.25, 10.375, 4.5, 10.75], "texture": "#0"},
				"south": {"uv": [4.625, 9.625, 5.25, 10], "texture": "#0"},
				"west": {"uv": [4.5, 10.375, 4.75, 10.75], "texture": "#0"},
				"up": {"uv": [10.75, 1.5, 10.125, 1.25], "texture": "#0"},
				"down": {"uv": [10.75, 1.5, 10.125, 1.75], "texture": "#0"}
			}
		},
		{
			"from": [2.6194, 2.93103, 0.61313],
			"to": [13.3794, 4.93103, 2.61313],
			"rotation": {"angle": 0, "axis": "z", "origin": [-2.3806, 1.93103, 8.61313]},
			"faces": {
				"north": {"uv": [8.75, 4.125, 10.125, 4.375], "texture": "#0"},
				"east": {"uv": [1.5, 10.875, 1.75, 11.125], "texture": "#0"},
				"south": {"uv": [8.75, 4.375, 10.125, 4.625], "texture": "#0"},
				"west": {"uv": [1.75, 10.875, 2, 11.125], "texture": "#0"},
				"up": {"uv": [10.125, 4.875, 8.75, 4.625], "texture": "#0"},
				"down": {"uv": [10.125, 4.875, 8.75, 5.125], "texture": "#0"}
			}
		},
		{
			"from": [12.61315, 4.07281, 0.61313],
			"to": [17.61315, 7.07281, 2.61313],
			"rotation": {"angle": -22.5, "axis": "z", "origin": [7.61315, 4.07281, 8.61313]},
			"faces": {
				"north": {"uv": [0, 9.75, 0.625, 10.125], "texture": "#0"},
				"east": {"uv": [4.75, 10.375, 5, 10.75], "texture": "#0"},
				"south": {"uv": [0.625, 9.75, 1.25, 10.125], "texture": "#0"},
				"west": {"uv": [5, 10.375, 5.25, 10.75], "texture": "#0"},
				"up": {"uv": [10.75, 2, 10.125, 1.75], "texture": "#0"},
				"down": {"uv": [3.125, 10.125, 2.5, 10.375], "texture": "#0"}
			}
		},
		{
			"from": [-2.00208, 12.07193, 13.38687],
			"to": [2.99792, 15.07193, 15.38687],
			"rotation": {"angle": -22.5, "axis": "z", "origin": [-7.00208, 11.07193, 21.38687]},
			"faces": {
				"north": {"uv": [9.75, 3, 10.375, 3.375], "texture": "#0"},
				"east": {"uv": [5.25, 10.375, 5.5, 10.75], "texture": "#0"},
				"south": {"uv": [9.75, 5.625, 10.375, 6], "texture": "#0"},
				"west": {"uv": [5.5, 10.375, 5.75, 10.75], "texture": "#0"},
				"up": {"uv": [3.75, 10.375, 3.125, 10.125], "texture": "#0"},
				"down": {"uv": [10.75, 3.375, 10.125, 3.625], "texture": "#0"}
			}
		},
		{
			"from": [2.6194, 8.16897, 13.38687],
			"to": [13.3794, 10.16897, 15.38687],
			"rotation": {"angle": 0, "axis": "z", "origin": [-2.3806, 11.16897, 21.38687]},
			"faces": {
				"north": {"uv": [8.75, 5.125, 10.125, 5.375], "texture": "#0"},
				"east": {"uv": [2, 10.875, 2.25, 11.125], "texture": "#0"},
				"south": {"uv": [8.75, 5.375, 10.125, 5.625], "texture": "#0"},
				"west": {"uv": [10.875, 5, 11.125, 5.25], "texture": "#0"},
				"up": {"uv": [7.375, 9, 6, 8.75], "texture": "#0"},
				"down": {"uv": [8.75, 8.75, 7.375, 9], "texture": "#0"}
			}
		},
		{
			"from": [12.61315, 6.02719, 13.38687],
			"to": [17.61315, 9.02719, 15.38687],
			"rotation": {"angle": 22.5, "axis": "z", "origin": [7.61315, 9.02719, 21.38687]},
			"faces": {
				"north": {"uv": [6, 9.75, 6.625, 10.125], "texture": "#0"},
				"east": {"uv": [10.375, 5.625, 10.625, 6], "texture": "#0"},
				"south": {"uv": [9.75, 6, 10.375, 6.375], "texture": "#0"},
				"west": {"uv": [5.75, 10.375, 6, 10.75], "texture": "#0"},
				"up": {"uv": [10.75, 3.875, 10.125, 3.625], "texture": "#0"},
				"down": {"uv": [10.75, 3.875, 10.125, 4.125], "texture": "#0"}
			}
		},
		{
			"from": [-2.00208, -1.97193, 13.38687],
			"to": [2.99792, 1.02807, 15.38687],
			"rotation": {"angle": 22.5, "axis": "z", "origin": [-7.00208, 2.02807, 21.38687]},
			"faces": {
				"north": {"uv": [9.75, 7.75, 10.375, 8.125], "texture": "#0"},
				"east": {"uv": [10.375, 6, 10.625, 6.375], "texture": "#0"},
				"south": {"uv": [9.25, 9.75, 9.875, 10.125], "texture": "#0"},
				"west": {"uv": [6.625, 10.375, 6.875, 10.75], "texture": "#0"},
				"up": {"uv": [10.75, 4.375, 10.125, 4.125], "texture": "#0"},
				"down": {"uv": [10.75, 4.375, 10.125, 4.625], "texture": "#0"}
			}
		},
		{
			"from": [2.6194, 2.93103, 13.38687],
			"to": [13.3794, 4.93103, 15.38687],
			"rotation": {"angle": 0, "axis": "z", "origin": [-2.3806, 1.93103, 21.38687]},
			"faces": {
				"north": {"uv": [8.75, 8.75, 10.125, 9], "texture": "#0"},
				"east": {"uv": [10.875, 5.25, 11.125, 5.5], "texture": "#0"},
				"south": {"uv": [2.75, 8.875, 4.125, 9.125], "texture": "#0"},
				"west": {"uv": [10.875, 6.375, 11.125, 6.625], "texture": "#0"},
				"up": {"uv": [5.5, 9.125, 4.125, 8.875], "texture": "#0"},
				"down": {"uv": [1.375, 9, 0, 9.25], "texture": "#0"}
			}
		},
		{
			"from": [12.61315, 4.07281, 13.38687],
			"to": [17.61315, 7.07281, 15.38687],
			"rotation": {"angle": -22.5, "axis": "z", "origin": [7.61315, 4.07281, 21.38687]},
			"faces": {
				"north": {"uv": [9.875, 8.125, 10.5, 8.5], "texture": "#0"},
				"east": {"uv": [6.875, 10.375, 7.125, 10.75], "texture": "#0"},
				"south": {"uv": [9.875, 9, 10.5, 9.375], "texture": "#0"},
				"west": {"uv": [7.125, 10.375, 7.375, 10.75], "texture": "#0"},
				"up": {"uv": [10.75, 4.875, 10.125, 4.625], "texture": "#0"},
				"down": {"uv": [10.75, 4.875, 10.125, 5.125], "texture": "#0"}
			}
		},
		{
			"name": "hexadecagon",
			"from": [-4, 14.07359, 1.37644],
			"to": [20, 18.05728, 3.37644],
			"rotation": {"angle": 22.5, "axis": "x", "origin": [19.5, 16.56543, 8.87644]},
			"faces": {
				"north": {"uv": [0, 5.75, 3, 6.25], "texture": "#0"},
				"east": {"uv": [1, 9.25, 1.25, 9.75], "texture": "#0"},
				"south": {"uv": [5.75, 0, 8.75, 0.5], "texture": "#0"},
				"west": {"uv": [0.125, 10.375, 0.375, 10.875], "texture": "#0"},
				"up": {"uv": [3, 7.75, 0, 7.5], "texture": "#0"},
				"down": {"uv": [10.5, 6.5, 7.5, 6.75], "texture": "#0"}
			}
		},
		{
			"name": "hexadecagon",
			"from": [18, 14.07359, 3.37644],
			"to": [20, 16.05728, 14.37644],
			"rotation": {"angle": 22.5, "axis": "x", "origin": [19.5, 16.56543, 8.87644]},
			"faces": {
				"north": {"uv": [7.375, 10.875, 7.625, 11.125], "texture": "#0"},
				"east": {"uv": [9, 2, 10.375, 2.25], "texture": "#0"},
				"south": {"uv": [10.875, 7.5, 11.125, 7.75], "texture": "#0"},
				"west": {"uv": [9, 2.25, 10.375, 2.5], "texture": "#0"},
				"up": {"uv": [1.625, 10.375, 1.375, 9], "texture": "#0"},
				"down": {"uv": [1.875, 9, 1.625, 10.375], "texture": "#0"}
			}
		},
		{
			"name": "hexadecagon",
			"from": [-4, 14.07359, 3.37644],
			"to": [-2, 16.05728, 14.37644],
			"rotation": {"angle": 22.5, "axis": "x", "origin": [-2.5, 16.56543, 8.87644]},
			"faces": {
				"north": {"uv": [7.625, 10.875, 7.875, 11.125], "texture": "#0"},
				"east": {"uv": [9, 2.5, 10.375, 2.75], "texture": "#0"},
				"south": {"uv": [7.875, 10.875, 8.125, 11.125], "texture": "#0"},
				"west": {"uv": [9, 2.75, 10.375, 3], "texture": "#0"},
				"up": {"uv": [2.125, 10.375, 1.875, 9], "texture": "#0"},
				"down": {"uv": [2.375, 9, 2.125, 10.375], "texture": "#0"}
			}
		},
		{
			"name": "hexadecagon",
			"from": [-4, 22.06543, 7.3846],
			"to": [20, 24.06543, 10.36828],
			"rotation": {"angle": -45, "axis": "x", "origin": [19.5, 16.56543, 8.87644]},
			"faces": {
				"north": {"uv": [7.5, 6.75, 10.5, 7], "texture": "#0"},
				"east": {"uv": [2.125, 6.625, 2.5, 6.875], "texture": "#0"},
				"south": {"uv": [7.5, 7, 10.5, 7.25], "texture": "#0"},
				"west": {"uv": [7.375, 10.375, 7.75, 10.625], "texture": "#0"},
				"up": {"uv": [8.75, 1.625, 5.75, 1.25], "texture": "#0"},
				"down": {"uv": [8.75, 1.625, 5.75, 2], "texture": "#0"}
			}
		},
		{
			"name": "hexadecagon",
			"from": [-4, 22.06543, 7.3846],
			"to": [20, 24.06543, 10.36828],
			"rotation": {"angle": -22.5, "axis": "x", "origin": [19.5, 16.56543, 8.87644]},
			"faces": {
				"north": {"uv": [7.5, 7.25, 10.5, 7.5], "texture": "#0"},
				"east": {"uv": [7.75, 10.375, 8.125, 10.625], "texture": "#0"},
				"south": {"uv": [7.5, 7.5, 10.5, 7.75], "texture": "#0"},
				"west": {"uv": [10.375, 7.75, 10.75, 8], "texture": "#0"},
				"up": {"uv": [8.75, 2.375, 5.75, 2], "texture": "#0"},
				"down": {"uv": [8.75, 2.375, 5.75, 2.75], "texture": "#0"}
			}
		},
		{
			"name": "hexadecagon",
			"from": [-4, 15.07359, 14.37644],
			"to": [20, 18.05728, 16.37644],
			"rotation": {"angle": -22.5, "axis": "x", "origin": [19.5, 16.56543, 8.87644]},
			"faces": {
				"north": {"uv": [5.75, 2.75, 8.75, 3.125], "texture": "#0"},
				"east": {"uv": [8.125, 10.375, 8.375, 10.75], "texture": "#0"},
				"south": {"uv": [3, 5.75, 6, 6.125], "texture": "#0"},
				"west": {"uv": [8.375, 10.375, 8.625, 10.75], "texture": "#0"},
				"up": {"uv": [6, 7.875, 3, 7.625], "texture": "#0"},
				"down": {"uv": [3, 7.75, 0, 8], "texture": "#0"}
			}
		},
		{
			"name": "hexadecagon",
			"from": [-4, 15.07359, 14.37644],
			"to": [20, 18.05728, 16.37644],
			"rotation": {"angle": 0, "axis": "x", "origin": [19.5, 16.56543, 8.87644]},
			"faces": {
				"north": {"uv": [5.75, 3.125, 8.75, 3.5], "texture": "#0"},
				"east": {"uv": [8.625, 10.375, 8.875, 10.75], "texture": "#0"},
				"south": {"uv": [5.75, 3.5, 8.75, 3.875], "texture": "#0"},
				"west": {"uv": [8.875, 10.375, 9.125, 10.75], "texture": "#0"},
				"up": {"uv": [9, 8, 6, 7.75], "texture": "#0"},
				"down": {"uv": [6, 7.875, 3, 8.125], "texture": "#0"}
			}
		},
		{
			"name": "hexadecagon",
			"from": [-4, 15.07359, 14.37644],
			"to": [20, 18.05728, 16.37644],
			"rotation": {"angle": 22.5, "axis": "x", "origin": [19.5, 16.56543, 8.87644]},
			"faces": {
				"north": {"uv": [5.75, 3.875, 8.75, 4.25], "texture": "#0"},
				"east": {"uv": [10.375, 9.875, 10.625, 10.25], "texture": "#0"},
				"south": {"uv": [5.75, 4.25, 8.75, 4.625], "texture": "#0"},
				"west": {"uv": [10.375, 10.25, 10.625, 10.625], "texture": "#0"},
				"up": {"uv": [3, 8.25, 0, 8], "texture": "#0"},
				"down": {"uv": [9, 8, 6, 8.25], "texture": "#0"}
			}
		},
		{
			"name": "hexadecagon",
			"from": [-4, 22.06543, 7.3846],
			"to": [20, 24.06543, 10.36828],
			"rotation": {"angle": 0, "axis": "x", "origin": [19.5, 16.56543, 8.87644]},
			"faces": {
				"north": {"uv": [3, 8.125, 6, 8.375], "texture": "#0"},
				"east": {"uv": [0.75, 10.5, 1.125, 10.75], "texture": "#0"},
				"south": {"uv": [0, 8.25, 3, 8.5], "texture": "#0"},
				"west": {"uv": [10.5, 5.125, 10.875, 5.375], "texture": "#0"},
				"up": {"uv": [8.75, 5, 5.75, 4.625], "texture": "#0"},
				"down": {"uv": [8.75, 5, 5.75, 5.375], "texture": "#0"}
			}
		},
		{
			"name": "hexadecagon",
			"from": [-4, 22.06543, 7.3846],
			"to": [20, 24.06543, 10.36828],
			"rotation": {"angle": 22.5, "axis": "x", "origin": [19.5, 16.56543, 8.87644]},
			"faces": {
				"north": {"uv": [6, 8.25, 9, 8.5], "texture": "#0"},
				"east": {"uv": [6, 10.5, 6.375, 10.75], "texture": "#0"},
				"south": {"uv": [3, 8.375, 6, 8.625], "texture": "#0"},
				"west": {"uv": [10.5, 6.5, 10.875, 6.75], "texture": "#0"},
				"up": {"uv": [8.75, 5.75, 5.75, 5.375], "texture": "#0"},
				"down": {"uv": [9, 5.75, 6, 6.125], "texture": "#0"}
			}
		},
		{
			"name": "hexadecagon",
			"from": [-4, 15.07359, 14.37644],
			"to": [20, 18.05728, 16.37644],
			"rotation": {"angle": -45, "axis": "x", "origin": [19.5, 16.56543, 8.87644]},
			"faces": {
				"north": {"uv": [3, 6.125, 6, 6.5], "texture": "#0"},
				"east": {"uv": [10.5, 6.75, 10.75, 7.125], "texture": "#0"},
				"south": {"uv": [6, 6.125, 9, 6.5], "texture": "#0"},
				"west": {"uv": [10.5, 7.125, 10.75, 7.5], "texture": "#0"},
				"up": {"uv": [3, 8.75, 0, 8.5], "texture": "#0"},
				"down": {"uv": [9, 8.5, 6, 8.75], "texture": "#0"}
			}
		},
		{
			"name": "hexadecagon",
			"from": [5, 18.77359, 1.82644],
			"to": [11, 22.05728, 3.82644],
			"rotation": {"angle": 0, "axis": "x", "origin": [19.5, 20.56543, 9.32644]},
			"faces": {
				"north": {"uv": [9, 3, 9.75, 3.375], "texture": "#0"},
				"east": {"uv": [10.5, 8, 10.75, 8.375], "texture": "#0"},
				"south": {"uv": [9, 5.625, 9.75, 6], "texture": "#0"},
				"west": {"uv": [10.5, 9, 10.75, 9.375], "texture": "#0"},
				"up": {"uv": [2.125, 6.875, 1.375, 6.625], "texture": "#0"},
				"down": {"uv": [10.625, 8.5, 9.875, 8.75], "texture": "#0"}
			}
		},
		{
			"name": "hexadecagon",
			"from": [9.75, 12.77359, 1.32644],
			"to": [11, 14.02359, 2.82644],
			"rotation": {"angle": -45, "axis": "z", "origin": [19.5, 20.56543, 9.32644]},
			"faces": {
				"north": {"uv": [10.625, 8.875, 10.75, 9], "texture": "#0"},
				"east": {"uv": [10.75, 5, 10.875, 5.125], "texture": "#0"},
				"south": {"uv": [10.75, 8.25, 10.875, 8.375], "texture": "#0"},
				"west": {"uv": [6.125, 11, 6.25, 11.125], "texture": "#0"},
				"up": {"uv": [11.125, 6.375, 11, 6.25], "texture": "#0"},
				"down": {"uv": [6.625, 11, 6.5, 11.125], "texture": "#0"}
			}
		},
		{
			"name": "hexadecagon",
			"from": [11, 11.52359, 1.32644],
			"to": [12.25, 12.77359, 2.82644],
			"rotation": {"angle": -45, "axis": "z", "origin": [19.5, 20.56543, 9.32644]},
			"faces": {
				"north": {"uv": [6.625, 11, 6.75, 11.125], "texture": "#0"},
				"east": {"uv": [6.75, 11, 6.875, 11.125], "texture": "#0"},
				"south": {"uv": [11, 6.75, 11.125, 6.875], "texture": "#0"},
				"west": {"uv": [6.875, 11, 7, 11.125], "texture": "#0"},
				"up": {"uv": [11.125, 7, 11, 6.875], "texture": "#0"},
				"down": {"uv": [7.125, 11, 7, 11.125], "texture": "#0"}
			}
		},
		{
			"name": "hexadecagon",
			"from": [7.09605, 20.18229, 1.32644],
			"to": [8.84605, 21.93229, 2.82644],
			"rotation": {"angle": 0, "axis": "z", "origin": [16.13789, 12.93229, 9.32644]},
			"faces": {
				"north": {"uv": [10.875, 8.25, 11.125, 8.5], "texture": "#0"},
				"east": {"uv": [1.375, 11, 1.5, 11.25], "texture": "#0"},
				"south": {"uv": [10.875, 8.5, 11.125, 8.75], "texture": "#0"},
				"west": {"uv": [11, 1.5, 11.125, 1.75], "texture": "#0"},
				"up": {"uv": [3, 8.875, 2.75, 8.75], "texture": "#0"},
				"down": {"uv": [9, 5.625, 8.75, 5.75], "texture": "#0"}
			}
		},
		{
			"name": "hexadecagon",
			"from": [5, 9.595, 0.17644],
			"to": [11, 13.07869, 1.92644],
			"rotation": {"angle": 0, "axis": "x", "origin": [19.5, 11.56543, 7.82644]},
			"faces": {
				"north": {"uv": [6, 9, 6.75, 9.375], "texture": "#0"},
				"east": {"uv": [9.25, 10.5, 9.5, 10.875], "texture": "#0"},
				"south": {"uv": [9, 6, 9.75, 6.375], "texture": "#0"},
				"west": {"uv": [1.25, 10.625, 1.5, 11], "texture": "#0"},
				"up": {"uv": [10.625, 9.625, 9.875, 9.375], "texture": "#0"},
				"down": {"uv": [10.625, 9.625, 9.875, 9.875], "texture": "#0"}
			}
		},
		{
			"name": "hexadecagon",
			"from": [6, 11.095, -0.32356],
			"to": [10, 14.57869, 0.67644],
			"rotation": {"angle": 0, "axis": "x", "origin": [19.5, 11.56543, 7.82644]},
			"faces": {
				"north": {"uv": [9.875, 9.875, 10.375, 10.25], "texture": "#0"},
				"east": {"uv": [10, 10.875, 10.125, 11.25], "texture": "#0"},
				"south": {"uv": [4, 10, 4.5, 10.375], "texture": "#0"},
				"west": {"uv": [10.125, 10.875, 10.25, 11.25], "texture": "#0"},
				"up": {"uv": [5.5, 7.625, 5, 7.5], "texture": "#0"},
				"down": {"uv": [7.5, 7.625, 7, 7.75], "texture": "#0"}
			}
		},
		{
			"name": "hexadecagon",
			"from": [2.37859, 1.41127, -0.32],
			"to": [5.20859, 4.24127, 2.18],
			"rotation": {"angle": -45, "axis": "z", "origin": [15.87859, 1.8817, 7.82644]},
			"faces": {
				"north": {"uv": [0.75, 10.125, 1.125, 10.5], "texture": "#0"},
				"east": {"uv": [10.125, 5.125, 10.5, 5.5], "texture": "#0"},
				"south": {"uv": [6, 10.125, 6.375, 10.5], "texture": "#0"},
				"west": {"uv": [9.25, 10.125, 9.625, 10.5], "texture": "#0"},
				"up": {"uv": [10, 10.625, 9.625, 10.25], "texture": "#0"},
				"down": {"uv": [10.375, 10.25, 10, 10.625], "texture": "#0"}
			}
		},
		{
			"name": "hexadecagon",
			"from": [3.0369, 27.20208, 1.82644],
			"to": [5.0369, 28.28576, 3.82644],
			"rotation": {"angle": 45, "axis": "z", "origin": [11.5369, 27.5412, 9.32644]},
			"faces": {
				"north": {"uv": [9.625, 8.625, 9.875, 8.75], "texture": "#0"},
				"east": {"uv": [9.625, 10.125, 9.875, 10.25], "texture": "#0"},
				"south": {"uv": [11, 1.75, 11.25, 1.875], "texture": "#0"},
				"west": {"uv": [11, 1.875, 11.25, 2], "texture": "#0"},
				"up": {"uv": [9.5, 11.125, 9.25, 10.875], "texture": "#0"},
				"down": {"uv": [11.125, 9.375, 10.875, 9.625], "texture": "#0"}
			}
		},
		{
			"name": "hexadecagon",
			"from": [10.9631, 27.20208, 1.82644],
			"to": [12.9631, 28.28576, 3.82644],
			"rotation": {"angle": -45, "axis": "z", "origin": [4.4631, 27.5412, 9.32644]},
			"faces": {
				"north": {"uv": [11, 2.25, 11.25, 2.375], "texture": "#0"},
				"east": {"uv": [2.375, 11, 2.625, 11.125], "texture": "#0"},
				"south": {"uv": [11, 2.375, 11.25, 2.5], "texture": "#0"},
				"west": {"uv": [11, 2.5, 11.25, 2.625], "texture": "#0"},
				"up": {"uv": [9.875, 11.125, 9.625, 10.875], "texture": "#0"},
				"down": {"uv": [11.125, 9.625, 10.875, 9.875], "texture": "#0"}
			}
		},
		{
			"name": "hexadecagon",
			"from": [6.41421, 22.058, 1.82644],
			"to": [9.58521, 23.468, 3.82644],
			"rotation": {"angle": 0, "axis": "x", "origin": [-0.08579, 22.72692, 9.32644]},
			"faces": {
				"north": {"uv": [9.25, 8.625, 9.625, 8.75], "texture": "#0"},
				"east": {"uv": [2.625, 11, 2.875, 11.125], "texture": "#0"},
				"south": {"uv": [10.5, 5.375, 10.875, 5.5], "texture": "#0"},
				"west": {"uv": [11, 2.625, 11.25, 2.75], "texture": "#0"},
				"up": {"uv": [10.875, 7.75, 10.5, 7.5], "texture": "#0"},
				"down": {"uv": [1.875, 10.625, 1.5, 10.875], "texture": "#0"}
			}
		},
		{
			"name": "hexadecagon",
			"from": [-2, 14.32359, 14.47644],
			"to": [2, 16.30728, 17.37644],
			"rotation": {"angle": 22.5, "axis": "x", "origin": [19.5, 16.81543, 8.87644]},
			"faces": {
				"north": {"uv": [2.5, 6.25, 3, 6.5], "texture": "#0"},
				"east": {"uv": [1.875, 10.625, 2.25, 10.875], "texture": "#0"},
				"south": {"uv": [10.125, 8.75, 10.625, 9], "texture": "#0"},
				"west": {"uv": [10.625, 2.25, 11, 2.5], "texture": "#0"},
				"up": {"uv": [5, 10.375, 4.5, 10], "texture": "#0"},
				"down": {"uv": [5.5, 10, 5, 10.375], "texture": "#0"}
			}
		},
		{
			"name": "hexadecagon",
			"from": [14, 14.32359, 14.57644],
			"to": [18, 16.30728, 17.37644],
			"rotation": {"angle": 22.5, "axis": "x", "origin": [35.5, 16.81543, 8.87644]},
			"faces": {
				"north": {"uv": [1.375, 10.375, 1.875, 10.625], "texture": "#0"},
				"east": {"uv": [10.625, 2.5, 11, 2.75], "texture": "#0"},
				"south": {"uv": [1.875, 10.375, 2.375, 10.625], "texture": "#0"},
				"west": {"uv": [10.625, 2.75, 11, 3], "texture": "#0"},
				"up": {"uv": [6, 10.375, 5.5, 10], "texture": "#0"},
				"down": {"uv": [7.125, 10, 6.625, 10.375], "texture": "#0"}
			}
		},
		{
			"from": [19, 12, 6.75],
			"to": [20, 15, 10.75],
			"rotation": {"angle": 22.5, "axis": "x", "origin": [8, 14, 20.75]},
			"faces": {
				"north": {"uv": [10.25, 10.875, 10.375, 11.25], "texture": "#0"},
				"east": {"uv": [7.125, 10, 7.625, 10.375], "texture": "#0"},
				"south": {"uv": [10.375, 10.875, 10.5, 11.25], "texture": "#0"},
				"west": {"uv": [7.625, 10, 8.125, 10.375], "texture": "#0"},
				"up": {"uv": [1.125, 11.25, 1, 10.75], "texture": "#0"},
				"down": {"uv": [6.375, 10.75, 6.25, 11.25], "texture": "#0"}
			}
		},
		{
			"from": [20, 12.5, 7.25],
			"to": [21, 14.5, 10.25],
			"rotation": {"angle": 22.5, "axis": "x", "origin": [8, 14, 20.75]},
			"faces": {
				"north": {"uv": [11, 2.75, 11.125, 3], "texture": "#0"},
				"east": {"uv": [10.625, 3, 11, 3.25], "texture": "#0"},
				"south": {"uv": [2.875, 11, 3, 11.25], "texture": "#0"},
				"west": {"uv": [10.625, 5.625, 11, 5.875], "texture": "#0"},
				"up": {"uv": [11, 10.75, 10.875, 10.375], "texture": "#0"},
				"down": {"uv": [10.625, 10.875, 10.5, 11.25], "texture": "#0"}
			}
		},
		{
			"from": [20.25, 13, 5.25],
			"to": [20.75, 14, 12.25],
			"rotation": {"angle": 22.5, "axis": "x", "origin": [8, 14, 20.75]},
			"faces": {
				"north": {"uv": [11, 7, 11.125, 7.125], "texture": "#0"},
				"east": {"uv": [10, 6.375, 10.875, 6.5], "texture": "#0"},
				"south": {"uv": [7.125, 11, 7.25, 11.125], "texture": "#0"},
				"west": {"uv": [10.125, 5.5, 11, 5.625], "texture": "#0"},
				"up": {"uv": [6.625, 11, 6.5, 10.125], "texture": "#0"},
				"down": {"uv": [0.5, 10.375, 0.375, 11.25], "texture": "#0"}
			}
		},
		{
			"from": [20.25, 11, 11.25],
			"to": [20.75, 13, 12.25],
			"rotation": {"angle": 22.5, "axis": "x", "origin": [8, 14, 20.75]},
			"faces": {
				"north": {"uv": [3, 11, 3.125, 11.25], "texture": "#0"},
				"east": {"uv": [11, 3, 11.125, 3.25], "texture": "#0"},
				"south": {"uv": [3.125, 11, 3.25, 11.25], "texture": "#0"},
				"west": {"uv": [3.25, 11, 3.375, 11.25], "texture": "#0"},
				"up": {"uv": [11.125, 7.25, 11, 7.125], "texture": "#0"},
				"down": {"uv": [7.375, 11, 7.25, 11.125], "texture": "#0"}
			}
		},
		{
			"from": [20.25, 11, 5.25],
			"to": [20.75, 13, 6.25],
			"rotation": {"angle": 22.5, "axis": "x", "origin": [8, 14, 20.75]},
			"faces": {
				"north": {"uv": [11, 3.25, 11.125, 3.5], "texture": "#0"},
				"east": {"uv": [3.375, 11, 3.5, 11.25], "texture": "#0"},
				"south": {"uv": [3.5, 11, 3.625, 11.25], "texture": "#0"},
				"west": {"uv": [11, 3.5, 11.125, 3.75], "texture": "#0"},
				"up": {"uv": [11.125, 7.375, 11, 7.25], "texture": "#0"},
				"down": {"uv": [11.125, 7.375, 11, 7.5], "texture": "#0"}
			}
		},
		{
			"from": [-4, 12, 6.75],
			"to": [-3, 15, 10.75],
			"rotation": {"angle": 22.5, "axis": "x", "origin": [8, 14, 20.75]},
			"faces": {
				"north": {"uv": [10.625, 10.875, 10.75, 11.25], "texture": "#0"},
				"east": {"uv": [8.125, 10, 8.625, 10.375], "texture": "#0"},
				"south": {"uv": [10.75, 10.875, 10.875, 11.25], "texture": "#0"},
				"west": {"uv": [8.625, 10, 9.125, 10.375], "texture": "#0"},
				"up": {"uv": [10, 11.375, 9.875, 10.875], "texture": "#0"},
				"down": {"uv": [11, 9.875, 10.875, 10.375], "texture": "#0"}
			}
		},
		{
			"from": [-5, 12.5, 7.25],
			"to": [-4, 14.5, 10.25],
			"rotation": {"angle": 22.5, "axis": "x", "origin": [8, 14, 20.75]},
			"faces": {
				"north": {"uv": [3.625, 11, 3.75, 11.25], "texture": "#0"},
				"east": {"uv": [10.625, 5.875, 11, 6.125], "texture": "#0"},
				"south": {"uv": [11, 3.75, 11.125, 4], "texture": "#0"},
				"west": {"uv": [10.625, 6.125, 11, 6.375], "texture": "#0"},
				"up": {"uv": [11, 11.125, 10.875, 10.75], "texture": "#0"},
				"down": {"uv": [11.125, 0.5, 11, 0.875], "texture": "#0"}
			}
		},
		{
			"from": [-4.75, 13, 5.25],
			"to": [-4.25, 14, 12.25],
			"rotation": {"angle": 22.5, "axis": "x", "origin": [8, 14, 20.75]},
			"faces": {
				"north": {"uv": [11, 7.75, 11.125, 7.875], "texture": "#0"},
				"east": {"uv": [10.375, 2, 11.25, 2.125], "texture": "#0"},
				"south": {"uv": [11, 7.875, 11.125, 8], "texture": "#0"},
				"west": {"uv": [10.375, 2.125, 11.25, 2.25], "texture": "#0"},
				"up": {"uv": [0.625, 11.25, 0.5, 10.375], "texture": "#0"},
				"down": {"uv": [0.75, 10.375, 0.625, 11.25], "texture": "#0"}
			}
		},
		{
			"from": [-4.75, 11, 11.25],
			"to": [-4.25, 13, 12.25],
			"rotation": {"angle": 22.5, "axis": "x", "origin": [8, 14, 20.75]},
			"faces": {
				"north": {"uv": [4, 11, 4.125, 11.25], "texture": "#0"},
				"east": {"uv": [11, 4, 11.125, 4.25], "texture": "#0"},
				"south": {"uv": [4.125, 11, 4.25, 11.25], "texture": "#0"},
				"west": {"uv": [4.25, 11, 4.375, 11.25], "texture": "#0"},
				"up": {"uv": [11.125, 8.125, 11, 8], "texture": "#0"},
				"down": {"uv": [8.25, 11, 8.125, 11.125], "texture": "#0"}
			}
		},
		{
			"from": [-4.75, 10, 6.25],
			"to": [-4.25, 12, 7.25],
			"rotation": {"angle": 22.5, "axis": "x", "origin": [8, 14, 20.75]},
			"faces": {
				"north": {"uv": [11, 4.25, 11.125, 4.5], "texture": "#0"},
				"east": {"uv": [4.375, 11, 4.5, 11.25], "texture": "#0"},
				"south": {"uv": [4.5, 11, 4.625, 11.25], "texture": "#0"},
				"west": {"uv": [11, 4.5, 11.125, 4.75], "texture": "#0"},
				"up": {"uv": [11.125, 8.25, 11, 8.125], "texture": "#0"},
				"down": {"uv": [8.375, 11, 8.25, 11.125], "texture": "#0"}
			}
		},
		{
			"from": [20.25, 10, 6.25],
			"to": [20.75, 12, 7.25],
			"rotation": {"angle": 22.5, "axis": "x", "origin": [8, 14, 20.75]},
			"faces": {
				"north": {"uv": [4.625, 11, 4.75, 11.25], "texture": "#0"},
				"east": {"uv": [4.75, 11, 4.875, 11.25], "texture": "#0"},
				"south": {"uv": [11, 4.75, 11.125, 5], "texture": "#0"},
				"west": {"uv": [4.875, 11, 5, 11.25], "texture": "#0"},
				"up": {"uv": [8.5, 11.125, 8.375, 11], "texture": "#0"},
				"down": {"uv": [8.625, 11, 8.5, 11.125], "texture": "#0"}
			}
		},
		{
			"from": [-4.75, 10, 7.25],
			"to": [-4.25, 11, 10.25],
			"rotation": {"angle": 22.5, "axis": "x", "origin": [8, 14, 20.75]},
			"faces": {
				"north": {"uv": [8.625, 11, 8.75, 11.125], "texture": "#0"},
				"east": {"uv": [10.875, 6.625, 11.25, 6.75], "texture": "#0"},
				"south": {"uv": [8.75, 11, 8.875, 11.125], "texture": "#0"},
				"west": {"uv": [10.875, 8.75, 11.25, 8.875], "texture": "#0"},
				"up": {"uv": [0.875, 11.375, 0.75, 11], "texture": "#0"},
				"down": {"uv": [1, 11, 0.875, 11.375], "texture": "#0"}
			}
		},
		{
			"from": [20.25, 10, 7.25],
			"to": [20.75, 11, 10.25],
			"rotation": {"angle": 22.5, "axis": "x", "origin": [8, 14, 20.75]},
			"faces": {
				"north": {"uv": [8.875, 11, 9, 11.125], "texture": "#0"},
				"east": {"uv": [11, 0.875, 11.375, 1], "texture": "#0"},
				"south": {"uv": [11, 8.875, 11.125, 9], "texture": "#0"},
				"west": {"uv": [11, 1, 11.375, 1.125], "texture": "#0"},
				"up": {"uv": [11.125, 1.5, 11, 1.125], "texture": "#0"},
				"down": {"uv": [1.375, 11, 1.25, 11.375], "texture": "#0"}
			}
		},
		{
			"from": [-4.75, 10, 10.25],
			"to": [-4.25, 12, 11.25],
			"rotation": {"angle": 22.5, "axis": "x", "origin": [8, 14, 20.75]},
			"faces": {
				"north": {"uv": [5, 11, 5.125, 11.25], "texture": "#0"},
				"east": {"uv": [5.125, 11, 5.25, 11.25], "texture": "#0"},
				"south": {"uv": [5.25, 11, 5.375, 11.25], "texture": "#0"},
				"west": {"uv": [5.375, 11, 5.5, 11.25], "texture": "#0"},
				"up": {"uv": [9.125, 11.125, 9, 11], "texture": "#0"},
				"down": {"uv": [11.125, 9, 11, 9.125], "texture": "#0"}
			}
		},
		{
			"from": [20.25, 10, 10.25],
			"to": [20.75, 12, 11.25],
			"rotation": {"angle": 22.5, "axis": "x", "origin": [8, 14, 20.75]},
			"faces": {
				"north": {"uv": [5.5, 11, 5.625, 11.25], "texture": "#0"},
				"east": {"uv": [11, 5.5, 11.125, 5.75], "texture": "#0"},
				"south": {"uv": [5.625, 11, 5.75, 11.25], "texture": "#0"},
				"west": {"uv": [5.75, 11, 5.875, 11.25], "texture": "#0"},
				"up": {"uv": [11.125, 9.25, 11, 9.125], "texture": "#0"},
				"down": {"uv": [11.125, 9.25, 11, 9.375], "texture": "#0"}
			}
		},
		{
			"from": [-4.75, 11, 5.25],
			"to": [-4.25, 13, 6.25],
			"rotation": {"angle": 22.5, "axis": "x", "origin": [8, 14, 20.75]},
			"faces": {
				"north": {"uv": [11, 5.75, 11.125, 6], "texture": "#0"},
				"east": {"uv": [5.875, 11, 6, 11.25], "texture": "#0"},
				"south": {"uv": [6, 11, 6.125, 11.25], "texture": "#0"},
				"west": {"uv": [11, 6, 11.125, 6.25], "texture": "#0"},
				"up": {"uv": [11.125, 10, 11, 9.875], "texture": "#0"},
				"down": {"uv": [11.125, 10, 11, 10.125], "texture": "#0"}
			}
		},
		{
			"from": [17, 0.01, -0.5],
			"to": [20.5, 3.51, 3],
			"faces": {
				"north": {"uv": [4, 9.125, 4.5, 9.625], "texture": "#0"},
				"east": {"uv": [4.5, 9.125, 5, 9.625], "texture": "#0"},
				"south": {"uv": [5, 9.125, 5.5, 9.625], "texture": "#0"},
				"west": {"uv": [0, 9.25, 0.5, 9.75], "texture": "#0"},
				"up": {"uv": [1, 9.75, 0.5, 9.25], "texture": "#0"},
				"down": {"uv": [9.75, 7.75, 9.25, 8.25], "texture": "#0"}
			}
		},
		{
			"from": [17, 10.01, -0.5],
			"to": [20.5, 13.51, 3],
			"faces": {
				"north": {"uv": [4, 9.125, 4.5, 9.625], "texture": "#0"},
				"east": {"uv": [4.5, 9.125, 5, 9.625], "texture": "#0"},
				"south": {"uv": [5, 9.125, 5.5, 9.625], "texture": "#0"},
				"west": {"uv": [0, 9.25, 0.5, 9.75], "texture": "#0"},
				"up": {"uv": [1, 9.75, 0.5, 9.25], "texture": "#0"},
				"down": {"uv": [9.75, 7.75, 9.25, 8.25], "texture": "#0"}
			}
		},
		{
			"from": [17, 10.01, 13],
			"to": [20.5, 13.51, 16.5],
			"faces": {
				"north": {"uv": [4, 9.125, 4.5, 9.625], "texture": "#0"},
				"east": {"uv": [4.5, 9.125, 5, 9.625], "texture": "#0"},
				"south": {"uv": [5, 9.125, 5.5, 9.625], "texture": "#0"},
				"west": {"uv": [0, 9.25, 0.5, 9.75], "texture": "#0"},
				"up": {"uv": [1, 9.75, 0.5, 9.25], "texture": "#0"},
				"down": {"uv": [9.75, 7.75, 9.25, 8.25], "texture": "#0"}
			}
		},
		{
			"from": [-4.5, 0.01, -0.5],
			"to": [-1, 3.51, 3],
			"faces": {
				"north": {"uv": [4, 9.125, 4.5, 9.625], "texture": "#0"},
				"east": {"uv": [4.5, 9.125, 5, 9.625], "texture": "#0"},
				"south": {"uv": [5, 9.125, 5.5, 9.625], "texture": "#0"},
				"west": {"uv": [0, 9.25, 0.5, 9.75], "texture": "#0"},
				"up": {"uv": [1, 9.75, 0.5, 9.25], "texture": "#0"},
				"down": {"uv": [9.75, 7.75, 9.25, 8.25], "texture": "#0"}
			}
		},
		{
			"from": [-4.5, 10.01, -0.5],
			"to": [-1, 13.51, 3],
			"faces": {
				"north": {"uv": [4, 9.125, 4.5, 9.625], "texture": "#0"},
				"east": {"uv": [4.5, 9.125, 5, 9.625], "texture": "#0"},
				"south": {"uv": [5, 9.125, 5.5, 9.625], "texture": "#0"},
				"west": {"uv": [0, 9.25, 0.5, 9.75], "texture": "#0"},
				"up": {"uv": [1, 9.75, 0.5, 9.25], "texture": "#0"},
				"down": {"uv": [9.75, 7.75, 9.25, 8.25], "texture": "#0"}
			}
		},
		{
			"from": [-4.5, 10.01, 13],
			"to": [-1, 13.51, 16.5],
			"faces": {
				"north": {"uv": [4, 9.125, 4.5, 9.625], "texture": "#0"},
				"east": {"uv": [4.5, 9.125, 5, 9.625], "texture": "#0"},
				"south": {"uv": [5, 9.125, 5.5, 9.625], "texture": "#0"},
				"west": {"uv": [0, 9.25, 0.5, 9.75], "texture": "#0"},
				"up": {"uv": [1, 9.75, 0.5, 9.25], "texture": "#0"},
				"down": {"uv": [9.75, 7.75, 9.25, 8.25], "texture": "#0"}
			}
		},
		{
			"from": [-4.5, 0.01, 13],
			"to": [-1, 3.51, 16.5],
			"faces": {
				"north": {"uv": [4, 9.125, 4.5, 9.625], "texture": "#0"},
				"east": {"uv": [4.5, 9.125, 5, 9.625], "texture": "#0"},
				"south": {"uv": [5, 9.125, 5.5, 9.625], "texture": "#0"},
				"west": {"uv": [0, 9.25, 0.5, 9.75], "texture": "#0"},
				"up": {"uv": [1, 9.75, 0.5, 9.25], "texture": "#0"},
				"down": {"uv": [9.75, 7.75, 9.25, 8.25], "texture": "#0"}
			}
		},
		{
			"from": [17, 0.01, 13],
			"to": [20.5, 3.51, 16.5],
			"faces": {
				"north": {"uv": [4, 9.125, 4.5, 9.625], "texture": "#0"},
				"east": {"uv": [4.5, 9.125, 5, 9.625], "texture": "#0"},
				"south": {"uv": [5, 9.125, 5.5, 9.625], "texture": "#0"},
				"west": {"uv": [0, 9.25, 0.5, 9.75], "texture": "#0"},
				"up": {"uv": [1, 9.75, 0.5, 9.25], "texture": "#0"},
				"down": {"uv": [9.75, 7.75, 9.25, 8.25], "texture": "#0"}
			}
		},
		{
			"name": "hexadecagon",
			"from": [5.24477, 13.32869, 4.02201],
			"to": [9.24477, 14.32869, 5.6133],
			"rotation": {"angle": -22.5, "axis": "y", "origin": [5.24477, 13.82869, 4.81765]},
			"faces": {
				"north": {"uv": [10, 10, 12, 10.5], "texture": "#1"},
				"east": {"uv": [13, 0.5, 14, 1], "texture": "#1"},
				"south": {"uv": [10.5, 0, 12.5, 0.5], "texture": "#1"},
				"west": {"uv": [13, 2, 14, 2.5], "texture": "#1"},
				"up": {"uv": [7, 3, 5, 2], "texture": "#1"},
				"down": {"uv": [7.5, 0, 5.5, 1], "texture": "#1"}
			}
		},
		{
			"name": "hexadecagon",
			"from": [4.44912, 13.32869, 0.81765],
			"to": [6.04042, 14.32869, 4.81765],
			"rotation": {"angle": 0, "axis": "y", "origin": [5.24477, 13.82869, 4.81765]},
			"faces": {
				"north": {"uv": [2, 10, 3, 10.5], "texture": "#1"},
				"east": {"uv": [9, 6, 11, 6.5], "texture": "#1"},
				"south": {"uv": [12.5, 8.5, 13.5, 9], "texture": "#1"},
				"west": {"uv": [10, 1, 12, 1.5], "texture": "#1"},
				"up": {"uv": [3.5, 5, 2.5, 3], "texture": "#1"},
				"down": {"uv": [4.5, 3, 3.5, 5], "texture": "#1"}
			}
		},
		{
			"name": "hexadecagon",
			"from": [4.44912, 13.32869, 0.81765],
			"to": [6.04042, 14.32869, 3.81765],
			"rotation": {"angle": -22.5, "axis": "y", "origin": [5.24477, 13.82869, 4.81765]},
			"faces": {
				"north": {"uv": [13, 6.5, 14, 7], "texture": "#1"},
				"east": {"uv": [12, 5, 13.5, 5.5], "texture": "#1"},
				"south": {"uv": [9, 13, 10, 13.5], "texture": "#1"},
				"west": {"uv": [12, 5.5, 13.5, 6], "texture": "#1"},
				"up": {"uv": [4, 9.5, 3, 8], "texture": "#1"},
				"down": {"uv": [9, 5, 8, 6.5], "texture": "#1"}
			}
		},
		{
			"name": "hexadecagon",
			"from": [4.44912, 13.32869, 0.81765],
			"to": [6.04042, 14.32869, 4.81765],
			"rotation": {"angle": 22.5, "axis": "y", "origin": [5.24477, 13.82869, 4.81765]},
			"faces": {
				"north": {"uv": [12.5, 9, 13.5, 9.5], "texture": "#1"},
				"east": {"uv": [10, 1.5, 12, 2], "texture": "#1"},
				"south": {"uv": [12.5, 9.5, 13.5, 10], "texture": "#1"},
				"west": {"uv": [4, 10, 6, 10.5], "texture": "#1"},
				"up": {"uv": [1, 6, 0, 4], "texture": "#1"},
				"down": {"uv": [2, 4, 1, 6], "texture": "#1"}
			}
		},
		{
			"name": "hexadecagon",
			"from": [5.24477, 13.32869, 4.02201],
			"to": [9.24477, 14.32869, 5.6133],
			"rotation": {"angle": 45, "axis": "y", "origin": [5.24477, 13.82869, 4.81765]},
			"faces": {
				"north": {"uv": [4, 10.5, 6, 11], "texture": "#1"},
				"east": {"uv": [13, 4.5, 14, 5], "texture": "#1"},
				"south": {"uv": [9, 10.5, 11, 11], "texture": "#1"},
				"west": {"uv": [13, 6, 14, 6.5], "texture": "#1"},
				"up": {"uv": [8, 7, 6, 6], "texture": "#1"},
				"down": {"uv": [8.5, 3, 6.5, 4], "texture": "#1"}
			}
		},
		{
			"name": "hexadecagon",
			"from": [3.24477, 13.07869, 3.82201],
			"to": [5.24477, 14.57869, 5.82201],
			"rotation": {"angle": 45, "axis": "y", "origin": [5.24477, 13.82869, 4.81765]},
			"faces": {
				"north": {"uv": [9, 11, 10, 12], "texture": "#1"},
				"east": {"uv": [10, 11, 11, 12], "texture": "#1"},
				"south": {"uv": [11, 10.5, 12, 11.5], "texture": "#1"},
				"west": {"uv": [1, 11.5, 2, 12.5], "texture": "#1"},
				"up": {"uv": [3, 12.5, 2, 11.5], "texture": "#1"},
				"down": {"uv": [4, 11.5, 3, 12.5], "texture": "#1"}
			}
		},
		{
			"name": "hexadecagon",
			"from": [3.49477, 13.07869, -5.17799],
			"to": [4.99477, 14.57869, -4.17799],
			"rotation": {"angle": 45, "axis": "y", "origin": [5.24477, 13.82869, 4.81765]},
			"faces": {
				"north": {"uv": [11.5, 3, 12.5, 4], "texture": "#1"},
				"east": {"uv": [7.5, 13, 8, 14], "texture": "#1"},
				"south": {"uv": [4, 11.5, 5, 12.5], "texture": "#1"},
				"west": {"uv": [1, 13.5, 1.5, 14.5], "texture": "#1"},
				"up": {"uv": [14.5, 1.5, 13.5, 1], "texture": "#1"},
				"down": {"uv": [2.5, 13.5, 1.5, 14], "texture": "#1"}
			}
		},
		{
			"name": "hexadecagon",
			"from": [3.74477, 13.32869, -4.17799],
			"to": [4.74477, 14.32869, 3.82201],
			"rotation": {"angle": 45, "axis": "y", "origin": [5.24477, 13.82869, 4.81765]},
			"faces": {
				"north": {"uv": [9, 13.5, 9.5, 14], "texture": "#1"},
				"east": {"uv": [7, 2, 11, 2.5], "texture": "#1"},
				"south": {"uv": [13.5, 9, 14, 9.5], "texture": "#1"},
				"west": {"uv": [7, 2.5, 11, 3], "texture": "#1"},
				"up": {"uv": [6.5, 11, 6, 7], "texture": "#1"},
				"down": {"uv": [7, 7, 6.5, 11], "texture": "#1"}
			}
		},
		{
			"name": "hexadecagon",
			"from": [6.24477, 13.32869, 4.02201],
			"to": [9.24477, 14.32869, 5.6133],
			"rotation": {"angle": 22.5, "axis": "y", "origin": [5.24477, 13.82869, 4.81765]},
			"faces": {
				"north": {"uv": [12, 1, 13.5, 1.5], "texture": "#1"},
				"east": {"uv": [13, 3.5, 14, 4], "texture": "#1"},
				"south": {"uv": [12, 1.5, 13.5, 2], "texture": "#1"},
				"west": {"uv": [13, 4, 14, 4.5], "texture": "#1"},
				"up": {"uv": [1.5, 9, 0, 8], "texture": "#1"},
				"down": {"uv": [3, 8, 1.5, 9], "texture": "#1"}
			}
		},
		{
			"name": "hexadecagon",
			"from": [5.24477, 13.32869, 4.02201],
			"to": [9.24477, 14.32869, 5.6133],
			"rotation": {"angle": 0, "axis": "y", "origin": [5.24477, 13.82869, 4.81765]},
			"faces": {
				"north": {"uv": [10.5, 0.5, 12.5, 1], "texture": "#1"},
				"east": {"uv": [13, 2.5, 14, 3], "texture": "#1"},
				"south": {"uv": [2, 10.5, 4, 11], "texture": "#1"},
				"west": {"uv": [13, 3, 14, 3.5], "texture": "#1"},
				"up": {"uv": [2, 7, 0, 6], "texture": "#1"},
				"down": {"uv": [8, 5, 6, 6], "texture": "#1"}
			}
		},
		{
			"name": "hexadecagon",
			"from": [-0.25523, 13.32869, 5.52201],
			"to": [3.74477, 14.32869, 7.1133],
			"rotation": {"angle": -22.5, "axis": "y", "origin": [3.74477, 13.82869, 6.31765]},
			"faces": {
				"north": {"uv": [10, 5, 12, 5.5], "texture": "#1"},
				"east": {"uv": [12.5, 10, 13.5, 10.5], "texture": "#1"},
				"south": {"uv": [10, 5.5, 12, 6], "texture": "#1"},
				"west": {"uv": [12.5, 10.5, 13.5, 11], "texture": "#1"},
				"up": {"uv": [5, 2, 3, 1], "texture": "#1"},
				"down": {"uv": [6.5, 3, 4.5, 4], "texture": "#1"}
			}
		},
		{
			"name": "hexadecagon",
			"from": [-0.25523, 13.32869, 5.52201],
			"to": [3.74477, 14.32869, 7.1133],
			"rotation": {"angle": 0, "axis": "y", "origin": [3.74477, 13.82869, 6.31765]},
			"faces": {
				"north": {"uv": [10, 7, 12, 7.5], "texture": "#1"},
				"east": {"uv": [11, 12.5, 12, 13], "texture": "#1"},
				"south": {"uv": [10, 7.5, 12, 8], "texture": "#1"},
				"west": {"uv": [12.5, 11, 13.5, 11.5], "texture": "#1"},
				"up": {"uv": [6.5, 5, 4.5, 4], "texture": "#1"},
				"down": {"uv": [7, 1, 5, 2], "texture": "#1"}
			}
		},
		{
			"name": "hexadecagon",
			"from": [2.94912, 13.32869, 6.31765],
			"to": [4.54042, 14.32869, 10.31765],
			"rotation": {"angle": 0, "axis": "y", "origin": [3.74477, 13.82869, 6.31765]},
			"faces": {
				"north": {"uv": [12.5, 11.5, 13.5, 12], "texture": "#1"},
				"east": {"uv": [10, 8, 12, 8.5], "texture": "#1"},
				"south": {"uv": [12, 12.5, 13, 13], "texture": "#1"},
				"west": {"uv": [10, 8.5, 12, 9], "texture": "#1"},
				"up": {"uv": [3, 7, 2, 5], "texture": "#1"},
				"down": {"uv": [4, 5, 3, 7], "texture": "#1"}
			}
		},
		{
			"name": "hexadecagon",
			"from": [2.94912, 13.32869, 6.31765],
			"to": [4.54042, 14.32869, 10.31765],
			"rotation": {"angle": 22.5, "axis": "y", "origin": [3.74477, 13.82869, 6.31765]},
			"faces": {
				"north": {"uv": [12.5, 12, 13.5, 12.5], "texture": "#1"},
				"east": {"uv": [10, 9, 12, 9.5], "texture": "#1"},
				"south": {"uv": [13, 0, 14, 0.5], "texture": "#1"},
				"west": {"uv": [10, 9.5, 12, 10], "texture": "#1"},
				"up": {"uv": [5, 7, 4, 5], "texture": "#1"},
				"down": {"uv": [6, 5, 5, 7], "texture": "#1"}
			}
		},
		{
			"name": "hexadecagon",
			"from": [-0.25523, 13.32869, 5.52201],
			"to": [3.74477, 14.32869, 7.1133],
			"rotation": {"angle": 22.5, "axis": "y", "origin": [3.74477, 13.82869, 6.31765]},
			"faces": {
				"north": {"uv": [1, 11, 3, 11.5], "texture": "#1"},
				"east": {"uv": [10, 13, 11, 13.5], "texture": "#1"},
				"south": {"uv": [11, 2, 13, 2.5], "texture": "#1"},
				"west": {"uv": [11, 13, 12, 13.5], "texture": "#1"},
				"up": {"uv": [8.5, 5, 6.5, 4], "texture": "#1"},
				"down": {"uv": [2, 7, 0, 8], "texture": "#1"}
			}
		},
		{
			"name": "hexadecagon",
			"from": [-0.25523, 13.32869, 5.52201],
			"to": [3.74477, 14.32869, 7.1133],
			"rotation": {"angle": 45, "axis": "y", "origin": [3.74477, 13.82869, 6.31765]},
			"faces": {
				"north": {"uv": [11, 2.5, 13, 3], "texture": "#1"},
				"east": {"uv": [12, 13, 13, 13.5], "texture": "#1"},
				"south": {"uv": [3, 11, 5, 11.5], "texture": "#1"},
				"west": {"uv": [13, 12.5, 14, 13], "texture": "#1"},
				"up": {"uv": [9, 2, 7, 1], "texture": "#1"},
				"down": {"uv": [4, 7, 2, 8], "texture": "#1"}
			}
		},
		{
			"name": "hexadecagon",
			"from": [2.94912, 13.32869, 6.31765],
			"to": [4.54042, 14.32869, 10.31765],
			"rotation": {"angle": -22.5, "axis": "y", "origin": [3.74477, 13.82869, 6.31765]},
			"faces": {
				"north": {"uv": [13, 13, 14, 13.5], "texture": "#1"},
				"east": {"uv": [5, 11, 7, 11.5], "texture": "#1"},
				"south": {"uv": [0, 13.5, 1, 14], "texture": "#1"},
				"west": {"uv": [11, 6, 13, 6.5], "texture": "#1"},
				"up": {"uv": [5, 9, 4, 7], "texture": "#1"},
				"down": {"uv": [6, 7, 5, 9], "texture": "#1"}
			}
		},
		{
			"name": "hexadecagon",
			"from": [12, 13.07869, -2.82356],
			"to": [13.5, 14.57869, -1.82356],
			"rotation": {"angle": 0, "axis": "y", "origin": [11.75, 13.82869, 13.17209]},
			"faces": {
				"north": {"uv": [11.5, 4, 12.5, 5], "texture": "#1"},
				"east": {"uv": [2.5, 13.5, 3, 14.5], "texture": "#1"},
				"south": {"uv": [5, 11.5, 6, 12.5], "texture": "#1"},
				"west": {"uv": [3, 13.5, 3.5, 14.5], "texture": "#1"},
				"up": {"uv": [14.5, 2, 13.5, 1.5], "texture": "#1"},
				"down": {"uv": [4.5, 13.5, 3.5, 14], "texture": "#1"}
			}
		},
		{
			"name": "hexadecagon",
			"from": [12.25, 13.32869, -1.82356],
			"to": [13.25, 14.32869, 3.92644],
			"rotation": {"angle": 0, "axis": "y", "origin": [11.75, 13.82869, 13.17209]},
			"faces": {
				"north": {"uv": [9.5, 13.5, 10, 14], "texture": "#1"},
				"east": {"uv": [8, 6.5, 11, 7], "texture": "#1"},
				"south": {"uv": [13.5, 9.5, 14, 10], "texture": "#1"},
				"west": {"uv": [7, 8, 10, 8.5], "texture": "#1"},
				"up": {"uv": [7.5, 11.5, 7, 8.5], "texture": "#1"},
				"down": {"uv": [8, 8.5, 7.5, 11.5], "texture": "#1"}
			}
		},
		{
			"name": "hexadecagon",
			"from": [23.07908, 13.32869, 6.8215],
			"to": [23.67908, 14.32869, 7.4175],
			"rotation": {"angle": 45, "axis": "y", "origin": [22.57908, 13.82869, 21.81715]},
			"faces": {
				"north": {"uv": [11.5, 13.5, 12, 14], "texture": "#1"},
				"east": {"uv": [13.5, 11.5, 14, 12], "texture": "#1"},
				"south": {"uv": [12, 13.5, 12.5, 14], "texture": "#1"},
				"west": {"uv": [13.5, 12, 14, 12.5], "texture": "#1"},
				"up": {"uv": [13, 14, 12.5, 13.5], "texture": "#1"},
				"down": {"uv": [13.5, 13.5, 13, 14], "texture": "#1"}
			}
		},
		{
			"name": "hexadecagon",
			"from": [8.14735, 13.34, 9.67856],
			"to": [11.14735, 14.34, 13.67856],
			"rotation": {"angle": 45, "axis": "y", "origin": [4.1517, 13.82869, 5.22148]},
			"faces": {
				"north": {"uv": [6, 12, 7.5, 12.5], "texture": "#1"},
				"east": {"uv": [11, 6.5, 13, 7], "texture": "#1"},
				"south": {"uv": [12, 7, 13.5, 7.5], "texture": "#1"},
				"west": {"uv": [6, 11.5, 8, 12], "texture": "#1"},
				"up": {"uv": [1.5, 2, 0, 0], "texture": "#1"},
				"down": {"uv": [3, 0, 1.5, 2], "texture": "#1"}
			}
		},
		{
			"name": "hexadecagon",
			"from": [7.14735, 13.325, 12.37856],
			"to": [9.14735, 14.325, 14.37856],
			"rotation": {"angle": 45, "axis": "y", "origin": [4.1517, 13.82869, 5.22148]},
			"faces": {
				"north": {"uv": [4.5, 13.5, 5.5, 14], "texture": "#1"},
				"east": {"uv": [13.5, 5, 14.5, 5.5], "texture": "#1"},
				"south": {"uv": [5.5, 13.5, 6.5, 14], "texture": "#1"},
				"west": {"uv": [13.5, 5.5, 14.5, 6], "texture": "#1"},
				"up": {"uv": [9, 12.5, 8, 11.5], "texture": "#1"},
				"down": {"uv": [12, 11.5, 11, 12.5], "texture": "#1"}
			}
		},
		{
			"name": "hexadecagon",
			"from": [23.29287, 13.3299, 0.09498],
			"to": [24.29287, 14.3299, 3.09498],
			"rotation": {"angle": 45, "axis": "y", "origin": [22.79287, 13.82869, 15.09063]},
			"faces": {
				"north": {"uv": [10, 13.5, 10.5, 14], "texture": "#1"},
				"east": {"uv": [12, 7.5, 13.5, 8], "texture": "#1"},
				"south": {"uv": [13.5, 10, 14, 10.5], "texture": "#1"},
				"west": {"uv": [12, 8, 13.5, 8.5], "texture": "#1"},
				"up": {"uv": [0.5, 13.5, 0, 12], "texture": "#1"},
				"down": {"uv": [1, 12, 0.5, 13.5], "texture": "#1"}
			}
		},
		{
			"name": "hexadecagon",
			"from": [8.74691, 13.32869, 3.83226],
			"to": [9.74691, 14.32869, 9.58226],
			"rotation": {"angle": -22.5, "axis": "y", "origin": [8.24691, 13.82869, 18.82791]},
			"faces": {
				"north": {"uv": [10.5, 13.5, 11, 14], "texture": "#1"},
				"east": {"uv": [8.5, 3, 11.5, 3.5], "texture": "#1"},
				"south": {"uv": [13.5, 10.5, 14, 11], "texture": "#1"},
				"west": {"uv": [8.5, 3.5, 11.5, 4], "texture": "#1"},
				"up": {"uv": [8.5, 11.5, 8, 8.5], "texture": "#1"},
				"down": {"uv": [9, 8.5, 8.5, 11.5], "texture": "#1"}
			}
		},
		{
			"name": "hexadecagon",
			"from": [15.90533, 13.33, 4.59763],
			"to": [16.90533, 14.33, 10.34763],
			"rotation": {"angle": 22.5, "axis": "y", "origin": [15.40533, 13.82869, 19.59328]},
			"faces": {
				"north": {"uv": [11, 13.5, 11.5, 14], "texture": "#1"},
				"east": {"uv": [8.5, 4, 11.5, 4.5], "texture": "#1"},
				"south": {"uv": [13.5, 11, 14, 11.5], "texture": "#1"},
				"west": {"uv": [8.5, 4.5, 11.5, 5], "texture": "#1"},
				"up": {"uv": [0.5, 12, 0, 9], "texture": "#1"},
				"down": {"uv": [1, 9, 0.5, 12], "texture": "#1"}
			}
		},
		{
			"name": "hexadecagon",
			"from": [23.24565, 0.07869, -2.82791],
			"to": [24.24565, 1.57869, -1.32791],
			"rotation": {"angle": 0, "axis": "y", "origin": [10.25, 0.82869, 1.92209]},
			"faces": {
				"north": {"uv": [2, 4, 2.5, 5], "texture": "#1"},
				"east": {"uv": [2, 9, 3, 10], "texture": "#1"},
				"south": {"uv": [7.5, 12, 8, 13], "texture": "#1"},
				"west": {"uv": [4, 9, 5, 10], "texture": "#1"},
				"up": {"uv": [12.5, 9.5, 12, 8.5], "texture": "#1"},
				"down": {"uv": [9.5, 12, 9, 13], "texture": "#1"}
			}
		},
		{
			"name": "hexadecagon",
			"from": [15.44565, 0.07869, -2.82791],
			"to": [20.44565, 1.57869, -1.32791],
			"rotation": {"angle": 0, "axis": "y", "origin": [10.25, 0.82869, 1.92209]},
			"faces": {
				"north": {"uv": [0, 2, 2.5, 3], "texture": "#1"},
				"east": {"uv": [1, 9, 2, 10], "texture": "#1"},
				"south": {"uv": [2.5, 2, 5, 3], "texture": "#1"},
				"west": {"uv": [9, 1, 10, 2], "texture": "#1"},
				"up": {"uv": [2.5, 4, 0, 3], "texture": "#1"},
				"down": {"uv": [5.5, 0, 3, 1], "texture": "#1"}
			}
		},
		{
			"name": "hexadecagon",
			"from": [14.44786, 0.07869, -2.41461],
			"to": [15.44786, 1.57869, -1.32961],
			"rotation": {"angle": 0, "axis": "y", "origin": [10.25221, 0.82869, 1.88539]},
			"faces": {
				"north": {"uv": [9.5, 12, 10, 13], "texture": "#1"},
				"east": {"uv": [12, 9.5, 12.5, 10.5], "texture": "#1"},
				"south": {"uv": [10, 12, 10.5, 13], "texture": "#1"},
				"west": {"uv": [10.5, 12, 11, 13], "texture": "#1"},
				"up": {"uv": [7, 14, 6.5, 13.5], "texture": "#1"},
				"down": {"uv": [7.5, 13.5, 7, 14], "texture": "#1"}
			}
		},
		{
			"name": "hexadecagon",
			"from": [14.5225, 0.07869, -0.05027],
			"to": [14.9225, 1.57869, 1.44973],
			"rotation": {"angle": 22.5, "axis": "y", "origin": [11.2725, 0.82869, -0.49592]},
			"faces": {
				"north": {"uv": [12, 10.5, 12.5, 11.5], "texture": "#1"},
				"east": {"uv": [5, 9, 6, 10], "texture": "#1"},
				"south": {"uv": [12, 11.5, 12.5, 12.5], "texture": "#1"},
				"west": {"uv": [9, 5, 10, 6], "texture": "#1"},
				"up": {"uv": [13, 1, 12.5, 0], "texture": "#1"},
				"down": {"uv": [1.5, 12.5, 1, 13.5], "texture": "#1"}
			}
		},
		{
			"name": "hexadecagon",
			"from": [12.98061, 0.07869, -3.29975],
			"to": [13.38061, 1.57869, -1.79975],
			"rotation": {"angle": -22.5, "axis": "y", "origin": [9.73061, 0.82869, 4.2546]},
			"faces": {
				"north": {"uv": [1.5, 12.5, 2, 13.5], "texture": "#1"},
				"east": {"uv": [9, 8.5, 10, 9.5], "texture": "#1"},
				"south": {"uv": [2, 12.5, 2.5, 13.5], "texture": "#1"},
				"west": {"uv": [3, 9.5, 4, 10.5], "texture": "#1"},
				"up": {"uv": [3, 13.5, 2.5, 12.5], "texture": "#1"},
				"down": {"uv": [3.5, 12.5, 3, 13.5], "texture": "#1"}
			}
		},
		{
			"name": "hexadecagon",
			"from": [13.74133, 0.07869, 0.33341],
			"to": [14.82133, 1.57869, 0.83341],
			"rotation": {"angle": 22.5, "axis": "y", "origin": [7.18698, 0.82869, -2.81659]},
			"faces": {
				"north": {"uv": [12.5, 3, 13, 4], "texture": "#1"},
				"east": {"uv": [3.5, 12.5, 4, 13.5], "texture": "#1"},
				"south": {"uv": [4, 12.5, 4.5, 13.5], "texture": "#1"},
				"west": {"uv": [12.5, 4, 13, 5], "texture": "#1"},
				"up": {"uv": [14, 7.5, 13.5, 7], "texture": "#1"},
				"down": {"uv": [14, 7.5, 13.5, 8], "texture": "#1"}
			}
		},
		{
			"name": "hexadecagon",
			"from": [15.01967, 0.07869, -1.44209],
			"to": [15.41967, 1.57869, 0.05791],
			"rotation": {"angle": 0, "axis": "y", "origin": [11.76967, 0.82869, -1.88774]},
			"faces": {
				"north": {"uv": [4.5, 12.5, 5, 13.5], "texture": "#1"},
				"east": {"uv": [9, 9.5, 10, 10.5], "texture": "#1"},
				"south": {"uv": [5, 12.5, 5.5, 13.5], "texture": "#1"},
				"west": {"uv": [1, 10, 2, 11], "texture": "#1"},
				"up": {"uv": [6, 13.5, 5.5, 12.5], "texture": "#1"},
				"down": {"uv": [6.5, 12.5, 6, 13.5], "texture": "#1"}
			}
		},
		{
			"name": "hexadecagon",
			"from": [14.61967, 0.07869, -1.44209],
			"to": [15.61967, 1.57869, -0.94209],
			"rotation": {"angle": 0, "axis": "y", "origin": [11.91967, 0.82869, -1.88774]},
			"faces": {
				"north": {"uv": [6.5, 12.5, 7, 13.5], "texture": "#1"},
				"east": {"uv": [7, 12.5, 7.5, 13.5], "texture": "#1"},
				"south": {"uv": [8, 12.5, 8.5, 13.5], "texture": "#1"},
				"west": {"uv": [8.5, 12.5, 9, 13.5], "texture": "#1"},
				"up": {"uv": [8.5, 14, 8, 13.5], "texture": "#1"},
				"down": {"uv": [14, 8, 13.5, 8.5], "texture": "#1"}
			}
		},
		{
			"name": "hexadecagon",
			"from": [17.39565, 0.32869, -2.57791],
			"to": [23.24565, 1.32869, -1.57791],
			"rotation": {"angle": 0, "axis": "y", "origin": [10.25, 0.82869, 1.92209]},
			"faces": {
				"north": {"uv": [7, 7, 10, 7.5], "texture": "#1"},
				"east": {"uv": [8.5, 13.5, 9, 14], "texture": "#1"},
				"south": {"uv": [7.5, 0, 10.5, 0.5], "texture": "#1"},
				"west": {"uv": [13.5, 8.5, 14, 9], "texture": "#1"},
				"up": {"uv": [10.5, 1, 7.5, 0.5], "texture": "#1"},
				"down": {"uv": [10, 7.5, 7, 8], "texture": "#1"}
			}
		}
	],
	"display": {
		"thirdperson_righthand": {
			"translation": [-1.4, 0, 0]
		}
	},
	"groups": [
		{
			"name": "Skin Crate",
			"origin": [8, 8, 8],
			"color": 0,
			"nbt": "{}",
			"armAnimationEnabled": false,
			"children": [
				{
					"name": "Body",
					"origin": [8, 8, 8],
					"color": 0,
					"nbt": "{}",
					"armAnimationEnabled": false,
					"children": [0, 1, 2, 3, 4, 5, 6, 7, 8, 9, 10, 11, 12, 13, 14, 15, 16]
				},
				{
					"name": "Extra",
					"origin": [8, 8, 8],
					"color": 0,
					"nbt": "{}",
					"armAnimationEnabled": false,
					"children": [
						17,
						18,
						19,
						20,
						21,
						{
							"name": "Detail",
							"origin": [8, 8, 8],
							"color": 0,
							"nbt": "{}",
							"armAnimationEnabled": false,
							"children": [
								22,
								23,
								24,
								{
									"name": "Detail",
									"origin": [8, 8, 8],
									"color": 0,
									"nbt": "{}",
									"armAnimationEnabled": false,
									"children": [25, 26, 27]
								}
							]
						},
						{
							"name": "Detail",
							"origin": [8, 8, 8],
							"color": 0,
							"nbt": "{}",
							"armAnimationEnabled": false,
							"children": [
								28,
								29,
								30,
								{
									"name": "Detail",
									"origin": [8, 8, 8],
									"color": 0,
									"nbt": "{}",
									"armAnimationEnabled": false,
									"children": [31, 32, 33]
								}
							]
						}
					]
				},
				{
					"name": "Cover",
					"origin": [8, 8, 8],
					"color": 0,
					"nbt": "{}",
					"armAnimationEnabled": false,
					"children": [
						{
							"name": "hexadecagon",
							"origin": [8, 8, 8],
							"color": 0,
							"nbt": "{}",
							"armAnimationEnabled": false,
							"children": [34, 35, 36, 37, 38, 39, 40, 41, 42, 43, 44]
						}
					]
				},
				{
					"name": "Metal",
					"origin": [8, 8, 8],
					"color": 0,
					"nbt": "{}",
					"armAnimationEnabled": false,
					"children": [45, 46, 47, 48, 49, 50, 51, 52, 53, 54, 55, 56]
				},
				{
					"name": "Handles",
					"origin": [8, 8, 8],
					"color": 0,
					"nbt": "{}",
					"armAnimationEnabled": false,
					"children": [
						57,
						58,
						59,
						60,
						61,
						{
							"name": "Handles",
							"origin": [8, 8, 8],
							"color": 0,
							"nbt": "{}",
							"armAnimationEnabled": false,
							"children": [62, 63, 64, 65, 66, 67, 68, 69, 70, 71, 72]
						}
					]
				},
				{
					"name": "Corners",
					"origin": [0, 0, 0],
					"color": 0,
					"nbt": "{}",
					"armAnimationEnabled": false,
					"children": [
						{
							"name": "Corner",
							"origin": [0, 0, 0],
							"color": 0,
							"nbt": "{}",
							"armAnimationEnabled": false,
							"children": [73, 74, 75, 76, 77, 78, 79, 80]
						}
					]
				},
				{
					"name": "Loot",
					"origin": [8, 8, 8],
					"color": 0,
					"nbt": "{}",
					"armAnimationEnabled": false,
					"children": []
				}
			]
		},
		{
			"name": "Omnitools",
			"origin": [8, 8, 8],
			"color": 0,
			"nbt": "{}",
			"armAnimationEnabled": false,
			"children": [
				{
					"name": "1",
					"origin": [8, 8, 8],
					"color": 0,
					"nbt": "{}",
					"armAnimationEnabled": false,
					"children": [
						{
							"name": "axe",
							"origin": [8, 8, 8],
							"color": 0,
							"nbt": "{}",
							"armAnimationEnabled": false,
							"children": [
								{
									"name": "1",
									"origin": [8, 8, 8],
									"color": 0,
									"nbt": "{}",
									"armAnimationEnabled": false,
									"children": [81, 82, 83, 84, 85, 86, 87, 88, 89, 90]
								},
								{
									"name": "2",
									"origin": [8, 8, 8],
									"color": 0,
									"nbt": "{}",
									"armAnimationEnabled": false,
									"children": [91, 92, 93, 94, 95, 96, 97]
								}
							]
						}
					]
				},
				{
					"name": "2",
					"origin": [8, 8, 8],
					"color": 0,
					"nbt": "{}",
					"armAnimationEnabled": false,
					"children": [98, 99, 100, 101, 102, 103, 104, 105]
				},
				{
					"name": "3",
					"origin": [8, 8, 8],
					"color": 0,
					"nbt": "{}",
					"armAnimationEnabled": false,
					"children": [106, 107, 108, 109, 110, 111, 112, 113, 114]
				}
			]
		}
	]
}