{
	"credit": "Made by ChainArts",
	"texture_size": [128, 128],
	"display": {
		"thirdperson_righthand": {
			"rotation": [0, -90, 0],
			"translation": [0, -1.25, 1],
			"scale": [0.7, 0.7, 0.7]
		},
		"thirdperson_lefthand": {
			"rotation": [0, -90, 0],
			"translation": [0, -1.25, 1],
			"scale": [0.7, 0.7, 0.7]
		},
		"firstperson_righthand": {
			"rotation": [-3.5, -73, 0.92],
			"translation": [0.75, -2.5, -2.5],
			"scale": [0.79, 0.79, 0.79]
		},
		"firstperson_lefthand": {
			"rotation": [-3.5, -73, 0.92],
			"translation": [0.75, -2.5, -2.5],
			"scale": [0.79, 0.79, 0.79]
		},
		"ground": {
			"rotation": [0, 0, 44],
			"translation": [0, 4.75, 0],
			"scale": [0.86, 0.86, 0.86]
		},
		"gui": {
			"rotation": [-11.75, 0, -45],
			"translation": [-4.75, -4.5, 0],
			"scale": [0.68, 0.68, 0.68]
		}
	}
}