{
    "model": {
        "type": "range_dispatch",
        "property": "custom_model_data",
        "fallback": {
            "type": "model",
            "model": "minecraft:block/poppy"
        },
        "entries": [
            {
                "threshold": 1,
                "model": {
                    "type": "model",
                    "model": "item/omnitool_extra/heart"
                }
            },
            {
                "threshold": 2,
                "model": {
                    "type": "model",
                    "model": "item/valentines/heart_lb_anim/heart_lb"
                }
            },
            {
                "threshold": 3,
                "model": {
                    "type": "model",
                    "model": "item/valentines/heart_lb_anim/heart_lb_1"
                }
            },
            {
                "threshold": 4,
                "model": {
                    "type": "model",
                    "model": "item/valentines/heart_lb_anim/heart_lb_2"
                }
            },
            {
                "threshold": 5,
                "model": {
                    "type": "model",
                    "model": "item/valentines/heart_lb_anim/heart_lb_3"
                }
            },
            {
                "threshold": 100,
                "model": {
                    "type": "model",
                    "model": "item/misc/santa_hat"
                }
            },
            {
                "threshold": 101,
                "model": {
                    "type": "model",
                    "model": "item/misc/cone_hat"
                }
            },
            {
                "threshold": 102,
                "model": {
                    "type": "model",
                    "model": "item/misc/axolotl_hat"
                }
            },
            {
                "threshold": 103,
                "model": {
                    "type": "model",
                    "model": "item/misc/jerry_pet"
                }
            }
        ]
    }
}