{
	"credit": "Made by ChainArts",
	"texture_size": [32, 32],
	"textures": {
		"0": "item/bow/valentines/arrow",
		"particle": "item/bow/valentines/arrow"
	},
	"elements": [
		{
			"from": [-0.175, -0.1, 7.55],
			"to": [15.225, 0.8, 8.45],
			"rotation": {"angle": 0, "axis": "y", "origin": [-1.875, -15, -1.15]},
			"faces": {
				"north": {"uv": [0, 0, 7.75, 0.5], "texture": "#0"},
				"east": {"uv": [0, 7, 0.5, 7.5], "texture": "#0"},
				"south": {"uv": [0, 0.5, 7.75, 1], "texture": "#0"},
				"west": {"uv": [0.5, 7, 1, 7.5], "texture": "#0"},
				"up": {"uv": [7.75, 1.5, 0, 1], "texture": "#0"},
				"down": {"uv": [7.75, 1.5, 0, 2], "texture": "#0"}
			}
		},
		{
			"from": [6.825, -0.2, 7.45],
			"to": [8.225, 0.9, 8.55],
			"rotation": {"angle": 0, "axis": "y", "origin": [-1.875, -15, -1.15]},
			"faces": {
				"north": {"uv": [5, 4.5, 5.75, 5], "texture": "#0"},
				"east": {"uv": [1, 7, 1.5, 7.5], "texture": "#0"},
				"south": {"uv": [5, 5, 5.75, 5.5], "texture": "#0"},
				"west": {"uv": [1.5, 7, 2, 7.5], "texture": "#0"},
				"up": {"uv": [1.25, 6, 0.5, 5.5], "texture": "#0"},
				"down": {"uv": [2.25, 5.5, 1.5, 6], "texture": "#0"}
			}
		},
		{
			"from": [15.425, 0, 7.65],
			"to": [17.425, 0.7, 8.35],
			"rotation": {"angle": 0, "axis": "y", "origin": [2.725, -15, -1.15]},
			"faces": {
				"north": {"uv": [2, 7, 3, 7.25], "texture": "#0"},
				"east": {"uv": [8.5, 2, 8.75, 2.25], "texture": "#0"},
				"south": {"uv": [3, 7, 4, 7.25], "texture": "#0"},
				"west": {"uv": [2.5, 8.5, 2.75, 8.75], "texture": "#0"},
				"up": {"uv": [8, 3.75, 7, 3.5], "texture": "#0"},
				"down": {"uv": [5, 7, 4, 7.25], "texture": "#0"}
			}
		},
		{
			"from": [15.125, -0.05, 7.6],
			"to": [15.425, 0.75, 8.4],
			"rotation": {"angle": 0, "axis": "y", "origin": [2.425, -15, -1.15]},
			"faces": {
				"north": {"uv": [0, 8, 0.25, 8.5], "texture": "#0"},
				"east": {"uv": [5, 7, 5.5, 7.5], "texture": "#0"},
				"south": {"uv": [8, 0, 8.25, 0.5], "texture": "#0"},
				"west": {"uv": [5.5, 7, 6, 7.5], "texture": "#0"},
				"up": {"uv": [0.75, 8.5, 0.5, 8], "texture": "#0"},
				"down": {"uv": [8.25, 0.5, 8, 1], "texture": "#0"}
			}
		},
		{
			"from": [17.425, 0.2, 7.85],
			"to": [19.425, 0.5, 8.15],
			"rotation": {"angle": 0, "axis": "y", "origin": [4.725, -15, -1.15]},
			"faces": {
				"north": {"uv": [7, 5.5, 8, 5.75], "texture": "#0"},
				"east": {"uv": [8.5, 2.5, 8.75, 2.75], "texture": "#0"},
				"south": {"uv": [6, 7, 7, 7.25], "texture": "#0"},
				"west": {"uv": [3, 8.5, 3.25, 8.75], "texture": "#0"},
				"up": {"uv": [8, 7.25, 7, 7], "texture": "#0"},
				"down": {"uv": [1, 7.5, 0, 7.75], "texture": "#0"}
			}
		},
		{
			"from": [-1.875, 0, 7.65],
			"to": [-0.175, 0.7, 8.35],
			"rotation": {"angle": 0, "axis": "y", "origin": [-3.075, -15, -1.15]},
			"faces": {
				"north": {"uv": [7.5, 6, 8.25, 6.25], "texture": "#0"},
				"east": {"uv": [8.5, 3, 8.75, 3.25], "texture": "#0"},
				"south": {"uv": [6.5, 7.5, 7.25, 7.75], "texture": "#0"},
				"west": {"uv": [3.5, 8.5, 3.75, 8.75], "texture": "#0"},
				"up": {"uv": [8.25, 6.75, 7.5, 6.5], "texture": "#0"},
				"down": {"uv": [8.25, 7.5, 7.5, 7.75], "texture": "#0"}
			}
		},
		{
			"from": [-2.975, 0.1, 7.75],
			"to": [-1.875, 0.6, 7.85],
			"rotation": {"angle": 0, "axis": "y", "origin": [-4.275, -15, -1.05]},
			"faces": {
				"north": {"uv": [1, 8, 1.5, 8.25], "texture": "#0"},
				"east": {"uv": [8.5, 3.5, 8.75, 3.75], "texture": "#0"},
				"south": {"uv": [8, 1, 8.5, 1.25], "texture": "#0"},
				"west": {"uv": [4, 8.5, 4.25, 8.75], "texture": "#0"},
				"up": {"uv": [2, 8.25, 1.5, 8], "texture": "#0"},
				"down": {"uv": [8.5, 1.5, 8, 1.75], "texture": "#0"}
			}
		},
		{
			"from": [-2.975, 0.1, 8.15],
			"to": [-1.875, 0.6, 8.25],
			"rotation": {"angle": 0, "axis": "y", "origin": [-4.275, -15, -0.65]},
			"faces": {
				"north": {"uv": [2, 8, 2.5, 8.25], "texture": "#0"},
				"east": {"uv": [8.5, 4, 8.75, 4.25], "texture": "#0"},
				"south": {"uv": [2.5, 8, 3, 8.25], "texture": "#0"},
				"west": {"uv": [4.5, 8.5, 4.75, 8.75], "texture": "#0"},
				"up": {"uv": [3.5, 8.25, 3, 8], "texture": "#0"},
				"down": {"uv": [4, 8, 3.5, 8.25], "texture": "#0"}
			}
		},
		{
			"from": [-1.475, 0.9, 7.75],
			"to": [1.525, 1.8, 8.25],
			"rotation": {"angle": -45, "axis": "z", "origin": [-0.075, 1.35, 8]},
			"faces": {
				"north": {"uv": [2, 2, 3.5, 2.5], "texture": "#0"},
				"east": {"uv": [8, 3.5, 8.25, 4], "texture": "#0"},
				"south": {"uv": [2, 2.5, 3.5, 3], "texture": "#0"},
				"west": {"uv": [4, 8, 4.25, 8.5], "texture": "#0"},
				"up": {"uv": [4, 5.75, 2.5, 5.5], "texture": "#0"},
				"down": {"uv": [5.5, 5.5, 4, 5.75], "texture": "#0"}
			}
		},
		{
			"from": [0.225, 0.9, 7.85],
			"to": [2.825, 1.8, 8.15],
			"rotation": {"angle": -45, "axis": "z", "origin": [1.225, 1.35, 8]},
			"faces": {
				"north": {"uv": [3.5, 3, 4.75, 3.5], "texture": "#0"},
				"east": {"uv": [8, 4, 8.25, 4.5], "texture": "#0"},
				"south": {"uv": [0, 4, 1.25, 4.5], "texture": "#0"},
				"west": {"uv": [4.5, 8, 4.75, 8.5], "texture": "#0"},
				"up": {"uv": [7.25, 5.25, 6, 5], "texture": "#0"},
				"down": {"uv": [7.25, 6, 6, 6.25], "texture": "#0"}
			}
		},
		{
			"from": [1.925, 0.9, 7.95],
			"to": [4.125, 1.8, 8.05],
			"rotation": {"angle": -45, "axis": "z", "origin": [2.525, 1.35, 8]},
			"faces": {
				"north": {"uv": [0.5, 5, 1.5, 5.5], "texture": "#0"},
				"east": {"uv": [8, 4.5, 8.25, 5], "texture": "#0"},
				"south": {"uv": [1.5, 5, 2.5, 5.5], "texture": "#0"},
				"west": {"uv": [5, 8, 5.25, 8.5], "texture": "#0"},
				"up": {"uv": [2, 7.75, 1, 7.5], "texture": "#0"},
				"down": {"uv": [3, 7.5, 2, 7.75], "texture": "#0"}
			}
		},
		{
			"from": [-1.475, -1.3, 7.75],
			"to": [1.525, -0.4, 8.25],
			"rotation": {"angle": 45, "axis": "z", "origin": [-0.075, -0.85, 8]},
			"faces": {
				"north": {"uv": [2, 3, 3.5, 3.5], "texture": "#0"},
				"east": {"uv": [8, 5, 8.25, 5.5], "texture": "#0"},
				"south": {"uv": [0, 3.5, 1.5, 4], "texture": "#0"},
				"west": {"uv": [5.5, 8, 5.75, 8.5], "texture": "#0"},
				"up": {"uv": [7, 5.75, 5.5, 5.5], "texture": "#0"},
				"down": {"uv": [2, 6, 0.5, 6.25], "texture": "#0"}
			}
		},
		{
			"from": [0.225, -1.3, 7.85],
			"to": [2.825, -0.4, 8.15],
			"rotation": {"angle": 45, "axis": "z", "origin": [1.225, -0.85, 8]},
			"faces": {
				"north": {"uv": [1.5, 4, 2.75, 4.5], "texture": "#0"},
				"east": {"uv": [8, 5.5, 8.25, 6], "texture": "#0"},
				"south": {"uv": [3, 4, 4.25, 4.5], "texture": "#0"},
				"west": {"uv": [6, 8, 6.25, 8.5], "texture": "#0"},
				"up": {"uv": [1.25, 6.75, 0, 6.5], "texture": "#0"},
				"down": {"uv": [2.75, 6.5, 1.5, 6.75], "texture": "#0"}
			}
		},
		{
			"from": [1.925, -1.3, 7.95],
			"to": [4.125, -0.4, 8.05],
			"rotation": {"angle": 45, "axis": "z", "origin": [2.525, -0.85, 8]},
			"faces": {
				"north": {"uv": [5, 2, 6, 2.5], "texture": "#0"},
				"east": {"uv": [6.5, 8, 6.75, 8.5], "texture": "#0"},
				"south": {"uv": [2.5, 5, 3.5, 5.5], "texture": "#0"},
				"west": {"uv": [7, 8, 7.25, 8.5], "texture": "#0"},
				"up": {"uv": [8.5, 2.25, 7.5, 2], "texture": "#0"},
				"down": {"uv": [8.5, 2.5, 7.5, 2.75], "texture": "#0"}
			}
		},
		{
			"from": [-1.8617, 0, 7.71642],
			"to": [1.1383, 0.5, 8.61642],
			"rotation": {"angle": -45, "axis": "y", "origin": [1.26036, 0.25, 8]},
			"faces": {
				"north": {"uv": [2, 6, 3.5, 6.25], "texture": "#0"},
				"east": {"uv": [8, 7, 8.5, 7.25], "texture": "#0"},
				"south": {"uv": [6, 2, 7.5, 2.25], "texture": "#0"},
				"west": {"uv": [7.5, 8, 8, 8.25], "texture": "#0"},
				"up": {"uv": [3, 4, 1.5, 3.5], "texture": "#0"},
				"down": {"uv": [5, 2, 3.5, 2.5], "texture": "#0"}
			}
		},
		{
			"from": [-0.54246, 0.1, 6.79718],
			"to": [2.05754, 0.4, 7.69718],
			"rotation": {"angle": -45, "axis": "y", "origin": [1.26036, 0.25, 8]},
			"faces": {
				"north": {"uv": [3, 6.5, 4.25, 6.75], "texture": "#0"},
				"east": {"uv": [8, 8, 8.5, 8.25], "texture": "#0"},
				"south": {"uv": [6.5, 4, 7.75, 4.25], "texture": "#0"},
				"west": {"uv": [0, 8.5, 0.5, 8.75], "texture": "#0"},
				"up": {"uv": [1.25, 5, 0, 4.5], "texture": "#0"},
				"down": {"uv": [2.75, 4.5, 1.5, 5], "texture": "#0"}
			}
		},
		{
			"from": [0.77678, 0.2, 5.87794],
			"to": [2.97678, 0.3, 6.77794],
			"rotation": {"angle": -45, "axis": "y", "origin": [1.26036, 0.25, 8]},
			"faces": {
				"north": {"uv": [3, 7.5, 4, 7.75], "texture": "#0"},
				"east": {"uv": [8.5, 0, 9, 0.25], "texture": "#0"},
				"south": {"uv": [7.5, 3, 8.5, 3.25], "texture": "#0"},
				"west": {"uv": [0.5, 8.5, 1, 8.75], "texture": "#0"},
				"up": {"uv": [6, 3, 5, 2.5], "texture": "#0"},
				"down": {"uv": [6, 3, 5, 3.5], "texture": "#0"}
			}
		},
		{
			"from": [-1.8617, 0, 7.38358],
			"to": [1.1383, 0.5, 8.28358],
			"rotation": {"angle": 45, "axis": "y", "origin": [1.26036, 0.25, 8]},
			"faces": {
				"north": {"uv": [6, 2.5, 7.5, 2.75], "texture": "#0"},
				"east": {"uv": [8.5, 0.5, 9, 0.75], "texture": "#0"},
				"south": {"uv": [6, 3, 7.5, 3.25], "texture": "#0"},
				"west": {"uv": [1, 8.5, 1.5, 8.75], "texture": "#0"},
				"up": {"uv": [5, 3, 3.5, 2.5], "texture": "#0"},
				"down": {"uv": [4.5, 3.5, 3, 4], "texture": "#0"}
			}
		},
		{
			"from": [0.77678, 0.2, 9.22206],
			"to": [2.97678, 0.3, 10.12206],
			"rotation": {"angle": 45, "axis": "y", "origin": [1.26036, 0.25, 8]},
			"faces": {
				"north": {"uv": [4, 7.5, 5, 7.75], "texture": "#0"},
				"east": {"uv": [8.5, 1, 9, 1.25], "texture": "#0"},
				"south": {"uv": [5, 7.5, 6, 7.75], "texture": "#0"},
				"west": {"uv": [1.5, 8.5, 2, 8.75], "texture": "#0"},
				"up": {"uv": [4.5, 5.5, 3.5, 5], "texture": "#0"},
				"down": {"uv": [6, 4, 5, 4.5], "texture": "#0"}
			}
		},
		{
			"from": [-0.54246, 0.1, 8.30282],
			"to": [2.05754, 0.4, 9.20282],
			"rotation": {"angle": 45, "axis": "y", "origin": [1.26036, 0.25, 8]},
			"faces": {
				"north": {"uv": [6.5, 4.5, 7.75, 4.75], "texture": "#0"},
				"east": {"uv": [8.5, 1.5, 9, 1.75], "texture": "#0"},
				"south": {"uv": [6, 6.5, 7.25, 6.75], "texture": "#0"},
				"west": {"uv": [2, 8.5, 2.5, 8.75], "texture": "#0"},
				"up": {"uv": [4.25, 5, 3, 4.5], "texture": "#0"},
				"down": {"uv": [5.75, 3.5, 4.5, 4], "texture": "#0"}
			}
		},
		{
			"from": [6.16346, 0.53792, 7.44672],
			"to": [6.27523, 0.83874, 7.74754],
			"rotation": {"angle": -22.5, "axis": "z", "origin": [6.2136, 0.88888, 7.39658]},
			"faces": {
				"north": {"uv": [8.5, 4.5, 8.75, 4.75], "texture": "#0"},
				"east": {"uv": [5, 8.5, 5.25, 8.75], "texture": "#0"},
				"south": {"uv": [8.5, 5, 8.75, 5.25], "texture": "#0"},
				"west": {"uv": [5.5, 8.5, 5.75, 8.75], "texture": "#0"},
				"up": {"uv": [8.75, 5.75, 8.5, 5.5], "texture": "#0"},
				"down": {"uv": [6.25, 8.5, 6, 8.75], "texture": "#0"}
			}
		},
		{
			"from": [6.18351, 0.83874, 7.44672],
			"to": [6.26521, 0.93901, 7.74754],
			"rotation": {"angle": -22.5, "axis": "z", "origin": [6.2136, 0.88888, 7.39658]},
			"faces": {
				"north": {"uv": [8.5, 6, 8.75, 6.25], "texture": "#0"},
				"east": {"uv": [6.5, 8.5, 6.75, 8.75], "texture": "#0"},
				"south": {"uv": [8.5, 6.5, 8.75, 6.75], "texture": "#0"},
				"west": {"uv": [7, 8.5, 7.25, 8.75], "texture": "#0"},
				"up": {"uv": [8.75, 7.25, 8.5, 7], "texture": "#0"},
				"down": {"uv": [7.75, 8.5, 7.5, 8.75], "texture": "#0"}
			}
		},
		{
			"from": [6.18351, 0.93901, 7.34644],
			"to": [6.24515, 1.03929, 7.64727],
			"rotation": {"angle": -22.5, "axis": "z", "origin": [6.2136, 0.88888, 7.39658]},
			"faces": {
				"north": {"uv": [8.5, 7.5, 8.75, 7.75], "texture": "#0"},
				"east": {"uv": [8, 8.5, 8.25, 8.75], "texture": "#0"},
				"south": {"uv": [8.5, 8, 8.75, 8.25], "texture": "#0"},
				"west": {"uv": [8.5, 8.5, 8.75, 8.75], "texture": "#0"},
				"up": {"uv": [0.25, 9.25, 0, 9], "texture": "#0"},
				"down": {"uv": [9.25, 0, 9, 0.25], "texture": "#0"}
			}
		},
		{
			"from": [6.17348, 0.53792, 7.34644],
			"to": [6.26521, 0.93901, 7.44672],
			"rotation": {"angle": -22.5, "axis": "z", "origin": [6.2136, 0.88888, 7.39658]},
			"faces": {
				"north": {"uv": [0.5, 9, 0.75, 9.25], "texture": "#0"},
				"east": {"uv": [9, 0.5, 9.25, 0.75], "texture": "#0"},
				"south": {"uv": [1, 9, 1.25, 9.25], "texture": "#0"},
				"west": {"uv": [9, 1, 9.25, 1.25], "texture": "#0"},
				"up": {"uv": [1.75, 9.25, 1.5, 9], "texture": "#0"},
				"down": {"uv": [9.25, 1.5, 9, 1.75], "texture": "#0"}
			}
		},
		{
			"from": [6.19354, 0.63819, 7.24617],
			"to": [6.24515, 1.03929, 7.34644],
			"rotation": {"angle": -22.5, "axis": "z", "origin": [6.2136, 0.88888, 7.39658]},
			"faces": {
				"north": {"uv": [2, 9, 2.25, 9.25], "texture": "#0"},
				"east": {"uv": [9, 2, 9.25, 2.25], "texture": "#0"},
				"south": {"uv": [2.5, 9, 2.75, 9.25], "texture": "#0"},
				"west": {"uv": [9, 2.5, 9.25, 2.75], "texture": "#0"},
				"up": {"uv": [3.25, 9.25, 3, 9], "texture": "#0"},
				"down": {"uv": [9.25, 3, 9, 3.25], "texture": "#0"}
			}
		},
		{
			"from": [6.20357, 0.83874, 7.14589],
			"to": [6.24515, 1.03929, 7.24617],
			"rotation": {"angle": -22.5, "axis": "z", "origin": [6.2136, 0.88888, 7.39658]},
			"faces": {
				"north": {"uv": [3.5, 9, 3.75, 9.25], "texture": "#0"},
				"east": {"uv": [9, 3.5, 9.25, 3.75], "texture": "#0"},
				"south": {"uv": [4, 9, 4.25, 9.25], "texture": "#0"},
				"west": {"uv": [9, 4, 9.25, 4.25], "texture": "#0"},
				"up": {"uv": [4.75, 9.25, 4.5, 9], "texture": "#0"},
				"down": {"uv": [9.25, 4.5, 9, 4.75], "texture": "#0"}
			}
		},
		{
			"from": [6.20357, 1.03929, 7.14589],
			"to": [6.23512, 1.13956, 7.44672],
			"rotation": {"angle": -22.5, "axis": "z", "origin": [6.2136, 0.88888, 7.39658]},
			"faces": {
				"north": {"uv": [5, 9, 5.25, 9.25], "texture": "#0"},
				"east": {"uv": [9, 5, 9.25, 5.25], "texture": "#0"},
				"south": {"uv": [5.5, 9, 5.75, 9.25], "texture": "#0"},
				"west": {"uv": [9, 5.5, 9.25, 5.75], "texture": "#0"},
				"up": {"uv": [6.25, 9.25, 6, 9], "texture": "#0"},
				"down": {"uv": [9.25, 6, 9, 6.25], "texture": "#0"}
			}
		},
		{
			"from": [8.96346, 0.53792, 8.14562],
			"to": [9.07523, 0.83874, 8.44644],
			"rotation": {"angle": -22.5, "axis": "x", "origin": [9.0136, 0.88888, 8.49658]},
			"faces": {
				"north": {"uv": [6.5, 9, 6.75, 9.25], "texture": "#0"},
				"east": {"uv": [9, 6.5, 9.25, 6.75], "texture": "#0"},
				"south": {"uv": [7, 9, 7.25, 9.25], "texture": "#0"},
				"west": {"uv": [9, 7, 9.25, 7.25], "texture": "#0"},
				"up": {"uv": [7.75, 9.25, 7.5, 9], "texture": "#0"},
				"down": {"uv": [9.25, 7.5, 9, 7.75], "texture": "#0"}
			}
		},
		{
			"from": [8.98351, 0.53792, 8.44644],
			"to": [9.06521, 0.83874, 8.54672],
			"rotation": {"angle": -22.5, "axis": "x", "origin": [9.0136, 0.88888, 8.49658]},
			"faces": {
				"north": {"uv": [8, 9, 8.25, 9.25], "texture": "#0"},
				"east": {"uv": [9, 8, 9.25, 8.25], "texture": "#0"},
				"south": {"uv": [8.5, 9, 8.75, 9.25], "texture": "#0"},
				"west": {"uv": [9, 8.5, 9.25, 8.75], "texture": "#0"},
				"up": {"uv": [9.25, 9.25, 9, 9], "texture": "#0"},
				"down": {"uv": [0.25, 9.5, 0, 9.75], "texture": "#0"}
			}
		},
		{
			"from": [8.98351, 0.63819, 8.54672],
			"to": [9.04515, 0.93901, 8.64699],
			"rotation": {"angle": -22.5, "axis": "x", "origin": [9.0136, 0.88888, 8.49658]},
			"faces": {
				"north": {"uv": [9.5, 0, 9.75, 0.25], "texture": "#0"},
				"east": {"uv": [0.5, 9.5, 0.75, 9.75], "texture": "#0"},
				"south": {"uv": [9.5, 0.5, 9.75, 0.75], "texture": "#0"},
				"west": {"uv": [1, 9.5, 1.25, 9.75], "texture": "#0"},
				"up": {"uv": [9.75, 1.25, 9.5, 1], "texture": "#0"},
				"down": {"uv": [1.75, 9.5, 1.5, 9.75], "texture": "#0"}
			}
		},
		{
			"from": [8.97348, 0.83874, 8.14562],
			"to": [9.06521, 0.93901, 8.54672],
			"rotation": {"angle": -22.5, "axis": "x", "origin": [9.0136, 0.88888, 8.49658]},
			"faces": {
				"north": {"uv": [9.5, 1.5, 9.75, 1.75], "texture": "#0"},
				"east": {"uv": [2, 9.5, 2.25, 9.75], "texture": "#0"},
				"south": {"uv": [9.5, 2, 9.75, 2.25], "texture": "#0"},
				"west": {"uv": [2.5, 9.5, 2.75, 9.75], "texture": "#0"},
				"up": {"uv": [9.75, 2.75, 9.5, 2.5], "texture": "#0"},
				"down": {"uv": [3.25, 9.5, 3, 9.75], "texture": "#0"}
			}
		},
		{
			"from": [8.99354, 0.93901, 8.24589],
			"to": [9.04515, 1.03929, 8.64699],
			"rotation": {"angle": -22.5, "axis": "x", "origin": [9.0136, 0.88888, 8.49658]},
			"faces": {
				"north": {"uv": [9.5, 3, 9.75, 3.25], "texture": "#0"},
				"east": {"uv": [3.5, 9.5, 3.75, 9.75], "texture": "#0"},
				"south": {"uv": [9.5, 3.5, 9.75, 3.75], "texture": "#0"},
				"west": {"uv": [4, 9.5, 4.25, 9.75], "texture": "#0"},
				"up": {"uv": [9.75, 4.25, 9.5, 4], "texture": "#0"},
				"down": {"uv": [4.75, 9.5, 4.5, 9.75], "texture": "#0"}
			}
		},
		{
			"from": [9.00357, 1.03929, 8.44644],
			"to": [9.04515, 1.13956, 8.64699],
			"rotation": {"angle": -22.5, "axis": "x", "origin": [9.0136, 0.88888, 8.49658]},
			"faces": {
				"north": {"uv": [9.5, 4.5, 9.75, 4.75], "texture": "#0"},
				"east": {"uv": [5, 9.5, 5.25, 9.75], "texture": "#0"},
				"south": {"uv": [9.5, 5, 9.75, 5.25], "texture": "#0"},
				"west": {"uv": [5.5, 9.5, 5.75, 9.75], "texture": "#0"},
				"up": {"uv": [9.75, 5.75, 9.5, 5.5], "texture": "#0"},
				"down": {"uv": [6.25, 9.5, 6, 9.75], "texture": "#0"}
			}
		},
		{
			"from": [9.00357, 0.83874, 8.64699],
			"to": [9.03512, 1.13956, 8.74727],
			"rotation": {"angle": -22.5, "axis": "x", "origin": [9.0136, 0.88888, 8.49658]},
			"faces": {
				"north": {"uv": [9.5, 6, 9.75, 6.25], "texture": "#0"},
				"east": {"uv": [6.5, 9.5, 6.75, 9.75], "texture": "#0"},
				"south": {"uv": [9.5, 6.5, 9.75, 6.75], "texture": "#0"},
				"west": {"uv": [7, 9.5, 7.25, 9.75], "texture": "#0"},
				"up": {"uv": [9.75, 7.25, 9.5, 7], "texture": "#0"},
				"down": {"uv": [7.75, 9.5, 7.5, 9.75], "texture": "#0"}
			}
		},
		{
			"from": [4.56346, 0.43792, 8.14562],
			"to": [4.67523, 0.73874, 8.44644],
			"rotation": {"angle": 22.5, "axis": "x", "origin": [4.6136, 0.78888, 8.49658]},
			"faces": {
				"north": {"uv": [9.5, 7.5, 9.75, 7.75], "texture": "#0"},
				"east": {"uv": [8, 9.5, 8.25, 9.75], "texture": "#0"},
				"south": {"uv": [9.5, 8, 9.75, 8.25], "texture": "#0"},
				"west": {"uv": [8.5, 9.5, 8.75, 9.75], "texture": "#0"},
				"up": {"uv": [9.75, 8.75, 9.5, 8.5], "texture": "#0"},
				"down": {"uv": [9.25, 9.5, 9, 9.75], "texture": "#0"}
			}
		},
		{
			"from": [4.58351, 0.43792, 8.44644],
			"to": [4.66521, 0.73874, 8.54672],
			"rotation": {"angle": 22.5, "axis": "x", "origin": [4.6136, 0.78888, 8.49658]},
			"faces": {
				"north": {"uv": [9.5, 9, 9.75, 9.25], "texture": "#0"},
				"east": {"uv": [9.5, 9.5, 9.75, 9.75], "texture": "#0"},
				"south": {"uv": [0, 10, 0.25, 10.25], "texture": "#0"},
				"west": {"uv": [10, 0, 10.25, 0.25], "texture": "#0"},
				"up": {"uv": [0.75, 10.25, 0.5, 10], "texture": "#0"},
				"down": {"uv": [10.25, 0.5, 10, 0.75], "texture": "#0"}
			}
		},
		{
			"from": [4.58351, 0.53819, 8.54672],
			"to": [4.64515, 0.83901, 8.64699],
			"rotation": {"angle": 22.5, "axis": "x", "origin": [4.6136, 0.78888, 8.49658]},
			"faces": {
				"north": {"uv": [1, 10, 1.25, 10.25], "texture": "#0"},
				"east": {"uv": [10, 1, 10.25, 1.25], "texture": "#0"},
				"south": {"uv": [1.5, 10, 1.75, 10.25], "texture": "#0"},
				"west": {"uv": [10, 1.5, 10.25, 1.75], "texture": "#0"},
				"up": {"uv": [2.25, 10.25, 2, 10], "texture": "#0"},
				"down": {"uv": [10.25, 2, 10, 2.25], "texture": "#0"}
			}
		},
		{
			"from": [4.57348, 0.73874, 8.14562],
			"to": [4.66521, 0.83901, 8.54672],
			"rotation": {"angle": 22.5, "axis": "x", "origin": [4.6136, 0.78888, 8.49658]},
			"faces": {
				"north": {"uv": [2.5, 10, 2.75, 10.25], "texture": "#0"},
				"east": {"uv": [10, 2.5, 10.25, 2.75], "texture": "#0"},
				"south": {"uv": [3, 10, 3.25, 10.25], "texture": "#0"},
				"west": {"uv": [10, 3, 10.25, 3.25], "texture": "#0"},
				"up": {"uv": [3.75, 10.25, 3.5, 10], "texture": "#0"},
				"down": {"uv": [10.25, 3.5, 10, 3.75], "texture": "#0"}
			}
		},
		{
			"from": [4.59354, 0.83901, 8.24589],
			"to": [4.64515, 0.93929, 8.64699],
			"rotation": {"angle": 22.5, "axis": "x", "origin": [4.6136, 0.78888, 8.49658]},
			"faces": {
				"north": {"uv": [4, 10, 4.25, 10.25], "texture": "#0"},
				"east": {"uv": [10, 4, 10.25, 4.25], "texture": "#0"},
				"south": {"uv": [4.5, 10, 4.75, 10.25], "texture": "#0"},
				"west": {"uv": [10, 4.5, 10.25, 4.75], "texture": "#0"},
				"up": {"uv": [5.25, 10.25, 5, 10], "texture": "#0"},
				"down": {"uv": [10.25, 5, 10, 5.25], "texture": "#0"}
			}
		},
		{
			"from": [4.60357, 0.93929, 8.44644],
			"to": [4.64515, 1.03956, 8.64699],
			"rotation": {"angle": 22.5, "axis": "x", "origin": [4.6136, 0.78888, 8.49658]},
			"faces": {
				"north": {"uv": [5.5, 10, 5.75, 10.25], "texture": "#0"},
				"east": {"uv": [10, 5.5, 10.25, 5.75], "texture": "#0"},
				"south": {"uv": [6, 10, 6.25, 10.25], "texture": "#0"},
				"west": {"uv": [10, 6, 10.25, 6.25], "texture": "#0"},
				"up": {"uv": [6.75, 10.25, 6.5, 10], "texture": "#0"},
				"down": {"uv": [10.25, 6.5, 10, 6.75], "texture": "#0"}
			}
		},
		{
			"from": [4.60357, 0.73874, 8.64699],
			"to": [4.63512, 1.03956, 8.74727],
			"rotation": {"angle": 22.5, "axis": "x", "origin": [4.6136, 0.78888, 8.49658]},
			"faces": {
				"north": {"uv": [7, 10, 7.25, 10.25], "texture": "#0"},
				"east": {"uv": [10, 7, 10.25, 7.25], "texture": "#0"},
				"south": {"uv": [7.5, 10, 7.75, 10.25], "texture": "#0"},
				"west": {"uv": [10, 7.5, 10.25, 7.75], "texture": "#0"},
				"up": {"uv": [8.25, 10.25, 8, 10], "texture": "#0"},
				"down": {"uv": [10.25, 8, 10, 8.25], "texture": "#0"}
			}
		},
		{
			"from": [5.76346, -0.26099, 7.44672],
			"to": [5.87523, 0.03984, 7.74754],
			"rotation": {"angle": -22.5, "axis": "x", "origin": [5.8136, -0.31112, 7.39658]},
			"faces": {
				"north": {"uv": [8.5, 10, 8.75, 10.25], "texture": "#0"},
				"east": {"uv": [10, 8.5, 10.25, 8.75], "texture": "#0"},
				"south": {"uv": [9, 10, 9.25, 10.25], "texture": "#0"},
				"west": {"uv": [10, 9, 10.25, 9.25], "texture": "#0"},
				"up": {"uv": [9.75, 10.25, 9.5, 10], "texture": "#0"},
				"down": {"uv": [10.25, 9.5, 10, 9.75], "texture": "#0"}
			}
		},
		{
			"from": [5.78351, -0.26099, 7.34644],
			"to": [5.86521, 0.03984, 7.44672],
			"rotation": {"angle": -22.5, "axis": "x", "origin": [5.8136, -0.31112, 7.39658]},
			"faces": {
				"north": {"uv": [10, 10, 10.25, 10.25], "texture": "#0"},
				"east": {"uv": [0, 10.5, 0.25, 10.75], "texture": "#0"},
				"south": {"uv": [10.5, 0, 10.75, 0.25], "texture": "#0"},
				"west": {"uv": [0.5, 10.5, 0.75, 10.75], "texture": "#0"},
				"up": {"uv": [10.75, 0.75, 10.5, 0.5], "texture": "#0"},
				"down": {"uv": [1.25, 10.5, 1, 10.75], "texture": "#0"}
			}
		},
		{
			"from": [5.78351, -0.36126, 7.24617],
			"to": [5.84515, -0.06044, 7.34644],
			"rotation": {"angle": -22.5, "axis": "x", "origin": [5.8136, -0.31112, 7.39658]},
			"faces": {
				"north": {"uv": [10.5, 1, 10.75, 1.25], "texture": "#0"},
				"east": {"uv": [1.5, 10.5, 1.75, 10.75], "texture": "#0"},
				"south": {"uv": [10.5, 1.5, 10.75, 1.75], "texture": "#0"},
				"west": {"uv": [2, 10.5, 2.25, 10.75], "texture": "#0"},
				"up": {"uv": [10.75, 2.25, 10.5, 2], "texture": "#0"},
				"down": {"uv": [2.75, 10.5, 2.5, 10.75], "texture": "#0"}
			}
		},
		{
			"from": [5.77348, -0.36126, 7.34644],
			"to": [5.86521, -0.26099, 7.74754],
			"rotation": {"angle": -22.5, "axis": "x", "origin": [5.8136, -0.31112, 7.39658]},
			"faces": {
				"north": {"uv": [10.5, 2.5, 10.75, 2.75], "texture": "#0"},
				"east": {"uv": [3, 10.5, 3.25, 10.75], "texture": "#0"},
				"south": {"uv": [10.5, 3, 10.75, 3.25], "texture": "#0"},
				"west": {"uv": [3.5, 10.5, 3.75, 10.75], "texture": "#0"},
				"up": {"uv": [10.75, 3.75, 10.5, 3.5], "texture": "#0"},
				"down": {"uv": [4.25, 10.5, 4, 10.75], "texture": "#0"}
			}
		},
		{
			"from": [5.79354, -0.46153, 7.24617],
			"to": [5.84515, -0.36126, 7.64727],
			"rotation": {"angle": -22.5, "axis": "x", "origin": [5.8136, -0.31112, 7.39658]},
			"faces": {
				"north": {"uv": [10.5, 4, 10.75, 4.25], "texture": "#0"},
				"east": {"uv": [4.5, 10.5, 4.75, 10.75], "texture": "#0"},
				"south": {"uv": [10.5, 4.5, 10.75, 4.75], "texture": "#0"},
				"west": {"uv": [5, 10.5, 5.25, 10.75], "texture": "#0"},
				"up": {"uv": [10.75, 5.25, 10.5, 5], "texture": "#0"},
				"down": {"uv": [5.75, 10.5, 5.5, 10.75], "texture": "#0"}
			}
		},
		{
			"from": [5.80357, -0.56181, 7.24617],
			"to": [5.84515, -0.46153, 7.44672],
			"rotation": {"angle": -22.5, "axis": "x", "origin": [5.8136, -0.31112, 7.39658]},
			"faces": {
				"north": {"uv": [10.5, 5.5, 10.75, 5.75], "texture": "#0"},
				"east": {"uv": [6, 10.5, 6.25, 10.75], "texture": "#0"},
				"south": {"uv": [10.5, 6, 10.75, 6.25], "texture": "#0"},
				"west": {"uv": [6.5, 10.5, 6.75, 10.75], "texture": "#0"},
				"up": {"uv": [10.75, 6.75, 10.5, 6.5], "texture": "#0"},
				"down": {"uv": [7.25, 10.5, 7, 10.75], "texture": "#0"}
			}
		},
		{
			"from": [5.80357, -0.56181, 7.14589],
			"to": [5.83512, -0.26099, 7.24617],
			"rotation": {"angle": -22.5, "axis": "x", "origin": [5.8136, -0.31112, 7.39658]},
			"faces": {
				"north": {"uv": [10.5, 7, 10.75, 7.25], "texture": "#0"},
				"east": {"uv": [7.5, 10.5, 7.75, 10.75], "texture": "#0"},
				"south": {"uv": [10.5, 7.5, 10.75, 7.75], "texture": "#0"},
				"west": {"uv": [8, 10.5, 8.25, 10.75], "texture": "#0"},
				"up": {"uv": [10.75, 8.25, 10.5, 8], "texture": "#0"},
				"down": {"uv": [8.75, 10.5, 8.5, 10.75], "texture": "#0"}
			}
		},
		{
			"from": [8.96346, 0.23901, 7.54672],
			"to": [9.07523, 0.53984, 7.84754],
			"rotation": {"angle": -45, "axis": "y", "origin": [9.0136, 0.18888, 7.49658]},
			"faces": {
				"north": {"uv": [10.5, 8.5, 10.75, 8.75], "texture": "#0"},
				"east": {"uv": [9, 10.5, 9.25, 10.75], "texture": "#0"},
				"south": {"uv": [10.5, 9, 10.75, 9.25], "texture": "#0"},
				"west": {"uv": [9.5, 10.5, 9.75, 10.75], "texture": "#0"},
				"up": {"uv": [10.75, 9.75, 10.5, 9.5], "texture": "#0"},
				"down": {"uv": [10.25, 10.5, 10, 10.75], "texture": "#0"}
			}
		},
		{
			"from": [8.98351, 0.23901, 7.44644],
			"to": [9.06521, 0.53984, 7.54672],
			"rotation": {"angle": -45, "axis": "y", "origin": [9.0136, 0.18888, 7.49658]},
			"faces": {
				"north": {"uv": [10.5, 10, 10.75, 10.25], "texture": "#0"},
				"east": {"uv": [10.5, 10.5, 10.75, 10.75], "texture": "#0"},
				"south": {"uv": [0, 11, 0.25, 11.25], "texture": "#0"},
				"west": {"uv": [11, 0, 11.25, 0.25], "texture": "#0"},
				"up": {"uv": [0.75, 11.25, 0.5, 11], "texture": "#0"},
				"down": {"uv": [11.25, 0.5, 11, 0.75], "texture": "#0"}
			}
		},
		{
			"from": [8.98351, 0.13874, 7.34617],
			"to": [9.04515, 0.43956, 7.44644],
			"rotation": {"angle": -45, "axis": "y", "origin": [9.0136, 0.18888, 7.49658]},
			"faces": {
				"north": {"uv": [1, 11, 1.25, 11.25], "texture": "#0"},
				"east": {"uv": [11, 1, 11.25, 1.25], "texture": "#0"},
				"south": {"uv": [1.5, 11, 1.75, 11.25], "texture": "#0"},
				"west": {"uv": [11, 1.5, 11.25, 1.75], "texture": "#0"},
				"up": {"uv": [2.25, 11.25, 2, 11], "texture": "#0"},
				"down": {"uv": [11.25, 2, 11, 2.25], "texture": "#0"}
			}
		},
		{
			"from": [8.97348, 0.13874, 7.44644],
			"to": [9.06521, 0.23901, 7.84754],
			"rotation": {"angle": -45, "axis": "y", "origin": [9.0136, 0.18888, 7.49658]},
			"faces": {
				"north": {"uv": [2.5, 11, 2.75, 11.25], "texture": "#0"},
				"east": {"uv": [11, 2.5, 11.25, 2.75], "texture": "#0"},
				"south": {"uv": [3, 11, 3.25, 11.25], "texture": "#0"},
				"west": {"uv": [11, 3, 11.25, 3.25], "texture": "#0"},
				"up": {"uv": [3.75, 11.25, 3.5, 11], "texture": "#0"},
				"down": {"uv": [11.25, 3.5, 11, 3.75], "texture": "#0"}
			}
		},
		{
			"from": [8.99354, 0.03847, 7.34617],
			"to": [9.04515, 0.13874, 7.74727],
			"rotation": {"angle": -45, "axis": "y", "origin": [9.0136, 0.18888, 7.49658]},
			"faces": {
				"north": {"uv": [4, 11, 4.25, 11.25], "texture": "#0"},
				"east": {"uv": [11, 4, 11.25, 4.25], "texture": "#0"},
				"south": {"uv": [4.5, 11, 4.75, 11.25], "texture": "#0"},
				"west": {"uv": [11, 4.5, 11.25, 4.75], "texture": "#0"},
				"up": {"uv": [5.25, 11.25, 5, 11], "texture": "#0"},
				"down": {"uv": [11.25, 5, 11, 5.25], "texture": "#0"}
			}
		},
		{
			"from": [9.00357, -0.06181, 7.34617],
			"to": [9.04515, 0.03847, 7.54672],
			"rotation": {"angle": -45, "axis": "y", "origin": [9.0136, 0.18888, 7.49658]},
			"faces": {
				"north": {"uv": [5.5, 11, 5.75, 11.25], "texture": "#0"},
				"east": {"uv": [11, 5.5, 11.25, 5.75], "texture": "#0"},
				"south": {"uv": [6, 11, 6.25, 11.25], "texture": "#0"},
				"west": {"uv": [11, 6, 11.25, 6.25], "texture": "#0"},
				"up": {"uv": [6.75, 11.25, 6.5, 11], "texture": "#0"},
				"down": {"uv": [11.25, 6.5, 11, 6.75], "texture": "#0"}
			}
		},
		{
			"from": [9.00357, -0.06181, 7.24589],
			"to": [9.03512, 0.23901, 7.34617],
			"rotation": {"angle": -45, "axis": "y", "origin": [9.0136, 0.18888, 7.49658]},
			"faces": {
				"north": {"uv": [7, 11, 7.25, 11.25], "texture": "#0"},
				"east": {"uv": [11, 7, 11.25, 7.25], "texture": "#0"},
				"south": {"uv": [7.5, 11, 7.75, 11.25], "texture": "#0"},
				"west": {"uv": [11, 7.5, 11.25, 7.75], "texture": "#0"},
				"up": {"uv": [8.25, 11.25, 8, 11], "texture": "#0"},
				"down": {"uv": [11.25, 8, 11, 8.25], "texture": "#0"}
			}
		},
		{
			"from": [11.96346, -0.16208, 7.54672],
			"to": [12.07523, 0.13874, 7.84754],
			"rotation": {"angle": -22.5, "axis": "x", "origin": [12.0136, 0.18888, 7.49658]},
			"faces": {
				"north": {"uv": [8.5, 11, 8.75, 11.25], "texture": "#0"},
				"east": {"uv": [11, 8.5, 11.25, 8.75], "texture": "#0"},
				"south": {"uv": [9, 11, 9.25, 11.25], "texture": "#0"},
				"west": {"uv": [11, 9, 11.25, 9.25], "texture": "#0"},
				"up": {"uv": [9.75, 11.25, 9.5, 11], "texture": "#0"},
				"down": {"uv": [11.25, 9.5, 11, 9.75], "texture": "#0"}
			}
		},
		{
			"from": [11.98351, 0.13874, 7.54672],
			"to": [12.06521, 0.23901, 7.84754],
			"rotation": {"angle": -22.5, "axis": "x", "origin": [12.0136, 0.18888, 7.49658]},
			"faces": {
				"north": {"uv": [10, 11, 10.25, 11.25], "texture": "#0"},
				"east": {"uv": [11, 10, 11.25, 10.25], "texture": "#0"},
				"south": {"uv": [10.5, 11, 10.75, 11.25], "texture": "#0"},
				"west": {"uv": [11, 10.5, 11.25, 10.75], "texture": "#0"},
				"up": {"uv": [11.25, 11.25, 11, 11], "texture": "#0"},
				"down": {"uv": [0.25, 11.5, 0, 11.75], "texture": "#0"}
			}
		},
		{
			"from": [11.98351, 0.23901, 7.44644],
			"to": [12.04515, 0.33929, 7.74727],
			"rotation": {"angle": -22.5, "axis": "x", "origin": [12.0136, 0.18888, 7.49658]},
			"faces": {
				"north": {"uv": [11.5, 0, 11.75, 0.25], "texture": "#0"},
				"east": {"uv": [0.5, 11.5, 0.75, 11.75], "texture": "#0"},
				"south": {"uv": [11.5, 0.5, 11.75, 0.75], "texture": "#0"},
				"west": {"uv": [1, 11.5, 1.25, 11.75], "texture": "#0"},
				"up": {"uv": [11.75, 1.25, 11.5, 1], "texture": "#0"},
				"down": {"uv": [1.75, 11.5, 1.5, 11.75], "texture": "#0"}
			}
		},
		{
			"from": [11.97348, -0.16208, 7.44644],
			"to": [12.06521, 0.23901, 7.54672],
			"rotation": {"angle": -22.5, "axis": "x", "origin": [12.0136, 0.18888, 7.49658]},
			"faces": {
				"north": {"uv": [11.5, 1.5, 11.75, 1.75], "texture": "#0"},
				"east": {"uv": [2, 11.5, 2.25, 11.75], "texture": "#0"},
				"south": {"uv": [11.5, 2, 11.75, 2.25], "texture": "#0"},
				"west": {"uv": [2.5, 11.5, 2.75, 11.75], "texture": "#0"},
				"up": {"uv": [11.75, 2.75, 11.5, 2.5], "texture": "#0"},
				"down": {"uv": [3.25, 11.5, 3, 11.75], "texture": "#0"}
			}
		},
		{
			"from": [11.99354, -0.06181, 7.34617],
			"to": [12.04515, 0.33929, 7.44644],
			"rotation": {"angle": -22.5, "axis": "x", "origin": [12.0136, 0.18888, 7.49658]},
			"faces": {
				"north": {"uv": [11.5, 3, 11.75, 3.25], "texture": "#0"},
				"east": {"uv": [3.5, 11.5, 3.75, 11.75], "texture": "#0"},
				"south": {"uv": [11.5, 3.5, 11.75, 3.75], "texture": "#0"},
				"west": {"uv": [4, 11.5, 4.25, 11.75], "texture": "#0"},
				"up": {"uv": [11.75, 4.25, 11.5, 4], "texture": "#0"},
				"down": {"uv": [4.75, 11.5, 4.5, 11.75], "texture": "#0"}
			}
		},
		{
			"from": [12.00357, 0.13874, 7.24589],
			"to": [12.04515, 0.33929, 7.34617],
			"rotation": {"angle": -22.5, "axis": "x", "origin": [12.0136, 0.18888, 7.49658]},
			"faces": {
				"north": {"uv": [11.5, 4.5, 11.75, 4.75], "texture": "#0"},
				"east": {"uv": [5, 11.5, 5.25, 11.75], "texture": "#0"},
				"south": {"uv": [11.5, 5, 11.75, 5.25], "texture": "#0"},
				"west": {"uv": [5.5, 11.5, 5.75, 11.75], "texture": "#0"},
				"up": {"uv": [11.75, 5.75, 11.5, 5.5], "texture": "#0"},
				"down": {"uv": [6.25, 11.5, 6, 11.75], "texture": "#0"}
			}
		},
		{
			"from": [12.00357, 0.33929, 7.24589],
			"to": [12.03512, 0.43956, 7.54672],
			"rotation": {"angle": -22.5, "axis": "x", "origin": [12.0136, 0.18888, 7.49658]},
			"faces": {
				"north": {"uv": [11.5, 6, 11.75, 6.25], "texture": "#0"},
				"east": {"uv": [6.5, 11.5, 6.75, 11.75], "texture": "#0"},
				"south": {"uv": [11.5, 6.5, 11.75, 6.75], "texture": "#0"},
				"west": {"uv": [7, 11.5, 7.25, 11.75], "texture": "#0"},
				"up": {"uv": [11.75, 7.25, 11.5, 7], "texture": "#0"},
				"down": {"uv": [7.75, 11.5, 7.5, 11.75], "texture": "#0"}
			}
		},
		{
			"from": [13.96346, 0.33792, 7.54672],
			"to": [14.07523, 0.63874, 7.84754],
			"rotation": {"angle": -22.5, "axis": "x", "origin": [14.0136, 0.68888, 7.49658]},
			"faces": {
				"north": {"uv": [11.5, 7.5, 11.75, 7.75], "texture": "#0"},
				"east": {"uv": [8, 11.5, 8.25, 11.75], "texture": "#0"},
				"south": {"uv": [11.5, 8, 11.75, 8.25], "texture": "#0"},
				"west": {"uv": [8.5, 11.5, 8.75, 11.75], "texture": "#0"},
				"up": {"uv": [11.75, 8.75, 11.5, 8.5], "texture": "#0"},
				"down": {"uv": [9.25, 11.5, 9, 11.75], "texture": "#0"}
			}
		},
		{
			"from": [13.98351, 0.63874, 7.54672],
			"to": [14.06521, 0.73901, 7.84754],
			"rotation": {"angle": -22.5, "axis": "x", "origin": [14.0136, 0.68888, 7.49658]},
			"faces": {
				"north": {"uv": [11.5, 9, 11.75, 9.25], "texture": "#0"},
				"east": {"uv": [9.5, 11.5, 9.75, 11.75], "texture": "#0"},
				"south": {"uv": [11.5, 9.5, 11.75, 9.75], "texture": "#0"},
				"west": {"uv": [10, 11.5, 10.25, 11.75], "texture": "#0"},
				"up": {"uv": [11.75, 10.25, 11.5, 10], "texture": "#0"},
				"down": {"uv": [10.75, 11.5, 10.5, 11.75], "texture": "#0"}
			}
		},
		{
			"from": [13.98351, 0.73901, 7.44644],
			"to": [14.04515, 0.83929, 7.74727],
			"rotation": {"angle": -22.5, "axis": "x", "origin": [14.0136, 0.68888, 7.49658]},
			"faces": {
				"north": {"uv": [11.5, 10.5, 11.75, 10.75], "texture": "#0"},
				"east": {"uv": [11, 11.5, 11.25, 11.75], "texture": "#0"},
				"south": {"uv": [11.5, 11, 11.75, 11.25], "texture": "#0"},
				"west": {"uv": [11.5, 11.5, 11.75, 11.75], "texture": "#0"},
				"up": {"uv": [0.25, 12.25, 0, 12], "texture": "#0"},
				"down": {"uv": [12.25, 0, 12, 0.25], "texture": "#0"}
			}
		},
		{
			"from": [13.97348, 0.33792, 7.44644],
			"to": [14.06521, 0.73901, 7.54672],
			"rotation": {"angle": -22.5, "axis": "x", "origin": [14.0136, 0.68888, 7.49658]},
			"faces": {
				"north": {"uv": [0.5, 12, 0.75, 12.25], "texture": "#0"},
				"east": {"uv": [12, 0.5, 12.25, 0.75], "texture": "#0"},
				"south": {"uv": [1, 12, 1.25, 12.25], "texture": "#0"},
				"west": {"uv": [12, 1, 12.25, 1.25], "texture": "#0"},
				"up": {"uv": [1.75, 12.25, 1.5, 12], "texture": "#0"},
				"down": {"uv": [12.25, 1.5, 12, 1.75], "texture": "#0"}
			}
		},
		{
			"from": [13.99354, 0.43819, 7.34617],
			"to": [14.04515, 0.83929, 7.44644],
			"rotation": {"angle": -22.5, "axis": "x", "origin": [14.0136, 0.68888, 7.49658]},
			"faces": {
				"north": {"uv": [2, 12, 2.25, 12.25], "texture": "#0"},
				"east": {"uv": [12, 2, 12.25, 2.25], "texture": "#0"},
				"south": {"uv": [2.5, 12, 2.75, 12.25], "texture": "#0"},
				"west": {"uv": [12, 2.5, 12.25, 2.75], "texture": "#0"},
				"up": {"uv": [3.25, 12.25, 3, 12], "texture": "#0"},
				"down": {"uv": [12.25, 3, 12, 3.25], "texture": "#0"}
			}
		},
		{
			"from": [14.00357, 0.63874, 7.24589],
			"to": [14.04515, 0.83929, 7.34617],
			"rotation": {"angle": -22.5, "axis": "x", "origin": [14.0136, 0.68888, 7.49658]},
			"faces": {
				"north": {"uv": [3.5, 12, 3.75, 12.25], "texture": "#0"},
				"east": {"uv": [12, 3.5, 12.25, 3.75], "texture": "#0"},
				"south": {"uv": [4, 12, 4.25, 12.25], "texture": "#0"},
				"west": {"uv": [12, 4, 12.25, 4.25], "texture": "#0"},
				"up": {"uv": [4.75, 12.25, 4.5, 12], "texture": "#0"},
				"down": {"uv": [12.25, 4.5, 12, 4.75], "texture": "#0"}
			}
		},
		{
			"from": [14.00357, 0.83929, 7.24589],
			"to": [14.03512, 0.93956, 7.54672],
			"rotation": {"angle": -22.5, "axis": "x", "origin": [14.0136, 0.68888, 7.49658]},
			"faces": {
				"north": {"uv": [5, 12, 5.25, 12.25], "texture": "#0"},
				"east": {"uv": [12, 5, 12.25, 5.25], "texture": "#0"},
				"south": {"uv": [5.5, 12, 5.75, 12.25], "texture": "#0"},
				"west": {"uv": [12, 5.5, 12.25, 5.75], "texture": "#0"},
				"up": {"uv": [6.25, 12.25, 6, 12], "texture": "#0"},
				"down": {"uv": [12.25, 6, 12, 6.25], "texture": "#0"}
			}
		},
		{
			"from": [17.84596, -0.89038, 7.45043],
			"to": [19.34596, 1.35962, 8.55043],
			"rotation": {"angle": 45, "axis": "z", "origin": [18.03421, 0.04712, 9.50043]},
			"faces": {
				"north": {"uv": [0, 2, 0.75, 3.25], "texture": "#0"},
				"east": {"uv": [4.5, 4, 5, 5.25], "texture": "#0"},
				"south": {"uv": [1, 2, 1.75, 3.25], "texture": "#0"},
				"west": {"uv": [0, 5, 0.5, 6.25], "texture": "#0"},
				"up": {"uv": [4.25, 6.5, 3.5, 6], "texture": "#0"},
				"down": {"uv": [6.75, 3.5, 6, 4], "texture": "#0"}
			}
		},
		{
			"from": [17.09746, -0.89038, 7.45043],
			"to": [17.84746, 0.60962, 8.55043],
			"rotation": {"angle": 45, "axis": "z", "origin": [18.03421, 0.04712, 9.50043]},
			"faces": {
				"north": {"uv": [6, 4, 6.5, 4.75], "texture": "#0"},
				"east": {"uv": [4.5, 6, 5, 6.75], "texture": "#0"},
				"south": {"uv": [5, 6, 5.5, 6.75], "texture": "#0"},
				"west": {"uv": [5.5, 6, 6, 6.75], "texture": "#0"},
				"up": {"uv": [8, 5.5, 7.5, 5], "texture": "#0"},
				"down": {"uv": [6.5, 7.5, 6, 8], "texture": "#0"}
			}
		},
		{
			"from": [4.76416, -0.03082, 7.40072],
			"to": [4.95228, 0.01622, 7.46342],
			"rotation": {"angle": 45, "axis": "x", "origin": [4.85822, 0.32976, 7.4595]},
			"faces": {
				"north": {"uv": [6.5, 12, 6.75, 12.25], "texture": "#0"},
				"east": {"uv": [12, 6.5, 12.25, 6.75], "texture": "#0"},
				"south": {"uv": [7, 12, 7.25, 12.25], "texture": "#0"},
				"west": {"uv": [12, 7, 12.25, 7.25], "texture": "#0"},
				"up": {"uv": [7.75, 12.25, 7.5, 12], "texture": "#0"},
				"down": {"uv": [12.25, 7.5, 12, 7.75], "texture": "#0"}
			}
		},
		{
			"from": [4.77983, 0.6433, 7.41639],
			"to": [4.93661, 0.69033, 7.4791],
			"rotation": {"angle": 45, "axis": "x", "origin": [4.85822, 0.32976, 7.4595]},
			"faces": {
				"north": {"uv": [8, 12, 8.25, 12.25], "texture": "#0"},
				"east": {"uv": [12, 8, 12.25, 8.25], "texture": "#0"},
				"south": {"uv": [8.5, 12, 8.75, 12.25], "texture": "#0"},
				"west": {"uv": [12, 8.5, 12.25, 8.75], "texture": "#0"},
				"up": {"uv": [9.25, 12.25, 9, 12], "texture": "#0"},
				"down": {"uv": [12.25, 9, 12, 9.25], "texture": "#0"}
			}
		},
		{
			"from": [4.71713, 0.56492, 7.43207],
			"to": [4.99932, 0.6433, 7.49478],
			"rotation": {"angle": 45, "axis": "x", "origin": [4.85822, 0.32976, 7.4595]},
			"faces": {
				"north": {"uv": [9.5, 12, 9.75, 12.25], "texture": "#0"},
				"east": {"uv": [12, 9.5, 12.25, 9.75], "texture": "#0"},
				"south": {"uv": [10, 12, 10.25, 12.25], "texture": "#0"},
				"west": {"uv": [12, 10, 12.25, 10.25], "texture": "#0"},
				"up": {"uv": [10.75, 12.25, 10.5, 12], "texture": "#0"},
				"down": {"uv": [12.25, 10.5, 12, 10.75], "texture": "#0"}
			}
		},
		{
			"from": [4.62306, 0.48653, 7.44775],
			"to": [5.09338, 0.56492, 7.49478],
			"rotation": {"angle": 45, "axis": "x", "origin": [4.85822, 0.32976, 7.4595]},
			"faces": {
				"north": {"uv": [11, 12, 11.25, 12.25], "texture": "#0"},
				"east": {"uv": [12, 11, 12.25, 11.25], "texture": "#0"},
				"south": {"uv": [11.5, 12, 11.75, 12.25], "texture": "#0"},
				"west": {"uv": [12, 11.5, 12.25, 11.75], "texture": "#0"},
				"up": {"uv": [12.25, 12.25, 12, 12], "texture": "#0"},
				"down": {"uv": [0.25, 12.5, 0, 12.75], "texture": "#0"}
			}
		},
		{
			"from": [4.54468, 0.32976, 7.46342],
			"to": [5.17176, 0.48653, 7.49478],
			"rotation": {"angle": 45, "axis": "x", "origin": [4.85822, 0.32976, 7.4595]},
			"faces": {
				"north": {"uv": [12.5, 0, 12.75, 0.25], "texture": "#0"},
				"east": {"uv": [0.5, 12.5, 0.75, 12.75], "texture": "#0"},
				"south": {"uv": [12.5, 0.5, 12.75, 0.75], "texture": "#0"},
				"west": {"uv": [1, 12.5, 1.25, 12.75], "texture": "#0"},
				"up": {"uv": [12.75, 1.25, 12.5, 1], "texture": "#0"},
				"down": {"uv": [1.75, 12.5, 1.5, 12.75], "texture": "#0"}
			}
		},
		{
			"from": [4.59171, 0.17299, 7.46342],
			"to": [5.12473, 0.32976, 7.51045],
			"rotation": {"angle": 45, "axis": "x", "origin": [4.85822, 0.32976, 7.4595]},
			"faces": {
				"north": {"uv": [12.5, 1.5, 12.75, 1.75], "texture": "#0"},
				"east": {"uv": [2, 12.5, 2.25, 12.75], "texture": "#0"},
				"south": {"uv": [12.5, 2, 12.75, 2.25], "texture": "#0"},
				"west": {"uv": [2.5, 12.5, 2.75, 12.75], "texture": "#0"},
				"up": {"uv": [12.75, 2.75, 12.5, 2.5], "texture": "#0"},
				"down": {"uv": [3.25, 12.5, 3, 12.75], "texture": "#0"}
			}
		},
		{
			"from": [4.67009, 0.0946, 7.44775],
			"to": [5.04635, 0.17299, 7.49478],
			"rotation": {"angle": 45, "axis": "x", "origin": [4.85822, 0.32976, 7.4595]},
			"faces": {
				"north": {"uv": [12.5, 3, 12.75, 3.25], "texture": "#0"},
				"east": {"uv": [3.5, 12.5, 3.75, 12.75], "texture": "#0"},
				"south": {"uv": [12.5, 3.5, 12.75, 3.75], "texture": "#0"},
				"west": {"uv": [4, 12.5, 4.25, 12.75], "texture": "#0"},
				"up": {"uv": [12.75, 4.25, 12.5, 4], "texture": "#0"},
				"down": {"uv": [4.75, 12.5, 4.5, 12.75], "texture": "#0"}
			}
		},
		{
			"from": [4.74848, 0.01622, 7.41639],
			"to": [4.96796, 0.0946, 7.4791],
			"rotation": {"angle": 45, "axis": "x", "origin": [4.85822, 0.32976, 7.4595]},
			"faces": {
				"north": {"uv": [12.5, 4.5, 12.75, 4.75], "texture": "#0"},
				"east": {"uv": [5, 12.5, 5.25, 12.75], "texture": "#0"},
				"south": {"uv": [12.5, 5, 12.75, 5.25], "texture": "#0"},
				"west": {"uv": [5.5, 12.5, 5.75, 12.75], "texture": "#0"},
				"up": {"uv": [12.75, 5.75, 12.5, 5.5], "texture": "#0"},
				"down": {"uv": [6.25, 12.5, 6, 12.75], "texture": "#0"}
			}
		},
		{
			"from": [7.76416, 1.3433, 8.05557],
			"to": [7.95228, 1.39034, 8.11828],
			"rotation": {"angle": 22.5, "axis": "x", "origin": [7.85822, 1.02976, 8.0595]},
			"faces": {
				"north": {"uv": [12.5, 6, 12.75, 6.25], "texture": "#0"},
				"east": {"uv": [6.5, 12.5, 6.75, 12.75], "texture": "#0"},
				"south": {"uv": [12.5, 6.5, 12.75, 6.75], "texture": "#0"},
				"west": {"uv": [7, 12.5, 7.25, 12.75], "texture": "#0"},
				"up": {"uv": [12.75, 7.25, 12.5, 7], "texture": "#0"},
				"down": {"uv": [7.75, 12.5, 7.5, 12.75], "texture": "#0"}
			}
		},
		{
			"from": [7.77983, 0.66919, 8.0399],
			"to": [7.93661, 0.71622, 8.1026],
			"rotation": {"angle": 22.5, "axis": "x", "origin": [7.85822, 1.02976, 8.0595]},
			"faces": {
				"north": {"uv": [12.5, 7.5, 12.75, 7.75], "texture": "#0"},
				"east": {"uv": [8, 12.5, 8.25, 12.75], "texture": "#0"},
				"south": {"uv": [12.5, 8, 12.75, 8.25], "texture": "#0"},
				"west": {"uv": [8.5, 12.5, 8.75, 12.75], "texture": "#0"},
				"up": {"uv": [12.75, 8.75, 12.5, 8.5], "texture": "#0"},
				"down": {"uv": [9.25, 12.5, 9, 12.75], "texture": "#0"}
			}
		},
		{
			"from": [7.71713, 0.71622, 8.02422],
			"to": [7.99932, 0.7946, 8.08693],
			"rotation": {"angle": 22.5, "axis": "x", "origin": [7.85822, 1.02976, 8.0595]},
			"faces": {
				"north": {"uv": [12.5, 9, 12.75, 9.25], "texture": "#0"},
				"east": {"uv": [9.5, 12.5, 9.75, 12.75], "texture": "#0"},
				"south": {"uv": [12.5, 9.5, 12.75, 9.75], "texture": "#0"},
				"west": {"uv": [10, 12.5, 10.25, 12.75], "texture": "#0"},
				"up": {"uv": [12.75, 10.25, 12.5, 10], "texture": "#0"},
				"down": {"uv": [10.75, 12.5, 10.5, 12.75], "texture": "#0"}
			}
		},
		{
			"from": [7.62306, 0.7946, 8.02422],
			"to": [8.09338, 0.87299, 8.07125],
			"rotation": {"angle": 22.5, "axis": "x", "origin": [7.85822, 1.02976, 8.0595]},
			"faces": {
				"north": {"uv": [12.5, 10.5, 12.75, 10.75], "texture": "#0"},
				"east": {"uv": [11, 12.5, 11.25, 12.75], "texture": "#0"},
				"south": {"uv": [12.5, 11, 12.75, 11.25], "texture": "#0"},
				"west": {"uv": [11.5, 12.5, 11.75, 12.75], "texture": "#0"},
				"up": {"uv": [12.75, 11.75, 12.5, 11.5], "texture": "#0"},
				"down": {"uv": [12.25, 12.5, 12, 12.75], "texture": "#0"}
			}
		},
		{
			"from": [7.54468, 0.87299, 8.02422],
			"to": [8.17176, 1.02976, 8.05557],
			"rotation": {"angle": 22.5, "axis": "x", "origin": [7.85822, 1.02976, 8.0595]},
			"faces": {
				"north": {"uv": [12.5, 12, 12.75, 12.25], "texture": "#0"},
				"east": {"uv": [12.5, 12.5, 12.75, 12.75], "texture": "#0"},
				"south": {"uv": [0, 13, 0.25, 13.25], "texture": "#0"},
				"west": {"uv": [13, 0, 13.25, 0.25], "texture": "#0"},
				"up": {"uv": [0.75, 13.25, 0.5, 13], "texture": "#0"},
				"down": {"uv": [13.25, 0.5, 13, 0.75], "texture": "#0"}
			}
		},
		{
			"from": [7.59171, 1.02976, 8.00854],
			"to": [8.12473, 1.18653, 8.05557],
			"rotation": {"angle": 22.5, "axis": "x", "origin": [7.85822, 1.02976, 8.0595]},
			"faces": {
				"north": {"uv": [1, 13, 1.25, 13.25], "texture": "#0"},
				"east": {"uv": [13, 1, 13.25, 1.25], "texture": "#0"},
				"south": {"uv": [1.5, 13, 1.75, 13.25], "texture": "#0"},
				"west": {"uv": [13, 1.5, 13.25, 1.75], "texture": "#0"},
				"up": {"uv": [2.25, 13.25, 2, 13], "texture": "#0"},
				"down": {"uv": [13.25, 2, 13, 2.25], "texture": "#0"}
			}
		},
		{
			"from": [7.67009, 1.18653, 8.02422],
			"to": [8.04635, 1.26492, 8.07125],
			"rotation": {"angle": 22.5, "axis": "x", "origin": [7.85822, 1.02976, 8.0595]},
			"faces": {
				"north": {"uv": [2.5, 13, 2.75, 13.25], "texture": "#0"},
				"east": {"uv": [13, 2.5, 13.25, 2.75], "texture": "#0"},
				"south": {"uv": [3, 13, 3.25, 13.25], "texture": "#0"},
				"west": {"uv": [13, 3, 13.25, 3.25], "texture": "#0"},
				"up": {"uv": [3.75, 13.25, 3.5, 13], "texture": "#0"},
				"down": {"uv": [13.25, 3.5, 13, 3.75], "texture": "#0"}
			}
		},
		{
			"from": [7.74848, 1.26492, 8.0399],
			"to": [7.96796, 1.3433, 8.1026],
			"rotation": {"angle": 22.5, "axis": "x", "origin": [7.85822, 1.02976, 8.0595]},
			"faces": {
				"north": {"uv": [4, 13, 4.25, 13.25], "texture": "#0"},
				"east": {"uv": [13, 4, 13.25, 4.25], "texture": "#0"},
				"south": {"uv": [4.5, 13, 4.75, 13.25], "texture": "#0"},
				"west": {"uv": [13, 4.5, 13.25, 4.75], "texture": "#0"},
				"up": {"uv": [5.25, 13.25, 5, 13], "texture": "#0"},
				"down": {"uv": [13.25, 5, 13, 5.25], "texture": "#0"}
			}
		},
		{
			"from": [5.8543, 0.46918, 8.46543],
			"to": [5.917, 0.51622, 8.65356],
			"rotation": {"angle": 45, "axis": "x", "origin": [5.85822, 0.82976, 8.5595]},
			"faces": {
				"north": {"uv": [5.5, 13, 5.75, 13.25], "texture": "#0"},
				"east": {"uv": [13, 5.5, 13.25, 5.75], "texture": "#0"},
				"south": {"uv": [6, 13, 6.25, 13.25], "texture": "#0"},
				"west": {"uv": [13, 6, 13.25, 6.25], "texture": "#0"},
				"up": {"uv": [6.75, 13.25, 6.5, 13], "texture": "#0"},
				"down": {"uv": [13.25, 6.5, 13, 6.75], "texture": "#0"}
			}
		},
		{
			"from": [5.83862, 1.1433, 8.48111],
			"to": [5.90133, 1.19033, 8.63788],
			"rotation": {"angle": 45, "axis": "x", "origin": [5.85822, 0.82976, 8.5595]},
			"faces": {
				"north": {"uv": [7, 13, 7.25, 13.25], "texture": "#0"},
				"east": {"uv": [13, 7, 13.25, 7.25], "texture": "#0"},
				"south": {"uv": [7.5, 13, 7.75, 13.25], "texture": "#0"},
				"west": {"uv": [13, 7.5, 13.25, 7.75], "texture": "#0"},
				"up": {"uv": [8.25, 13.25, 8, 13], "texture": "#0"},
				"down": {"uv": [13.25, 8, 13, 8.25], "texture": "#0"}
			}
		},
		{
			"from": [5.82294, 1.06492, 8.4184],
			"to": [5.88565, 1.1433, 8.70059],
			"rotation": {"angle": 45, "axis": "x", "origin": [5.85822, 0.82976, 8.5595]},
			"faces": {
				"north": {"uv": [8.5, 13, 8.75, 13.25], "texture": "#0"},
				"east": {"uv": [13, 8.5, 13.25, 8.75], "texture": "#0"},
				"south": {"uv": [9, 13, 9.25, 13.25], "texture": "#0"},
				"west": {"uv": [13, 9, 13.25, 9.25], "texture": "#0"},
				"up": {"uv": [9.75, 13.25, 9.5, 13], "texture": "#0"},
				"down": {"uv": [13.25, 9.5, 13, 9.75], "texture": "#0"}
			}
		},
		{
			"from": [5.82294, 0.98653, 8.32434],
			"to": [5.86997, 1.06492, 8.79465],
			"rotation": {"angle": 45, "axis": "x", "origin": [5.85822, 0.82976, 8.5595]},
			"faces": {
				"north": {"uv": [10, 13, 10.25, 13.25], "texture": "#0"},
				"east": {"uv": [13, 10, 13.25, 10.25], "texture": "#0"},
				"south": {"uv": [10.5, 13, 10.75, 13.25], "texture": "#0"},
				"west": {"uv": [13, 10.5, 13.25, 10.75], "texture": "#0"},
				"up": {"uv": [11.25, 13.25, 11, 13], "texture": "#0"},
				"down": {"uv": [13.25, 11, 13, 11.25], "texture": "#0"}
			}
		},
		{
			"from": [5.82294, 0.82976, 8.24595],
			"to": [5.8543, 0.98653, 8.87304],
			"rotation": {"angle": 45, "axis": "x", "origin": [5.85822, 0.82976, 8.5595]},
			"faces": {
				"north": {"uv": [11.5, 13, 11.75, 13.25], "texture": "#0"},
				"east": {"uv": [13, 11.5, 13.25, 11.75], "texture": "#0"},
				"south": {"uv": [12, 13, 12.25, 13.25], "texture": "#0"},
				"west": {"uv": [13, 12, 13.25, 12.25], "texture": "#0"},
				"up": {"uv": [12.75, 13.25, 12.5, 13], "texture": "#0"},
				"down": {"uv": [13.25, 12.5, 13, 12.75], "texture": "#0"}
			}
		},
		{
			"from": [5.80727, 0.67299, 8.29298],
			"to": [5.8543, 0.82976, 8.82601],
			"rotation": {"angle": 45, "axis": "x", "origin": [5.85822, 0.82976, 8.5595]},
			"faces": {
				"north": {"uv": [13, 13, 13.25, 13.25], "texture": "#0"},
				"east": {"uv": [0, 13.5, 0.25, 13.75], "texture": "#0"},
				"south": {"uv": [13.5, 0, 13.75, 0.25], "texture": "#0"},
				"west": {"uv": [0.5, 13.5, 0.75, 13.75], "texture": "#0"},
				"up": {"uv": [13.75, 0.75, 13.5, 0.5], "texture": "#0"},
				"down": {"uv": [1.25, 13.5, 1, 13.75], "texture": "#0"}
			}
		},
		{
			"from": [5.82294, 0.5946, 8.37137],
			"to": [5.86997, 0.67299, 8.74762],
			"rotation": {"angle": 45, "axis": "x", "origin": [5.85822, 0.82976, 8.5595]},
			"faces": {
				"north": {"uv": [13.5, 1, 13.75, 1.25], "texture": "#0"},
				"east": {"uv": [1.5, 13.5, 1.75, 13.75], "texture": "#0"},
				"south": {"uv": [13.5, 1.5, 13.75, 1.75], "texture": "#0"},
				"west": {"uv": [2, 13.5, 2.25, 13.75], "texture": "#0"},
				"up": {"uv": [13.75, 2.25, 13.5, 2], "texture": "#0"},
				"down": {"uv": [2.75, 13.5, 2.5, 13.75], "texture": "#0"}
			}
		},
		{
			"from": [5.83862, 0.51622, 8.44975],
			"to": [5.90133, 0.5946, 8.66924],
			"rotation": {"angle": 45, "axis": "x", "origin": [5.85822, 0.82976, 8.5595]},
			"faces": {
				"north": {"uv": [13.5, 2.5, 13.75, 2.75], "texture": "#0"},
				"east": {"uv": [3, 13.5, 3.25, 13.75], "texture": "#0"},
				"south": {"uv": [13.5, 3, 13.75, 3.25], "texture": "#0"},
				"west": {"uv": [3.5, 13.5, 3.75, 13.75], "texture": "#0"},
				"up": {"uv": [13.75, 3.75, 13.5, 3.5], "texture": "#0"},
				"down": {"uv": [4.25, 13.5, 4, 13.75], "texture": "#0"}
			}
		},
		{
			"from": [9.76416, 1.3433, 8.35557],
			"to": [9.95228, 1.39034, 8.41828],
			"rotation": {"angle": 45, "axis": "x", "origin": [9.85822, 1.02976, 8.3595]},
			"faces": {
				"north": {"uv": [13.5, 4, 13.75, 4.25], "texture": "#0"},
				"east": {"uv": [4.5, 13.5, 4.75, 13.75], "texture": "#0"},
				"south": {"uv": [13.5, 4.5, 13.75, 4.75], "texture": "#0"},
				"west": {"uv": [5, 13.5, 5.25, 13.75], "texture": "#0"},
				"up": {"uv": [13.75, 5.25, 13.5, 5], "texture": "#0"},
				"down": {"uv": [5.75, 13.5, 5.5, 13.75], "texture": "#0"}
			}
		},
		{
			"from": [9.77983, 0.66918, 8.3399],
			"to": [9.93661, 0.71621, 8.4026],
			"rotation": {"angle": 45, "axis": "x", "origin": [9.85822, 1.02976, 8.3595]},
			"faces": {
				"north": {"uv": [13.5, 5.5, 13.75, 5.75], "texture": "#0"},
				"east": {"uv": [6, 13.5, 6.25, 13.75], "texture": "#0"},
				"south": {"uv": [13.5, 6, 13.75, 6.25], "texture": "#0"},
				"west": {"uv": [6.5, 13.5, 6.75, 13.75], "texture": "#0"},
				"up": {"uv": [13.75, 6.75, 13.5, 6.5], "texture": "#0"},
				"down": {"uv": [7.25, 13.5, 7, 13.75], "texture": "#0"}
			}
		},
		{
			"from": [9.71713, 0.71621, 8.32422],
			"to": [9.99932, 0.7946, 8.38693],
			"rotation": {"angle": 45, "axis": "x", "origin": [9.85822, 1.02976, 8.3595]},
			"faces": {
				"north": {"uv": [13.5, 7, 13.75, 7.25], "texture": "#0"},
				"east": {"uv": [7.5, 13.5, 7.75, 13.75], "texture": "#0"},
				"south": {"uv": [13.5, 7.5, 13.75, 7.75], "texture": "#0"},
				"west": {"uv": [8, 13.5, 8.25, 13.75], "texture": "#0"},
				"up": {"uv": [13.75, 8.25, 13.5, 8], "texture": "#0"},
				"down": {"uv": [8.75, 13.5, 8.5, 13.75], "texture": "#0"}
			}
		},
		{
			"from": [9.62306, 0.7946, 8.32422],
			"to": [10.09338, 0.87299, 8.37125],
			"rotation": {"angle": 45, "axis": "x", "origin": [9.85822, 1.02976, 8.3595]},
			"faces": {
				"north": {"uv": [13.5, 8.5, 13.75, 8.75], "texture": "#0"},
				"east": {"uv": [9, 13.5, 9.25, 13.75], "texture": "#0"},
				"south": {"uv": [13.5, 9, 13.75, 9.25], "texture": "#0"},
				"west": {"uv": [9.5, 13.5, 9.75, 13.75], "texture": "#0"},
				"up": {"uv": [13.75, 9.75, 13.5, 9.5], "texture": "#0"},
				"down": {"uv": [10.25, 13.5, 10, 13.75], "texture": "#0"}
			}
		},
		{
			"from": [9.54468, 0.87299, 8.32422],
			"to": [10.17176, 1.02976, 8.35557],
			"rotation": {"angle": 45, "axis": "x", "origin": [9.85822, 1.02976, 8.3595]},
			"faces": {
				"north": {"uv": [13.5, 10, 13.75, 10.25], "texture": "#0"},
				"east": {"uv": [10.5, 13.5, 10.75, 13.75], "texture": "#0"},
				"south": {"uv": [13.5, 10.5, 13.75, 10.75], "texture": "#0"},
				"west": {"uv": [11, 13.5, 11.25, 13.75], "texture": "#0"},
				"up": {"uv": [13.75, 11.25, 13.5, 11], "texture": "#0"},
				"down": {"uv": [11.75, 13.5, 11.5, 13.75], "texture": "#0"}
			}
		},
		{
			"from": [9.59171, 1.02976, 8.30854],
			"to": [10.12473, 1.18653, 8.35557],
			"rotation": {"angle": 45, "axis": "x", "origin": [9.85822, 1.02976, 8.3595]},
			"faces": {
				"north": {"uv": [13.5, 11.5, 13.75, 11.75], "texture": "#0"},
				"east": {"uv": [12, 13.5, 12.25, 13.75], "texture": "#0"},
				"south": {"uv": [13.5, 12, 13.75, 12.25], "texture": "#0"},
				"west": {"uv": [12.5, 13.5, 12.75, 13.75], "texture": "#0"},
				"up": {"uv": [13.75, 12.75, 13.5, 12.5], "texture": "#0"},
				"down": {"uv": [13.25, 13.5, 13, 13.75], "texture": "#0"}
			}
		},
		{
			"from": [9.67009, 1.18653, 8.32422],
			"to": [10.04635, 1.26492, 8.37125],
			"rotation": {"angle": 45, "axis": "x", "origin": [9.85822, 1.02976, 8.3595]},
			"faces": {
				"north": {"uv": [13.5, 13, 13.75, 13.25], "texture": "#0"},
				"east": {"uv": [13.5, 13.5, 13.75, 13.75], "texture": "#0"},
				"south": {"uv": [0, 14, 0.25, 14.25], "texture": "#0"},
				"west": {"uv": [14, 0, 14.25, 0.25], "texture": "#0"},
				"up": {"uv": [0.75, 14.25, 0.5, 14], "texture": "#0"},
				"down": {"uv": [14.25, 0.5, 14, 0.75], "texture": "#0"}
			}
		},
		{
			"from": [9.74848, 1.26492, 8.3399],
			"to": [9.96796, 1.3433, 8.4026],
			"rotation": {"angle": 45, "axis": "x", "origin": [9.85822, 1.02976, 8.3595]},
			"faces": {
				"north": {"uv": [1, 14, 1.25, 14.25], "texture": "#0"},
				"east": {"uv": [14, 1, 14.25, 1.25], "texture": "#0"},
				"south": {"uv": [1.5, 14, 1.75, 14.25], "texture": "#0"},
				"west": {"uv": [14, 1.5, 14.25, 1.75], "texture": "#0"},
				"up": {"uv": [2.25, 14.25, 2, 14], "texture": "#0"},
				"down": {"uv": [14.25, 2, 14, 2.25], "texture": "#0"}
			}
		},
		{
			"from": [12.76416, -0.03082, 7.70072],
			"to": [12.95228, 0.01621, 7.76342],
			"rotation": {"angle": 22.5, "axis": "x", "origin": [12.85822, 0.32976, 7.7595]},
			"faces": {
				"north": {"uv": [2.5, 14, 2.75, 14.25], "texture": "#0"},
				"east": {"uv": [14, 2.5, 14.25, 2.75], "texture": "#0"},
				"south": {"uv": [3, 14, 3.25, 14.25], "texture": "#0"},
				"west": {"uv": [14, 3, 14.25, 3.25], "texture": "#0"},
				"up": {"uv": [3.75, 14.25, 3.5, 14], "texture": "#0"},
				"down": {"uv": [14.25, 3.5, 14, 3.75], "texture": "#0"}
			}
		},
		{
			"from": [12.77983, 0.6433, 7.71639],
			"to": [12.93661, 0.69033, 7.7791],
			"rotation": {"angle": 22.5, "axis": "x", "origin": [12.85822, 0.32976, 7.7595]},
			"faces": {
				"north": {"uv": [4, 14, 4.25, 14.25], "texture": "#0"},
				"east": {"uv": [14, 4, 14.25, 4.25], "texture": "#0"},
				"south": {"uv": [4.5, 14, 4.75, 14.25], "texture": "#0"},
				"west": {"uv": [14, 4.5, 14.25, 4.75], "texture": "#0"},
				"up": {"uv": [5.25, 14.25, 5, 14], "texture": "#0"},
				"down": {"uv": [14.25, 5, 14, 5.25], "texture": "#0"}
			}
		},
		{
			"from": [12.71713, 0.56492, 7.73207],
			"to": [12.99932, 0.6433, 7.79478],
			"rotation": {"angle": 22.5, "axis": "x", "origin": [12.85822, 0.32976, 7.7595]},
			"faces": {
				"north": {"uv": [5.5, 14, 5.75, 14.25], "texture": "#0"},
				"east": {"uv": [14, 5.5, 14.25, 5.75], "texture": "#0"},
				"south": {"uv": [6, 14, 6.25, 14.25], "texture": "#0"},
				"west": {"uv": [14, 6, 14.25, 6.25], "texture": "#0"},
				"up": {"uv": [6.75, 14.25, 6.5, 14], "texture": "#0"},
				"down": {"uv": [14.25, 6.5, 14, 6.75], "texture": "#0"}
			}
		},
		{
			"from": [12.62306, 0.48653, 7.74775],
			"to": [13.09338, 0.56492, 7.79478],
			"rotation": {"angle": 22.5, "axis": "x", "origin": [12.85822, 0.32976, 7.7595]},
			"faces": {
				"north": {"uv": [7, 14, 7.25, 14.25], "texture": "#0"},
				"east": {"uv": [14, 7, 14.25, 7.25], "texture": "#0"},
				"south": {"uv": [7.5, 14, 7.75, 14.25], "texture": "#0"},
				"west": {"uv": [14, 7.5, 14.25, 7.75], "texture": "#0"},
				"up": {"uv": [8.25, 14.25, 8, 14], "texture": "#0"},
				"down": {"uv": [14.25, 8, 14, 8.25], "texture": "#0"}
			}
		},
		{
			"from": [12.54468, 0.32976, 7.76342],
			"to": [13.17176, 0.48653, 7.79478],
			"rotation": {"angle": 22.5, "axis": "x", "origin": [12.85822, 0.32976, 7.7595]},
			"faces": {
				"north": {"uv": [8.5, 14, 8.75, 14.25], "texture": "#0"},
				"east": {"uv": [14, 8.5, 14.25, 8.75], "texture": "#0"},
				"south": {"uv": [9, 14, 9.25, 14.25], "texture": "#0"},
				"west": {"uv": [14, 9, 14.25, 9.25], "texture": "#0"},
				"up": {"uv": [9.75, 14.25, 9.5, 14], "texture": "#0"},
				"down": {"uv": [14.25, 9.5, 14, 9.75], "texture": "#0"}
			}
		},
		{
			"from": [12.59171, 0.17299, 7.76342],
			"to": [13.12473, 0.32976, 7.81045],
			"rotation": {"angle": 22.5, "axis": "x", "origin": [12.85822, 0.32976, 7.7595]},
			"faces": {
				"north": {"uv": [10, 14, 10.25, 14.25], "texture": "#0"},
				"east": {"uv": [14, 10, 14.25, 10.25], "texture": "#0"},
				"south": {"uv": [10.5, 14, 10.75, 14.25], "texture": "#0"},
				"west": {"uv": [14, 10.5, 14.25, 10.75], "texture": "#0"},
				"up": {"uv": [11.25, 14.25, 11, 14], "texture": "#0"},
				"down": {"uv": [14.25, 11, 14, 11.25], "texture": "#0"}
			}
		},
		{
			"from": [12.67009, 0.0946, 7.74775],
			"to": [13.04635, 0.17299, 7.79478],
			"rotation": {"angle": 22.5, "axis": "x", "origin": [12.85822, 0.32976, 7.7595]},
			"faces": {
				"north": {"uv": [11.5, 14, 11.75, 14.25], "texture": "#0"},
				"east": {"uv": [14, 11.5, 14.25, 11.75], "texture": "#0"},
				"south": {"uv": [12, 14, 12.25, 14.25], "texture": "#0"},
				"west": {"uv": [14, 12, 14.25, 12.25], "texture": "#0"},
				"up": {"uv": [12.75, 14.25, 12.5, 14], "texture": "#0"},
				"down": {"uv": [14.25, 12.5, 14, 12.75], "texture": "#0"}
			}
		},
		{
			"from": [12.74848, 0.01621, 7.71639],
			"to": [12.96796, 0.0946, 7.7791],
			"rotation": {"angle": 22.5, "axis": "x", "origin": [12.85822, 0.32976, 7.7595]},
			"faces": {
				"north": {"uv": [13, 14, 13.25, 14.25], "texture": "#0"},
				"east": {"uv": [14, 13, 14.25, 13.25], "texture": "#0"},
				"south": {"uv": [13.5, 14, 13.75, 14.25], "texture": "#0"},
				"west": {"uv": [14, 13.5, 14.25, 13.75], "texture": "#0"},
				"up": {"uv": [14.25, 14.25, 14, 14], "texture": "#0"},
				"down": {"uv": [0.25, 14.5, 0, 14.75], "texture": "#0"}
			}
		},
		{
			"from": [10.8543, 0.8433, 7.16544],
			"to": [10.917, 0.89034, 7.35356],
			"rotation": {"angle": 45, "axis": "x", "origin": [10.85822, 0.52976, 7.2595]},
			"faces": {
				"north": {"uv": [14.5, 0, 14.75, 0.25], "texture": "#0"},
				"east": {"uv": [0.5, 14.5, 0.75, 14.75], "texture": "#0"},
				"south": {"uv": [14.5, 0.5, 14.75, 0.75], "texture": "#0"},
				"west": {"uv": [1, 14.5, 1.25, 14.75], "texture": "#0"},
				"up": {"uv": [14.75, 1.25, 14.5, 1], "texture": "#0"},
				"down": {"uv": [1.75, 14.5, 1.5, 14.75], "texture": "#0"}
			}
		},
		{
			"from": [10.83862, 0.16919, 7.18111],
			"to": [10.90133, 0.21622, 7.33789],
			"rotation": {"angle": 45, "axis": "x", "origin": [10.85822, 0.52976, 7.2595]},
			"faces": {
				"north": {"uv": [14.5, 1.5, 14.75, 1.75], "texture": "#0"},
				"east": {"uv": [2, 14.5, 2.25, 14.75], "texture": "#0"},
				"south": {"uv": [14.5, 2, 14.75, 2.25], "texture": "#0"},
				"west": {"uv": [2.5, 14.5, 2.75, 14.75], "texture": "#0"},
				"up": {"uv": [14.75, 2.75, 14.5, 2.5], "texture": "#0"},
				"down": {"uv": [3.25, 14.5, 3, 14.75], "texture": "#0"}
			}
		},
		{
			"from": [10.82294, 0.21622, 7.1184],
			"to": [10.88565, 0.2946, 7.40059],
			"rotation": {"angle": 45, "axis": "x", "origin": [10.85822, 0.52976, 7.2595]},
			"faces": {
				"north": {"uv": [14.5, 3, 14.75, 3.25], "texture": "#0"},
				"east": {"uv": [3.5, 14.5, 3.75, 14.75], "texture": "#0"},
				"south": {"uv": [14.5, 3.5, 14.75, 3.75], "texture": "#0"},
				"west": {"uv": [4, 14.5, 4.25, 14.75], "texture": "#0"},
				"up": {"uv": [14.75, 4.25, 14.5, 4], "texture": "#0"},
				"down": {"uv": [4.75, 14.5, 4.5, 14.75], "texture": "#0"}
			}
		},
		{
			"from": [10.82294, 0.2946, 7.02434],
			"to": [10.86997, 0.37299, 7.49466],
			"rotation": {"angle": 45, "axis": "x", "origin": [10.85822, 0.52976, 7.2595]},
			"faces": {
				"north": {"uv": [14.5, 4.5, 14.75, 4.75], "texture": "#0"},
				"east": {"uv": [5, 14.5, 5.25, 14.75], "texture": "#0"},
				"south": {"uv": [14.5, 5, 14.75, 5.25], "texture": "#0"},
				"west": {"uv": [5.5, 14.5, 5.75, 14.75], "texture": "#0"},
				"up": {"uv": [14.75, 5.75, 14.5, 5.5], "texture": "#0"},
				"down": {"uv": [6.25, 14.5, 6, 14.75], "texture": "#0"}
			}
		},
		{
			"from": [10.82294, 0.37299, 6.94596],
			"to": [10.8543, 0.52976, 7.57304],
			"rotation": {"angle": 45, "axis": "x", "origin": [10.85822, 0.52976, 7.2595]},
			"faces": {
				"north": {"uv": [14.5, 6, 14.75, 6.25], "texture": "#0"},
				"east": {"uv": [6.5, 14.5, 6.75, 14.75], "texture": "#0"},
				"south": {"uv": [14.5, 6.5, 14.75, 6.75], "texture": "#0"},
				"west": {"uv": [7, 14.5, 7.25, 14.75], "texture": "#0"},
				"up": {"uv": [14.75, 7.25, 14.5, 7], "texture": "#0"},
				"down": {"uv": [7.75, 14.5, 7.5, 14.75], "texture": "#0"}
			}
		},
		{
			"from": [10.80727, 0.52976, 6.99299],
			"to": [10.8543, 0.68653, 7.52601],
			"rotation": {"angle": 45, "axis": "x", "origin": [10.85822, 0.52976, 7.2595]},
			"faces": {
				"north": {"uv": [14.5, 7.5, 14.75, 7.75], "texture": "#0"},
				"east": {"uv": [8, 14.5, 8.25, 14.75], "texture": "#0"},
				"south": {"uv": [14.5, 8, 14.75, 8.25], "texture": "#0"},
				"west": {"uv": [8.5, 14.5, 8.75, 14.75], "texture": "#0"},
				"up": {"uv": [14.75, 8.75, 14.5, 8.5], "texture": "#0"},
				"down": {"uv": [9.25, 14.5, 9, 14.75], "texture": "#0"}
			}
		},
		{
			"from": [10.82294, 0.68653, 7.07137],
			"to": [10.86997, 0.76492, 7.44763],
			"rotation": {"angle": 45, "axis": "x", "origin": [10.85822, 0.52976, 7.2595]},
			"faces": {
				"north": {"uv": [14.5, 9, 14.75, 9.25], "texture": "#0"},
				"east": {"uv": [9.5, 14.5, 9.75, 14.75], "texture": "#0"},
				"south": {"uv": [14.5, 9.5, 14.75, 9.75], "texture": "#0"},
				"west": {"uv": [10, 14.5, 10.25, 14.75], "texture": "#0"},
				"up": {"uv": [14.75, 10.25, 14.5, 10], "texture": "#0"},
				"down": {"uv": [10.75, 14.5, 10.5, 14.75], "texture": "#0"}
			}
		},
		{
			"from": [10.83862, 0.76492, 7.14976],
			"to": [10.90133, 0.8433, 7.36924],
			"rotation": {"angle": 45, "axis": "x", "origin": [10.85822, 0.52976, 7.2595]},
			"faces": {
				"north": {"uv": [14.5, 10.5, 14.75, 10.75], "texture": "#0"},
				"east": {"uv": [11, 14.5, 11.25, 14.75], "texture": "#0"},
				"south": {"uv": [14.5, 11, 14.75, 11.25], "texture": "#0"},
				"west": {"uv": [11.5, 14.5, 11.75, 14.75], "texture": "#0"},
				"up": {"uv": [14.75, 11.75, 14.5, 11.5], "texture": "#0"},
				"down": {"uv": [12.25, 14.5, 12, 14.75], "texture": "#0"}
			}
		}
	],
	"display": {
		"thirdperson_righthand": {
			"rotation": [-90, -45, -45],
			"translation": [1.25, 2.25, 0],
			"scale": [0.34, 0.34, 0.34]
		},
		"thirdperson_lefthand": {
			"rotation": [-90, -45, -45],
			"translation": [1.25, 2.25, 0],
			"scale": [0.34, 0.34, 0.34]
		},
		"firstperson_righthand": {
			"rotation": [180, 90, -78],
			"translation": [3.5, -0.5, 5.25]
		},
		"firstperson_lefthand": {
			"rotation": [0, 90, -78],
			"translation": [0.5, 2, -7.25]
		},
		"ground": {
			"translation": [0, 7.75, 0]
		},
		"gui": {
			"rotation": [0, 0, 45],
			"translation": [-5, 4.75, 0],
			"scale": [0.9, 0.9, 0.9]
		}
	},
	"groups": [
		{
			"name": "Arrow",
			"origin": [6.125, 8, 5.69957],
			"color": 0,
			"nbt": "{}",
			"children": [
				0,
				1,
				2,
				3,
				4,
				5,
				6,
				7,
				8,
				9,
				10,
				11,
				12,
				13,
				14,
				15,
				16,
				17,
				18,
				19,
				20,
				21,
				22,
				23,
				24,
				25,
				26,
				27,
				28,
				29,
				30,
				31,
				32,
				33,
				34,
				35,
				36,
				37,
				38,
				39,
				40,
				41,
				42,
				43,
				44,
				45,
				46,
				47,
				48,
				49,
				50,
				51,
				52,
				53,
				54,
				55,
				56,
				57,
				58,
				59,
				60,
				61,
				62,
				63,
				64,
				65,
				66,
				67,
				68,
				69,
				70,
				{
					"name": "RoseLeaf",
					"origin": [-16.875, 0.1, -6.15],
					"color": 0,
					"nbt": "{}",
					"children": [71, 72, 73, 74, 75, 76, 77, 78, 79, 80, 81, 82, 83, 84, 85, 86, 87, 88, 89, 90, 91, 92, 93, 94]
				},
				{
					"name": "RoseLeaf",
					"origin": [-16.875, 0.1, -6.15],
					"color": 0,
					"nbt": "{}",
					"children": [95, 96, 97, 98, 99, 100, 101, 102, 103, 104, 105, 106, 107, 108, 109, 110, 111, 112, 113, 114, 115, 116, 117, 118]
				}
			]
		}
	]
}