{
  "parent": "item/handheld",
  "textures": {
    "layer0": "item/wooden_pickaxe"
  },
  "overrides": [
    {
        "predicate": {
          "custom_model_data": 1125
        },
        "model": "item/omnitool/1125"
    },
    {
        "predicate": {
          "custom_model_data": 1128
        },
        "model": "item/omnitool/1128"
    },
    {
      "predicate": {
        "custom_model_data": 2000
      },
      "model": "item/skins/tools/pickaxe/bronze"
    },
    {
      "predicate": {
        "custom_model_data": 2001
      },
      "model": "item/skins/tools/pickaxe/oxidized_copper"
    },
    {
      "predicate": {
        "custom_model_data": 2002
      },
      "model": "item/skins/tools/pickaxe/silver"
    },
    {
      "predicate": {
        "custom_model_data": 2003
      },
      "model": "item/skins/tools/pickaxe/cobalt"
    },
    {
      "predicate": {
        "custom_model_data": 2004
      },
      "model": "item/skins/tools/pickaxe/amethyst"
    },
    {
      "predicate": {
        "custom_model_data": 2005
      },
      "model": "item/skins/tools/pickaxe/ruby"
    },
    {
      "predicate": {
        "custom_model_data": 2006
      },
      "model": "item/skins/tools/pickaxe/sapphire"
    },
    {
      "predicate": {
        "custom_model_data": 2007
      },
      "model": "item/skins/tools/pickaxe/emerald"
    },
    {
      "predicate": {
        "custom_model_data": 2008
      },
      "model": "item/skins/tools/pickaxe/ender"
    },
    {
      "predicate": {
        "custom_model_data": 2009
      },
      "model": "item/skins/tools/pickaxe/obsidian"
    },
	{
      "predicate": {
        "custom_model_data": 2010
      },
      "model": "item/skins/tools/pickaxe/leaf"
    },
	{
      "predicate": {
        "custom_model_data": 2011
      },
      "model": "item/skins/tools/pickaxe/deep_rock"
    },
	{
      "predicate": {
        "custom_model_data": 2012
      },
      "model": "item/skins/tools/pickaxe/ancient_blood"
    },
	{
      "predicate": {
        "custom_model_data": 2013
      },
      "model": "item/skins/tools/pickaxe/elderian"
    },
    {
        "predicate": {
          "custom_model_data": 2014
        },
        "model": "item/skins/tools/pickaxe/grim_reaper_scythe"
      }
  ]
}