{
    "parent": "minecraft:item/generated",
    "textures": {
      "layer0": "minecraft:item/netherite_boots"
    },
    "overrides": [
      {
        "predicate": {
          "custom_model_data": 2000
        },
        "model": "item/skins/armor/boots/bronze"
      },
      {
        "predicate": {
          "custom_model_data": 2001
        },
        "model": "item/skins/armor/boots/oxidized_copper"
      },
      {
        "predicate": {
          "custom_model_data": 2002
        },
        "model": "item/skins/armor/boots/silver"
      },
      {
        "predicate": {
          "custom_model_data": 2003
        },
        "model": "item/skins/armor/boots/cobalt"
      },
      {
        "predicate": {
          "custom_model_data": 2004
        },
        "model": "item/skins/armor/boots/amethyst"
      },
      {
        "predicate": {
          "custom_model_data": 2005
        },
        "model": "item/skins/armor/boots/ruby"
      },
      {
        "predicate": {
          "custom_model_data": 2006
        },
        "model": "item/skins/armor/boots/sapphire"
      },
      {
        "predicate": {
          "custom_model_data": 2007
        },
        "model": "item/skins/armor/boots/emerald"
      },
      {
        "predicate": {
          "custom_model_data": 2008
        },
        "model": "item/skins/armor/boots/ender"
      },
      {
        "predicate": {
          "custom_model_data": 2009
        },
        "model": "item/skins/armor/boots/obsidian"
      },
      {
          "predicate": {
            "custom_model_data": 2010
          },
          "model": "item/skins/armor/boots/frightening"
      },
      {
          "predicate": {
            "custom_model_data": 2011
          },
          "model": "item/skins/armor/boots/leaf"
      },
      {
          "predicate": {
            "custom_model_data": 2012
          },
          "model": "item/skins/armor/boots/deep_rock"
      },
      {
          "predicate": {
            "custom_model_data": 2013
          },
          "model": "item/skins/armor/boots/ancient_blood"
      },
      {
          "predicate": {
            "custom_model_data": 2014
          },
          "model": "item/skins/armor/boots/elderian"
      },
      {
          "predicate": {
            "custom_model_data": 2015
          },
          "model": "item/skins/armor/boots/christmas"
      },
      {
          "predicate": {
            "custom_model_data": 2016
          },
          "model": "item/skins/armor/boots/eros"
      },
      {
          "predicate": {
            "custom_model_data": 2017
          },
          "model": "item/skins/armor/boots/easter"
      },
      {
          "predicate": {
            "custom_model_data": 2018
          },
          "model": "item/skins/armor/boots/summer"
      },
      {
          "predicate": {
            "custom_model_data": 2019
          },
          "model": "item/skins/armor/boots/pumpkin"
      },
      {
          "predicate": {
            "custom_model_data": 2020
          },
          "model": "item/skins/armor/boots/rudolph"
      },
      {
        "predicate": {
          "custom_model_data": 2021
        },
        "model": "item/skins/armor/boots/sparkly"
      },
      {
        "predicate": {
          "custom_model_data": 2022
        },
         "model": "item/skins/armor/boots/valentines"
      },
      {
        "predicate": {
          "custom_model_data": 2023
        },
         "model": "item/skins/armor/boots/lepr"
      },
      {
          "predicate": {
            "custom_model_data": 2024
          },
          "model": "item/skins/armor/boots/spring"
      },
      {
          "predicate": {
            "custom_model_data": 2025
          },
          "model": "item/skins/armor/boots/cosmic"
      },
      {
          "predicate": {
            "custom_model_data": 2026
          },
          "model": "item/skins/armor/boots/holiday"
      },
      {
          "predicate": {
            "custom_model_data": 2027
          },
          "model": "item/skins/armor/boots/astronaut"
      },
      {
          "predicate": {
            "custom_model_data": 2028
          },
          "model": "item/skins/armor/boots/pilgrim"
      },
      {
          "predicate": {
            "custom_model_data": 2029
          },
          "model": "item/skins/armor/boots/newyear"
      },
      {
          "predicate": {
            "custom_model_data": 2030
          },
          "model": "item/skins/armor/boots/mummy"
      },
      {
          "predicate": {
            "custom_model_data": 2031
          },
          "model": "item/skins/armor/boots/gingerbread"
      },
      {
          "predicate": {
            "custom_model_data": 2032
          },
          "model": "item/skins/armor/boots/love"
      }
    ]
  }