{
    "parent": "minecraft:block/red_shulker_box",
    "overrides": [
      {
        "predicate": {
          "custom_model_data": 1
        },
        "model": "item/omnitool_extra/present_red/present_red"
      },
      {
        "predicate": {
          "custom_model_data": 21
        },
        "model": "item/omnitool_extra/present_purple/present_purple"
      },
      {
        "predicate": {
          "custom_model_data": 41
        },
        "model": "item/omnitool_extra/present_blue/present_blue"
      },
      {
        "predicate": {
          "custom_model_data": 61
        },
        "model": "item/omnitool_extra/present_green/present_green"
      }
    ]
}