{
    "model": {
        "type": "range_dispatch",
        "property": "custom_model_data",
        "fallback": {
            "type": "model",
            "model": "item/diamond_shovel"
        },
        "entries": [
            {
                "threshold": 1000,
                "model": {
                    "type": "model",
                    "model": "item/omnitool/1000"
                }
            },
            {
                "threshold": 1001,
                "model": {
                    "type": "model",
                    "model": "item/omnitool/1001"
                }
            },
            {
                "threshold": 1002,
                "model": {
                    "type": "model",
                    "model": "item/omnitool/1002"
                }
            },
            {
                "threshold": 1003,
                "model": {
                    "type": "model",
                    "model": "item/omnitool/1003"
                }
            },
            {
                "threshold": 1004,
                "model": {
                    "type": "model",
                    "model": "item/omnitool/1004"
                }
            },
            {
                "threshold": 1005,
                "model": {
                    "type": "model",
                    "model": "item/omnitool/1005"
                }
            },
            {
                "threshold": 1006,
                "model": {
                    "type": "model",
                    "model": "item/omnitool/1006"
                }
            },
            {
                "threshold": 1007,
                "model": {
                    "type": "model",
                    "model": "item/omnitool/1007"
                }
            },
            {
                "threshold": 1008,
                "model": {
                    "type": "model",
                    "model": "item/omnitool/1008"
                }
            },
            {
                "threshold": 1009,
                "model": {
                    "type": "model",
                    "model": "item/omnitool/1009"
                }
            },
            {
                "threshold": 1010,
                "model": {
                    "type": "model",
                    "model": "item/omnitool/1010"
                }
            },
            {
                "threshold": 1011,
                "model": {
                    "type": "model",
                    "model": "item/omnitool/1011"
                }
            },
            {
                "threshold": 1012,
                "model": {
                    "type": "model",
                    "model": "item/omnitool/1012"
                }
            },
            {
                "threshold": 1013,
                "model": {
                    "type": "model",
                    "model": "item/omnitool/1013"
                }
            },
            {
                "threshold": 1014,
                "model": {
                    "type": "model",
                    "model": "item/omnitool/1014"
                }
            },
            {
                "threshold": 1015,
                "model": {
                    "type": "model",
                    "model": "item/omnitool/1015"
                }
            },
            {
                "threshold": 1016,
                "model": {
                    "type": "model",
                    "model": "item/omnitool/1016"
                }
            },
            {
                "threshold": 1017,
                "model": {
                    "type": "model",
                    "model": "item/omnitool/1017"
                }
            },
            {
                "threshold": 1018,
                "model": {
                    "type": "model",
                    "model": "item/omnitool/1018"
                }
            },
            {
                "threshold": 1019,
                "model": {
                    "type": "model",
                    "model": "item/omnitool/1019"
                }
            },
            {
                "threshold": 1020,
                "model": {
                    "type": "model",
                    "model": "item/omnitool/1020"
                }
            },
            {
                "threshold": 1021,
                "model": {
                    "type": "model",
                    "model": "item/omnitool/1021"
                }
            },
            {
                "threshold": 1022,
                "model": {
                    "type": "model",
                    "model": "item/omnitool/1022"
                }
            },
            {
                "threshold": 1023,
                "model": {
                    "type": "model",
                    "model": "item/omnitool/1023"
                }
            },
            {
                "threshold": 1024,
                "model": {
                    "type": "model",
                    "model": "item/omnitool/1024"
                }
            },
            {
                "threshold": 1025,
                "model": {
                    "type": "model",
                    "model": "item/omnitool/1025"
                }
            },
            {
                "threshold": 1026,
                "model": {
                    "type": "model",
                    "model": "item/omnitool/1026"
                }
            },
            {
                "threshold": 1027,
                "model": {
                    "type": "model",
                    "model": "item/omnitool/1027"
                }
            },
            {
                "threshold": 1028,
                "model": {
                    "type": "model",
                    "model": "item/omnitool/1028"
                }
            },
            {
                "threshold": 1029,
                "model": {
                    "type": "model",
                    "model": "item/omnitool/1029"
                }
            },
            {
                "threshold": 1030,
                "model": {
                    "type": "model",
                    "model": "item/omnitool/1030"
                }
            },
            {
                "threshold": 1031,
                "model": {
                    "type": "model",
                    "model": "item/omnitool/1031"
                }
            },
            {
                "threshold": 1032,
                "model": {
                    "type": "model",
                    "model": "item/omnitool/1032"
                }
            },
            {
                "threshold": 1033,
                "model": {
                    "type": "model",
                    "model": "item/omnitool/1033"
                }
            },
            {
                "threshold": 1034,
                "model": {
                    "type": "model",
                    "model": "item/omnitool/1034"
                }
            },
            {
                "threshold": 1035,
                "model": {
                    "type": "model",
                    "model": "item/omnitool/1035"
                }
            },
            {
                "threshold": 1036,
                "model": {
                    "type": "model",
                    "model": "item/omnitool/1036"
                }
            },
            {
                "threshold": 1037,
                "model": {
                    "type": "model",
                    "model": "item/omnitool/1037"
                }
            },
            {
                "threshold": 1038,
                "model": {
                    "type": "model",
                    "model": "item/omnitool/1038"
                }
            },
            {
                "threshold": 1039,
                "model": {
                    "type": "model",
                    "model": "item/omnitool/1039"
                }
            },
            {
                "threshold": 1040,
                "model": {
                    "type": "model",
                    "model": "item/omnitool/1040"
                }
            },
            {
                "threshold": 1041,
                "model": {
                    "type": "model",
                    "model": "item/omnitool/1041"
                }
            },
            {
                "threshold": 1042,
                "model": {
                    "type": "model",
                    "model": "item/omnitool/1042"
                }
            },
            {
                "threshold": 1043,
                "model": {
                    "type": "model",
                    "model": "item/omnitool/1043"
                }
            },
            {
                "threshold": 1044,
                "model": {
                    "type": "model",
                    "model": "item/omnitool/1044"
                }
            },
            {
                "threshold": 1045,
                "model": {
                    "type": "model",
                    "model": "item/omnitool/1045"
                }
            },
            {
                "threshold": 1046,
                "model": {
                    "type": "model",
                    "model": "item/omnitool/1046"
                }
            },
            {
                "threshold": 1047,
                "model": {
                    "type": "model",
                    "model": "item/omnitool/1047"
                }
            },
            {
                "threshold": 1048,
                "model": {
                    "type": "model",
                    "model": "item/omnitool/1048"
                }
            },
            {
                "threshold": 1049,
                "model": {
                    "type": "model",
                    "model": "item/omnitool/1049"
                }
            },
            {
                "threshold": 1050,
                "model": {
                    "type": "model",
                    "model": "item/omnitool/1050"
                }
            },
            {
                "threshold": 1051,
                "model": {
                    "type": "model",
                    "model": "item/omnitool/1051"
                }
            },
            {
                "threshold": 1052,
                "model": {
                    "type": "model",
                    "model": "item/omnitool/1052"
                }
            },
            {
                "threshold": 1053,
                "model": {
                    "type": "model",
                    "model": "item/omnitool/1053"
                }
            },
            {
                "threshold": 1054,
                "model": {
                    "type": "model",
                    "model": "item/omnitool/1054"
                }
            },
            {
                "threshold": 1055,
                "model": {
                    "type": "model",
                    "model": "item/omnitool/1055"
                }
            },
            {
                "threshold": 1056,
                "model": {
                    "type": "model",
                    "model": "item/omnitool/1056"
                }
            },
            {
                "threshold": 1057,
                "model": {
                    "type": "model",
                    "model": "item/omnitool/1057"
                }
            },
            {
                "threshold": 1058,
                "model": {
                    "type": "model",
                    "model": "item/omnitool/1058"
                }
            },
            {
                "threshold": 1059,
                "model": {
                    "type": "model",
                    "model": "item/omnitool/1059"
                }
            },
            {
                "threshold": 1060,
                "model": {
                    "type": "model",
                    "model": "item/omnitool/1060"
                }
            },
            {
                "threshold": 1061,
                "model": {
                    "type": "model",
                    "model": "item/omnitool/1061"
                }
            },
            {
                "threshold": 1062,
                "model": {
                    "type": "model",
                    "model": "item/omnitool/1062"
                }
            },
            {
                "threshold": 1063,
                "model": {
                    "type": "model",
                    "model": "item/omnitool/1063"
                }
            },
            {
                "threshold": 1064,
                "model": {
                    "type": "model",
                    "model": "item/omnitool/1064"
                }
            },
            {
                "threshold": 1065,
                "model": {
                    "type": "model",
                    "model": "item/omnitool/1065"
                }
            },
            {
                "threshold": 1066,
                "model": {
                    "type": "model",
                    "model": "item/omnitool/1066"
                }
            },
            {
                "threshold": 1067,
                "model": {
                    "type": "model",
                    "model": "item/omnitool/1067"
                }
            },
            {
                "threshold": 1068,
                "model": {
                    "type": "model",
                    "model": "item/omnitool/1068"
                }
            },
            {
                "threshold": 1069,
                "model": {
                    "type": "model",
                    "model": "item/omnitool/1069"
                }
            },
            {
                "threshold": 1070,
                "model": {
                    "type": "model",
                    "model": "item/omnitool/1070"
                }
            },
            {
                "threshold": 1071,
                "model": {
                    "type": "model",
                    "model": "item/omnitool/1071"
                }
            },
            {
                "threshold": 1072,
                "model": {
                    "type": "model",
                    "model": "item/omnitool/1072"
                }
            },
            {
                "threshold": 1073,
                "model": {
                    "type": "model",
                    "model": "item/omnitool/1073"
                }
            },
            {
                "threshold": 1074,
                "model": {
                    "type": "model",
                    "model": "item/omnitool/1074"
                }
            },
            {
                "threshold": 1075,
                "model": {
                    "type": "model",
                    "model": "item/omnitool/1075"
                }
            },
            {
                "threshold": 1076,
                "model": {
                    "type": "model",
                    "model": "item/omnitool/1076"
                }
            },
            {
                "threshold": 1077,
                "model": {
                    "type": "model",
                    "model": "item/omnitool/1077"
                }
            },
            {
                "threshold": 1078,
                "model": {
                    "type": "model",
                    "model": "item/omnitool/1078"
                }
            },
            {
                "threshold": 1079,
                "model": {
                    "type": "model",
                    "model": "item/omnitool/1079"
                }
            },
            {
                "threshold": 1080,
                "model": {
                    "type": "model",
                    "model": "item/omnitool/1080"
                }
            },
            {
                "threshold": 1081,
                "model": {
                    "type": "model",
                    "model": "item/omnitool/1081"
                }
            },
            {
                "threshold": 1082,
                "model": {
                    "type": "model",
                    "model": "item/omnitool/1082"
                }
            },
            {
                "threshold": 1083,
                "model": {
                    "type": "model",
                    "model": "item/omnitool/1083"
                }
            },
            {
                "threshold": 1084,
                "model": {
                    "type": "model",
                    "model": "item/omnitool/1084"
                }
            },
            {
                "threshold": 1085,
                "model": {
                    "type": "model",
                    "model": "item/omnitool/1085"
                }
            },
            {
                "threshold": 1086,
                "model": {
                    "type": "model",
                    "model": "item/omnitool/1086"
                }
            },
            {
                "threshold": 1087,
                "model": {
                    "type": "model",
                    "model": "item/omnitool/1087"
                }
            },
            {
                "threshold": 1088,
                "model": {
                    "type": "model",
                    "model": "item/omnitool/1088"
                }
            },
            {
                "threshold": 1089,
                "model": {
                    "type": "model",
                    "model": "item/omnitool/1089"
                }
            },
            {
                "threshold": 1090,
                "model": {
                    "type": "model",
                    "model": "item/omnitool/1090"
                }
            },
            {
                "threshold": 1091,
                "model": {
                    "type": "model",
                    "model": "item/omnitool/1091"
                }
            },
            {
                "threshold": 1092,
                "model": {
                    "type": "model",
                    "model": "item/omnitool/1092"
                }
            },
            {
                "threshold": 1093,
                "model": {
                    "type": "model",
                    "model": "item/omnitool/1093"
                }
            },
            {
                "threshold": 1094,
                "model": {
                    "type": "model",
                    "model": "item/omnitool/1094"
                }
            },
            {
                "threshold": 1095,
                "model": {
                    "type": "model",
                    "model": "item/omnitool/1095"
                }
            },
            {
                "threshold": 1096,
                "model": {
                    "type": "model",
                    "model": "item/omnitool/1096"
                }
            },
            {
                "threshold": 1097,
                "model": {
                    "type": "model",
                    "model": "item/omnitool/1097"
                }
            },
            {
                "threshold": 1098,
                "model": {
                    "type": "model",
                    "model": "item/omnitool/1098"
                }
            },
            {
                "threshold": 1099,
                "model": {
                    "type": "model",
                    "model": "item/omnitool/1099"
                }
            },
            {
                "threshold": 1100,
                "model": {
                    "type": "model",
                    "model": "item/omnitool/1100"
                }
            },
            {
                "threshold": 1101,
                "model": {
                    "type": "model",
                    "model": "item/omnitool/1101"
                }
            },
            {
                "threshold": 1102,
                "model": {
                    "type": "model",
                    "model": "item/omnitool/1102"
                }
            },
            {
                "threshold": 1103,
                "model": {
                    "type": "model",
                    "model": "item/omnitool/1103"
                }
            },
            {
                "threshold": 1104,
                "model": {
                    "type": "model",
                    "model": "item/omnitool/1104"
                }
            },
            {
                "threshold": 1105,
                "model": {
                    "type": "model",
                    "model": "item/omnitool/1105"
                }
            },
            {
                "threshold": 1106,
                "model": {
                    "type": "model",
                    "model": "item/omnitool/1106"
                }
            },
            {
                "threshold": 1107,
                "model": {
                    "type": "model",
                    "model": "item/omnitool/1107"
                }
            },
            {
                "threshold": 1108,
                "model": {
                    "type": "model",
                    "model": "item/omnitool/1108"
                }
            },
            {
                "threshold": 1109,
                "model": {
                    "type": "model",
                    "model": "item/omnitool/1109"
                }
            },
            {
                "threshold": 1110,
                "model": {
                    "type": "model",
                    "model": "item/omnitool/1110"
                }
            },
            {
                "threshold": 1111,
                "model": {
                    "type": "model",
                    "model": "item/omnitool/1111"
                }
            },
            {
                "threshold": 1112,
                "model": {
                    "type": "model",
                    "model": "item/omnitool/1112"
                }
            },
            {
                "threshold": 1113,
                "model": {
                    "type": "model",
                    "model": "item/omnitool/1113"
                }
            },
            {
                "threshold": 1114,
                "model": {
                    "type": "model",
                    "model": "item/omnitool/1114"
                }
            },
            {
                "threshold": 1115,
                "model": {
                    "type": "model",
                    "model": "item/omnitool/1115"
                }
            },
            {
                "threshold": 1116,
                "model": {
                    "type": "model",
                    "model": "item/omnitool/1116"
                }
            },
            {
                "threshold": 1117,
                "model": {
                    "type": "model",
                    "model": "item/omnitool/1117"
                }
            },
            {
                "threshold": 1118,
                "model": {
                    "type": "model",
                    "model": "item/omnitool/1118"
                }
            },
            {
                "threshold": 1119,
                "model": {
                    "type": "model",
                    "model": "item/omnitool/1119"
                }
            },
            {
                "threshold": 1120,
                "model": {
                    "type": "model",
                    "model": "item/omnitool/1120"
                }
            },
            {
                "threshold": 1121,
                "model": {
                    "type": "model",
                    "model": "item/omnitool/1121"
                }
            },
            {
                "threshold": 1122,
                "model": {
                    "type": "model",
                    "model": "item/omnitool/1122"
                }
            },
            {
                "threshold": 1123,
                "model": {
                    "type": "model",
                    "model": "item/omnitool/1123"
                }
            },
            {
                "threshold": 1124,
                "model": {
                    "type": "model",
                    "model": "item/omnitool/1124"
                }
            },
            {
                "threshold": 1125,
                "model": {
                    "type": "model",
                    "model": "item/omnitool/1125"
                }
            },
            {
                "threshold": 2000,
                "model": {
                    "type": "model",
                    "model": "item/skins/tools/shovel/bronze"
                }
            },
            {
                "threshold": 2001,
                "model": {
                    "type": "model",
                    "model": "item/skins/tools/shovel/oxidized_copper"
                }
            },
            {
                "threshold": 2002,
                "model": {
                    "type": "model",
                    "model": "item/skins/tools/shovel/silver"
                }
            },
            {
                "threshold": 2003,
                "model": {
                    "type": "model",
                    "model": "item/skins/tools/shovel/cobalt"
                }
            },
            {
                "threshold": 2004,
                "model": {
                    "type": "model",
                    "model": "item/skins/tools/shovel/amethyst"
                }
            },
            {
                "threshold": 2005,
                "model": {
                    "type": "model",
                    "model": "item/skins/tools/shovel/ruby"
                }
            },
            {
                "threshold": 2006,
                "model": {
                    "type": "model",
                    "model": "item/skins/tools/shovel/sapphire"
                }
            },
            {
                "threshold": 2007,
                "model": {
                    "type": "model",
                    "model": "item/skins/tools/shovel/emerald"
                }
            },
            {
                "threshold": 2008,
                "model": {
                    "type": "model",
                    "model": "item/skins/tools/shovel/ender"
                }
            },
            {
                "threshold": 2009,
                "model": {
                    "type": "model",
                    "model": "item/skins/tools/shovel/obsidian"
                }
            },
            {
                "threshold": 2010,
                "model": {
                    "type": "model",
                    "model": "item/skins/tools/shovel/leaf"
                }
            },
            {
                "threshold": 2011,
                "model": {
                    "type": "model",
                    "model": "item/skins/tools/shovel/deep_rock"
                }
            },
            {
                "threshold": 2012,
                "model": {
                    "type": "model",
                    "model": "item/skins/tools/shovel/ancient_blood"
                }
            },
            {
                "threshold": 2013,
                "model": {
                    "type": "model",
                    "model": "item/skins/tools/shovel/elderian"
                }
            }
        ]
    }
}