{
    "model": {
        "type": "range_dispatch",
        "property": "custom_model_data",
        "fallback": {
            "type": "model",
            "model": "item/golden_pickaxe"
        },
        "entries": [
            {
                "threshold": 1125,
                "model": {
                    "type": "model",
                    "model": "item/omnitool/1125"
                }
            },
            {
                "threshold": 1128,
                "model": {
                    "type": "model",
                    "model": "item/omnitool/1128"
                }
            },
            {
                "threshold": 2000,
                "model": {
                    "type": "model",
                    "model": "item/skins/tools/pickaxe/bronze"
                }
            },
            {
                "threshold": 2001,
                "model": {
                    "type": "model",
                    "model": "item/skins/tools/pickaxe/oxidized_copper"
                }
            },
            {
                "threshold": 2002,
                "model": {
                    "type": "model",
                    "model": "item/skins/tools/pickaxe/silver"
                }
            },
            {
                "threshold": 2003,
                "model": {
                    "type": "model",
                    "model": "item/skins/tools/pickaxe/cobalt"
                }
            },
            {
                "threshold": 2004,
                "model": {
                    "type": "model",
                    "model": "item/skins/tools/pickaxe/amethyst"
                }
            },
            {
                "threshold": 2005,
                "model": {
                    "type": "model",
                    "model": "item/skins/tools/pickaxe/ruby"
                }
            },
            {
                "threshold": 2006,
                "model": {
                    "type": "model",
                    "model": "item/skins/tools/pickaxe/sapphire"
                }
            },
            {
                "threshold": 2007,
                "model": {
                    "type": "model",
                    "model": "item/skins/tools/pickaxe/emerald"
                }
            },
            {
                "threshold": 2008,
                "model": {
                    "type": "model",
                    "model": "item/skins/tools/pickaxe/ender"
                }
            },
            {
                "threshold": 2009,
                "model": {
                    "type": "model",
                    "model": "item/skins/tools/pickaxe/obsidian"
                }
            },
            {
                "threshold": 2010,
                "model": {
                    "type": "model",
                    "model": "item/skins/tools/pickaxe/leaf"
                }
            },
            {
                "threshold": 2011,
                "model": {
                    "type": "model",
                    "model": "item/skins/tools/pickaxe/deep_rock"
                }
            },
            {
                "threshold": 2012,
                "model": {
                    "type": "model",
                    "model": "item/skins/tools/pickaxe/ancient_blood"
                }
            },
            {
                "threshold": 2013,
                "model": {
                    "type": "model",
                    "model": "item/skins/tools/pickaxe/elderian"
                }
            },
            {
                "threshold": 2014,
                "model": {
                    "type": "model",
                    "model": "item/skins/tools/pickaxe/grim_reaper_scythe"
                }
            }
        ]
    }
}