{
  "parent": "minecraft:item/template_shulker_box",
  "textures": {
    "particle": "minecraft:block/brown_shulker_box"
  },
  "overrides": [
    {
        "predicate": {
            "custom_model_data": 1
        },
        "model": "item/seed_bags/seed_bag_type_1"
    },
    {
        "predicate": {
            "custom_model_data": 2
        },
        "model": "item/seed_bags/seed_bag_type_2"
    },
    {
        "predicate": {
            "custom_model_data": 3
        },
        "model": "item/seed_bags/seed_bag_type_3"
    },
    {
        "predicate": {
            "custom_model_data": 4
        },
        "model": "item/seed_bags/seed_bag_type_4"
    },
    {
        "predicate": {
            "custom_model_data": 5
        },
        "model": "item/seed_bags/seed_bag_type_5"
    },
    {
        "predicate": {
            "custom_model_data": 6
        },
        "model": "item/seed_bags/seed_bag_type_6"
    }
  ]
}