{
    "model": {
        "type": "range_dispatch",
        "property": "custom_model_data",
        "fallback": {
            "type": "minecraft:condition",
            "property": "minecraft:fishing_rod/cast",
            "on_false": {
                "type": "minecraft:model",
                "model": "minecraft:item/fishing_rod"
            },
            "on_true": {
                "type": "minecraft:model",
                "model": "minecraft:item/fishing_rod_cast"
            }
        },
        "entries": [
            {
                "threshold": 1,
                "model": {
                    "type": "minecraft:condition",
                    "property": "minecraft:fishing_rod/cast",
                    "on_false": {
                        "type": "minecraft:model",
                        "model": "item/fishing_rods/default_rod"
                    },
                    "on_true": {
                        "type": "minecraft:model",
                        "model": "item/fishing_rods/default_rod_cast"
                    }
                }
            },
            {
                "threshold": 2,
                "model": {
                    "type": "minecraft:condition",
                    "property": "minecraft:fishing_rod/cast",
                    "on_false": {
                        "type": "minecraft:model",
                        "model": "item/fishing_rods/basic_rod"
                    },
                    "on_true": {
                        "type": "minecraft:model",
                        "model": "item/fishing_rods/basic_rod_cast"
                    }
                }
            },
            {
                "threshold": 3,
                "model": {
                    "type": "minecraft:condition",
                    "property": "minecraft:fishing_rod/cast",
                    "on_false": {
                        "type": "minecraft:model",
                        "model": "item/fishing_rods/fresh_start_rod"
                    },
                    "on_true": {
                        "type": "minecraft:model",
                        "model": "item/fishing_rods/fresh_start_rod_cast"
                    }
                }
            },
            {
                "threshold": 4,
                "model": {
                    "type": "minecraft:condition",
                    "property": "minecraft:fishing_rod/cast",
                    "on_false": {
                        "type": "minecraft:model",
                        "model": "item/fishing_rods/easy_catch_rod"
                    },
                    "on_true": {
                        "type": "minecraft:model",
                        "model": "item/fishing_rods/easy_catch_rod_cast"
                    }
                }
            },
            {
                "threshold": 5,
                "model": {
                    "type": "minecraft:condition",
                    "property": "minecraft:fishing_rod/cast",
                    "on_false": {
                        "type": "minecraft:model",
                        "model": "item/fishing_rods/stream_lite_rod"
                    },
                    "on_true": {
                        "type": "minecraft:model",
                        "model": "item/fishing_rods/stream_lite_rod_cast"
                    }
                }
            },
            {
                "threshold": 6,
                "model": {
                    "type": "minecraft:condition",
                    "property": "minecraft:fishing_rod/cast",
                    "on_false": {
                        "type": "minecraft:model",
                        "model": "item/fishing_rods/flexi_rod"
                    },
                    "on_true": {
                        "type": "minecraft:model",
                        "model": "item/fishing_rods/flexi_rod_cast"
                    }
                }
            },
            {
                "threshold": 7,
                "model": {
                    "type": "minecraft:condition",
                    "property": "minecraft:fishing_rod/cast",
                    "on_false": {
                        "type": "minecraft:model",
                        "model": "item/fishing_rods/cast_master_rod"
                    },
                    "on_true": {
                        "type": "minecraft:model",
                        "model": "item/fishing_rods/cast_master_rod_cast"
                    }
                }
            },
            {
                "threshold": 8,
                "model": {
                    "type": "minecraft:condition",
                    "property": "minecraft:fishing_rod/cast",
                    "on_false": {
                        "type": "minecraft:model",
                        "model": "item/fishing_rods/pro_angler_rod"
                    },
                    "on_true": {
                        "type": "minecraft:model",
                        "model": "item/fishing_rods/pro_angler_rod_cast"
                    }
                }
            },
            {
                "threshold": 9,
                "model": {
                    "type": "minecraft:condition",
                    "property": "minecraft:fishing_rod/cast",
                    "on_false": {
                        "type": "minecraft:model",
                        "model": "item/fishing_rods/reel_tech_rod"
                    },
                    "on_true": {
                        "type": "minecraft:model",
                        "model": "item/fishing_rods/reel_tech_rod_cast"
                    }
                }
            },
            {
                "threshold": 10,
                "model": {
                    "type": "minecraft:condition",
                    "property": "minecraft:fishing_rod/cast",
                    "on_false": {
                        "type": "minecraft:model",
                        "model": "item/fishing_rods/power_strike_rod"
                    },
                    "on_true": {
                        "type": "minecraft:model",
                        "model": "item/fishing_rods/power_strike_rod_cast"
                    }
                }
            },
            {
                "threshold": 11,
                "model": {
                    "type": "minecraft:condition",
                    "property": "minecraft:fishing_rod/cast",
                    "on_false": {
                        "type": "minecraft:model",
                        "model": "item/fishing_rods/elite_cast_rod"
                    },
                    "on_true": {
                        "type": "minecraft:model",
                        "model": "item/fishing_rods/elite_cast_rod_cast"
                    }
                }
            },
            {
                "threshold": 12,
                "model": {
                    "type": "minecraft:condition",
                    "property": "minecraft:fishing_rod/cast",
                    "on_false": {
                        "type": "minecraft:model",
                        "model": "item/fishing_rods/precision_pro_rod"
                    },
                    "on_true": {
                        "type": "minecraft:model",
                        "model": "item/fishing_rods/precision_pro_rod_cast"
                    }
                }
            },
            {
                "threshold": 13,
                "model": {
                    "type": "minecraft:condition",
                    "property": "minecraft:fishing_rod/cast",
                    "on_false": {
                        "type": "minecraft:model",
                        "model": "item/fishing_rods/apex_flex_rod"
                    },
                    "on_true": {
                        "type": "minecraft:model",
                        "model": "item/fishing_rods/apex_flex_rod_cast"
                    }
                }
            },
            {
                "threshold": 14,
                "model": {
                    "type": "minecraft:condition",
                    "property": "minecraft:fishing_rod/cast",
                    "on_false": {
                        "type": "minecraft:model",
                        "model": "item/fishing_rods/pro_flex_series_rod"
                    },
                    "on_true": {
                        "type": "minecraft:model",
                        "model": "item/fishing_rods/pro_flex_series_rod_cast"
                    }
                }
            },
            {
                "threshold": 15,
                "model": {
                    "type": "minecraft:condition",
                    "property": "minecraft:fishing_rod/cast",
                    "on_false": {
                        "type": "minecraft:model",
                        "model": "item/fishing_rods/master_cast_pro_rod"
                    },
                    "on_true": {
                        "type": "minecraft:model",
                        "model": "item/fishing_rods/master_cast_pro_rod_cast"
                    }
                }
            },
            {
                "threshold": 16,
                "model": {
                    "type": "minecraft:condition",
                    "property": "minecraft:fishing_rod/cast",
                    "on_false": {
                        "type": "minecraft:model",
                        "model": "item/fishing_rods/ultimate_angler_rod"
                    },
                    "on_true": {
                        "type": "minecraft:model",
                        "model": "item/fishing_rods/ultimate_angler_rod_cast"
                    }
                }
            }
        ]
    }
}