{
  "parent": "minecraft:item/generated",
  "textures": {
    "layer0": "minecraft:block/tripwire_hook"
  },
  "overrides": [
    {"predicate": {"custom_model_data":1}, "model": "item/keys/dolphin"},
	{"predicate": {"custom_model_data":2}, "model": "item/keys/lobster"},
	{"predicate": {"custom_model_data":3}, "model": "item/keys/monthly"},
	{"predicate": {"custom_model_data":4}, "model": "item/keys/pet"},
	{"predicate": {"custom_model_data":5}, "model": "item/keys/robot"},
	{"predicate": {"custom_model_data":6}, "model": "item/keys/shark"},
	{"predicate": {"custom_model_data":7}, "model": "item/keys/skin"},
	{"predicate": {"custom_model_data":8}, "model": "item/keys/trident"},
	{"predicate": {"custom_model_data":9}, "model": "item/keys/vote"},
	{"predicate": {"custom_model_data":10}, "model": "item/keys/whale"},
    {"predicate": {"custom_model_data":11}, "model": "item/lootbox/lootbox_handheld"},
    {"predicate": {"custom_model_data":12}, "model": "item/keys/fishing"},
    {"predicate": {"custom_model_data":13}, "model": "item/lootbox/lootbox_handheld_old"},
    {"predicate": {"custom_model_data":51}, "model": "item/keys/skyblocky/vote"},
    {"predicate": {"custom_model_data":52}, "model": "item/keys/skyblocky/uncommon"},
    {"predicate": {"custom_model_data":53}, "model": "item/keys/skyblocky/rare"},
    {"predicate": {"custom_model_data":54}, "model": "item/keys/skyblocky/mythical"},
    {"predicate": {"custom_model_data":55}, "model": "item/keys/skyblocky/legendary"},
    {"predicate": {"custom_model_data":56}, "model": "item/keys/skyblocky/royal"},
    {"predicate": {"custom_model_data":57}, "model": "item/keys/skyblocky/robot"},
    {"predicate": {"custom_model_data":58}, "model": "item/keys/skyblocky/pet"}
  ]
}