{
    "model": {
        "type": "range_dispatch",
        "property": "custom_model_data",
        "fallback": {
            "type": "model",
            "model": "minecraft:block/torch"
        },
        "entries": [
            {
                "threshold": 2,
                "model": {
                    "type": "model",
                    "model": "item/omnitool_extra/pumpkin_large"
                }
            },
            {
                "threshold": 3,
                "model": {
                    "type": "model",
                    "model": "item/misc/clover"
                }
            }
        ]
    }
}