{
  "parent": "minecraft:block/stone_button_inventory",
  "overrides": [
    {"predicate": {"custom_model_data":1}, "model": "item/crates/dolphin"},
	{"predicate": {"custom_model_data":2}, "model": "item/crates/lobster"},
	{"predicate": {"custom_model_data":3}, "model": "item/crates/monthly"},
	{"predicate": {"custom_model_data":4}, "model": "item/crates/pet"},
	{"predicate": {"custom_model_data":5}, "model": "item/crates/robot"},
	{"predicate": {"custom_model_data":6}, "model": "item/crates/shark"},
	{"predicate": {"custom_model_data":7}, "model": "item/crates/skin"},
	{"predicate": {"custom_model_data":8}, "model": "item/crates/trident"},
	{"predicate": {"custom_model_data":9}, "model": "item/crates/vote"},
	{"predicate": {"custom_model_data":10}, "model": "item/crates/whale"},
    {"predicate": {"custom_model_data":11}, "model": "item/lootbox/lootbox"},
    {"predicate": {"custom_model_data":12}, "model": "item/crates/fishing"},
    {"predicate": {"custom_model_data":13}, "model": "item/lootbox/lootbox_old"},
    {"predicate": {"custom_model_data":51}, "model": "item/crates/skyblocky/vote"},
    {"predicate": {"custom_model_data":52}, "model": "item/crates/skyblocky/uncommon"},
    {"predicate": {"custom_model_data":53}, "model": "item/crates/skyblocky/rare"},
    {"predicate": {"custom_model_data":54}, "model": "item/crates/skyblocky/mythical"},
    {"predicate": {"custom_model_data":55}, "model": "item/crates/skyblocky/legendary"},
    {"predicate": {"custom_model_data":56}, "model": "item/crates/skyblocky/royal"},
    {"predicate": {"custom_model_data":57}, "model": "item/crates/skyblocky/robot"},
    {"predicate": {"custom_model_data":58}, "model": "item/crates/skyblocky/pet"}
  ]
}