{
	"credit": "Made with Blockbench",
	"texture_size": [64, 64],
	"textures": {
		"1": "item/newyears/newyearsbox2023"
	},
	"elements": [
		{
			"from": [8.6, 6, 6.2],
			"to": [13.4, 6.6, 9.8],
			"rotation": {"angle": 0, "axis": "y", "origin": [8, -8.65, 8]},
			"faces": {
				"north": {"uv": [5, 8, 5.375, 8.125], "texture": "#1"},
				"east": {"uv": [9.25, 0.75, 9.5, 0.875], "texture": "#1"},
				"south": {"uv": [8, 5, 8.375, 5.125], "texture": "#1"},
				"west": {"uv": [1, 9.25, 1.25, 9.375], "texture": "#1"},
				"up": {"uv": [5.875, 6, 5.5, 5.75], "texture": "#1"},
				"down": {"uv": [6.125, 5.5, 5.75, 5.75], "texture": "#1"}
			}
		},
		{
			"from": [8.6, 0, 6.2],
			"to": [13.4, 0.6, 9.8],
			"rotation": {"angle": 0, "axis": "y", "origin": [8, -8.65, 8]},
			"faces": {
				"north": {"uv": [6, 8, 6.375, 8.125], "texture": "#1"},
				"east": {"uv": [9.25, 3.75, 9.5, 3.875], "texture": "#1"},
				"south": {"uv": [6.5, 8, 6.875, 8.125], "texture": "#1"},
				"west": {"uv": [4, 9.25, 4.25, 9.375], "texture": "#1"},
				"up": {"uv": [1.125, 6.25, 0.75, 6], "texture": "#1"},
				"down": {"uv": [6.375, 0.75, 6, 1], "texture": "#1"}
			}
		},
		{
			"from": [8.6, 3, 6.2],
			"to": [13.4, 3.6, 9.8],
			"rotation": {"angle": 0, "axis": "y", "origin": [8, -8.65, 8]},
			"faces": {
				"north": {"uv": [5.5, 8, 5.875, 8.125], "texture": "#1"},
				"east": {"uv": [9.25, 2.25, 9.5, 2.375], "texture": "#1"},
				"south": {"uv": [8, 5.75, 8.375, 5.875], "texture": "#1"},
				"west": {"uv": [2.5, 9.25, 2.75, 9.375], "texture": "#1"},
				"up": {"uv": [0.625, 6.25, 0.25, 6], "texture": "#1"},
				"down": {"uv": [6.375, 0.5, 6, 0.75], "texture": "#1"}
			}
		},
		{
			"from": [8.6, 1.2, 6.2],
			"to": [14, 1.8, 9.8],
			"rotation": {"angle": 0, "axis": "y", "origin": [8, -8.65, 8]},
			"faces": {
				"north": {"uv": [7, 6.75, 7.5, 6.875], "texture": "#1"},
				"east": {"uv": [9.25, 1, 9.5, 1.125], "texture": "#1"},
				"south": {"uv": [7, 7, 7.5, 7.125], "texture": "#1"},
				"west": {"uv": [1.25, 9.25, 1.5, 9.375], "texture": "#1"},
				"up": {"uv": [5, 3.25, 4.5, 3], "texture": "#1"},
				"down": {"uv": [4, 4.5, 3.5, 4.75], "texture": "#1"}
			}
		},
		{
			"from": [8.6, 0.6, 6.2],
			"to": [14, 1.2, 9.8],
			"rotation": {"angle": 0, "axis": "y", "origin": [8, -8.65, 8]},
			"faces": {
				"north": {"uv": [0, 7.25, 0.5, 7.375], "texture": "#1"},
				"east": {"uv": [9.25, 1.25, 9.5, 1.375], "texture": "#1"},
				"south": {"uv": [7.25, 0, 7.75, 0.125], "texture": "#1"},
				"west": {"uv": [1.5, 9.25, 1.75, 9.375], "texture": "#1"},
				"up": {"uv": [4.5, 4.75, 4, 4.5], "texture": "#1"},
				"down": {"uv": [5, 4.25, 4.5, 4.5], "texture": "#1"}
			}
		},
		{
			"from": [8.6, 4.8, 6.2],
			"to": [14, 5.4, 9.8],
			"rotation": {"angle": 0, "axis": "y", "origin": [8, -8.65, 8]},
			"faces": {
				"north": {"uv": [1.75, 7.25, 2.25, 7.375], "texture": "#1"},
				"east": {"uv": [9.25, 3, 9.5, 3.125], "texture": "#1"},
				"south": {"uv": [7.25, 1.75, 7.75, 1.875], "texture": "#1"},
				"west": {"uv": [3.25, 9.25, 3.5, 9.375], "texture": "#1"},
				"up": {"uv": [3.5, 5, 3, 4.75], "texture": "#1"},
				"down": {"uv": [5.25, 3.25, 4.75, 3.5], "texture": "#1"}
			}
		},
		{
			"from": [8.6, 5.4, 6.2],
			"to": [14, 6, 9.8],
			"rotation": {"angle": 0, "axis": "y", "origin": [8, -8.65, 8]},
			"faces": {
				"north": {"uv": [1.25, 7.25, 1.75, 7.375], "texture": "#1"},
				"east": {"uv": [9.25, 2.75, 9.5, 2.875], "texture": "#1"},
				"south": {"uv": [7.25, 1.5, 7.75, 1.625], "texture": "#1"},
				"west": {"uv": [3, 9.25, 3.25, 9.375], "texture": "#1"},
				"up": {"uv": [2.5, 5, 2, 4.75], "texture": "#1"},
				"down": {"uv": [3, 4.75, 2.5, 5], "texture": "#1"}
			}
		},
		{
			"from": [8.6, 3.6, 6.2],
			"to": [14, 4.2, 9.8],
			"rotation": {"angle": 0, "axis": "y", "origin": [8, -8.65, 8]},
			"faces": {
				"north": {"uv": [7.25, 0.5, 7.75, 0.625], "texture": "#1"},
				"east": {"uv": [9.25, 2, 9.5, 2.125], "texture": "#1"},
				"south": {"uv": [0.75, 7.25, 1.25, 7.375], "texture": "#1"},
				"west": {"uv": [2.25, 9.25, 2.5, 9.375], "texture": "#1"},
				"up": {"uv": [5, 4.75, 4.5, 4.5], "texture": "#1"},
				"down": {"uv": [1, 4.75, 0.5, 5], "texture": "#1"}
			}
		},
		{
			"from": [8.6, 2.4, 6.2],
			"to": [14, 3, 9.8],
			"rotation": {"angle": 0, "axis": "y", "origin": [8, -8.65, 8]},
			"faces": {
				"north": {"uv": [7.25, 0.75, 7.75, 0.875], "texture": "#1"},
				"east": {"uv": [9.25, 2.5, 9.5, 2.625], "texture": "#1"},
				"south": {"uv": [7.25, 1, 7.75, 1.125], "texture": "#1"},
				"west": {"uv": [2.75, 9.25, 3, 9.375], "texture": "#1"},
				"up": {"uv": [1.5, 5, 1, 4.75], "texture": "#1"},
				"down": {"uv": [2, 4.75, 1.5, 5], "texture": "#1"}
			}
		},
		{
			"from": [11.6, 4.2, 6.2],
			"to": [14, 4.8, 9.8],
			"rotation": {"angle": 0, "axis": "y", "origin": [8, -8.65, 8]},
			"faces": {
				"north": {"uv": [9.25, 1.5, 9.5, 1.625], "texture": "#1"},
				"east": {"uv": [1.75, 9.25, 2, 9.375], "texture": "#1"},
				"south": {"uv": [9.25, 1.75, 9.5, 1.875], "texture": "#1"},
				"west": {"uv": [2, 9.25, 2.25, 9.375], "texture": "#1"},
				"up": {"uv": [7.5, 0.5, 7.25, 0.25], "texture": "#1"},
				"down": {"uv": [0.75, 7.25, 0.5, 7.5], "texture": "#1"}
			}
		},
		{
			"from": [11.6, 1.8, 6.2],
			"to": [14, 2.4, 9.8],
			"rotation": {"angle": 0, "axis": "y", "origin": [8, -8.65, 8]},
			"faces": {
				"north": {"uv": [9.25, 3.25, 9.5, 3.375], "texture": "#1"},
				"east": {"uv": [3.5, 9.25, 3.75, 9.375], "texture": "#1"},
				"south": {"uv": [9.25, 3.5, 9.5, 3.625], "texture": "#1"},
				"west": {"uv": [3.75, 9.25, 4, 9.375], "texture": "#1"},
				"up": {"uv": [7.5, 2.25, 7.25, 2], "texture": "#1"},
				"down": {"uv": [2.5, 7.25, 2.25, 7.5], "texture": "#1"}
			}
		},
		{
			"from": [2, 6, 6.2],
			"to": [6.8, 6.6, 9.8],
			"rotation": {"angle": 0, "axis": "y", "origin": [8, -8.65, 8]},
			"faces": {
				"north": {"uv": [8, 8, 8.375, 8.125], "texture": "#1"},
				"east": {"uv": [9.25, 7.75, 9.5, 7.875], "texture": "#1"},
				"south": {"uv": [8.25, 0, 8.625, 0.125], "texture": "#1"},
				"west": {"uv": [8, 9.25, 8.25, 9.375], "texture": "#1"},
				"up": {"uv": [3.375, 6.25, 3, 6], "texture": "#1"},
				"down": {"uv": [6.375, 3, 6, 3.25], "texture": "#1"}
			}
		},
		{
			"from": [2.6, 3.6, 6.2],
			"to": [7.4, 4.2, 9.8],
			"rotation": {"angle": 0, "axis": "y", "origin": [8, -8.65, 8]},
			"faces": {
				"north": {"uv": [1, 8.25, 1.375, 8.375], "texture": "#1"},
				"east": {"uv": [9.25, 8, 9.5, 8.125], "texture": "#1"},
				"south": {"uv": [8.25, 1, 8.625, 1.125], "texture": "#1"},
				"west": {"uv": [8.25, 9.25, 8.5, 9.375], "texture": "#1"},
				"up": {"uv": [6.375, 3.5, 6, 3.25], "texture": "#1"},
				"down": {"uv": [3.875, 6, 3.5, 6.25], "texture": "#1"}
			}
		},
		{
			"from": [2, 2.4, 6.2],
			"to": [6.8, 3, 9.8],
			"rotation": {"angle": 0, "axis": "y", "origin": [8, -8.65, 8]},
			"faces": {
				"north": {"uv": [1.5, 8.25, 1.875, 8.375], "texture": "#1"},
				"east": {"uv": [9.25, 8.25, 9.5, 8.375], "texture": "#1"},
				"south": {"uv": [8.25, 1.5, 8.625, 1.625], "texture": "#1"},
				"west": {"uv": [8.5, 9.25, 8.75, 9.375], "texture": "#1"},
				"up": {"uv": [6.375, 3.75, 6, 3.5], "texture": "#1"},
				"down": {"uv": [6.375, 3.75, 6, 4], "texture": "#1"}
			}
		},
		{
			"from": [2, 5.4, 6.2],
			"to": [7.4, 6, 9.8],
			"rotation": {"angle": 0, "axis": "y", "origin": [8, -8.65, 8]},
			"faces": {
				"north": {"uv": [7.25, 6, 7.75, 6.125], "texture": "#1"},
				"east": {"uv": [9.25, 8.5, 9.5, 8.625], "texture": "#1"},
				"south": {"uv": [6.25, 7.25, 6.75, 7.375], "texture": "#1"},
				"west": {"uv": [8.75, 9.25, 9, 9.375], "texture": "#1"},
				"up": {"uv": [2.5, 5.25, 2, 5], "texture": "#1"},
				"down": {"uv": [5.5, 2, 5, 2.25], "texture": "#1"}
			}
		},
		{
			"from": [2, 4.8, 6.2],
			"to": [7.4, 5.4, 9.8],
			"rotation": {"angle": 0, "axis": "y", "origin": [8, -8.65, 8]},
			"faces": {
				"north": {"uv": [7.25, 6.25, 7.75, 6.375], "texture": "#1"},
				"east": {"uv": [9.25, 8.75, 9.5, 8.875], "texture": "#1"},
				"south": {"uv": [7.25, 6.5, 7.75, 6.625], "texture": "#1"},
				"west": {"uv": [9, 9.25, 9.25, 9.375], "texture": "#1"},
				"up": {"uv": [5.5, 2.5, 5, 2.25], "texture": "#1"},
				"down": {"uv": [3, 5, 2.5, 5.25], "texture": "#1"}
			}
		},
		{
			"from": [2, 3, 6.2],
			"to": [7.4, 3.6, 9.8],
			"rotation": {"angle": 0, "axis": "y", "origin": [8, -8.65, 8]},
			"faces": {
				"north": {"uv": [6.75, 7.25, 7.25, 7.375], "texture": "#1"},
				"east": {"uv": [9.25, 9, 9.5, 9.125], "texture": "#1"},
				"south": {"uv": [7.25, 7.25, 7.75, 7.375], "texture": "#1"},
				"west": {"uv": [9.25, 9.25, 9.5, 9.375], "texture": "#1"},
				"up": {"uv": [5.5, 2.75, 5, 2.5], "texture": "#1"},
				"down": {"uv": [5.5, 2.75, 5, 3], "texture": "#1"}
			}
		},
		{
			"from": [2, 0, 6.2],
			"to": [7.4, 1.8, 9.8],
			"rotation": {"angle": 0, "axis": "y", "origin": [8, -8.65, 8]},
			"faces": {
				"north": {"uv": [0, 7.5, 0.5, 7.625], "texture": "#1"},
				"east": {"uv": [0, 9.5, 0.25, 9.625], "texture": "#1"},
				"south": {"uv": [7.5, 0.25, 8, 0.375], "texture": "#1"},
				"west": {"uv": [9.5, 0, 9.75, 0.125], "texture": "#1"},
				"up": {"uv": [3.5, 5.25, 3, 5], "texture": "#1"},
				"down": {"uv": [5.5, 3, 5, 3.25], "texture": "#1"}
			}
		},
		{
			"from": [5, 4.2, 6.2],
			"to": [7.4, 4.8, 9.8],
			"rotation": {"angle": 0, "axis": "y", "origin": [8, -8.65, 8]},
			"faces": {
				"north": {"uv": [0.25, 9.5, 0.5, 9.625], "texture": "#1"},
				"east": {"uv": [9.5, 0.25, 9.75, 0.375], "texture": "#1"},
				"south": {"uv": [0.5, 9.5, 0.75, 9.625], "texture": "#1"},
				"west": {"uv": [9.5, 0.5, 9.75, 0.625], "texture": "#1"},
				"up": {"uv": [0.75, 7.75, 0.5, 7.5], "texture": "#1"},
				"down": {"uv": [1, 7.5, 0.75, 7.75], "texture": "#1"}
			}
		},
		{
			"from": [2, 1.8, 6.2],
			"to": [4.4, 2.4, 9.8],
			"rotation": {"angle": 0, "axis": "y", "origin": [8, -8.65, 8]},
			"faces": {
				"north": {"uv": [0.75, 9.5, 1, 9.625], "texture": "#1"},
				"east": {"uv": [9.5, 0.75, 9.75, 0.875], "texture": "#1"},
				"south": {"uv": [1, 9.5, 1.25, 9.625], "texture": "#1"},
				"west": {"uv": [9.5, 1, 9.75, 1.125], "texture": "#1"},
				"up": {"uv": [1.25, 7.75, 1, 7.5], "texture": "#1"},
				"down": {"uv": [1.5, 7.5, 1.25, 7.75], "texture": "#1"}
			}
		},
		{
			"from": [8.6, 7.5, 6.2],
			"to": [11, 14.1, 9.8],
			"rotation": {"angle": 0, "axis": "y", "origin": [8, -8.65, 8]},
			"faces": {
				"north": {"uv": [0.5, 5, 0.75, 5.5], "texture": "#1"},
				"east": {"uv": [5, 0.5, 5.25, 1], "texture": "#1"},
				"south": {"uv": [0.75, 5, 1, 5.5], "texture": "#1"},
				"west": {"uv": [1, 5, 1.25, 5.5], "texture": "#1"},
				"up": {"uv": [5.75, 7.5, 5.5, 7.25], "texture": "#1"},
				"down": {"uv": [6, 7.25, 5.75, 7.5], "texture": "#1"}
			}
		},
		{
			"from": [11.6, 7.5, 6.2],
			"to": [14, 14.1, 9.8],
			"rotation": {"angle": 0, "axis": "y", "origin": [8, -8.65, 8]},
			"faces": {
				"north": {"uv": [5, 1, 5.25, 1.5], "texture": "#1"},
				"east": {"uv": [1.25, 5, 1.5, 5.5], "texture": "#1"},
				"south": {"uv": [1.5, 5, 1.75, 5.5], "texture": "#1"},
				"west": {"uv": [1.75, 5, 2, 5.5], "texture": "#1"},
				"up": {"uv": [7.5, 6, 7.25, 5.75], "texture": "#1"},
				"down": {"uv": [6.25, 7.25, 6, 7.5], "texture": "#1"}
			}
		},
		{
			"from": [11, 7.5, 6.2],
			"to": [11.6, 9.3, 9.8],
			"rotation": {"angle": 0, "axis": "y", "origin": [8, -8.65, 8]},
			"faces": {
				"north": {"uv": [8.75, 10.5, 8.875, 10.625], "texture": "#1"},
				"east": {"uv": [9.25, 6.75, 9.5, 6.875], "texture": "#1"},
				"south": {"uv": [10.5, 8.75, 10.625, 8.875], "texture": "#1"},
				"west": {"uv": [7, 9.25, 7.25, 9.375], "texture": "#1"},
				"up": {"uv": [9.375, 7.25, 9.25, 7], "texture": "#1"},
				"down": {"uv": [7.375, 9.25, 7.25, 9.5], "texture": "#1"}
			}
		},
		{
			"from": [11, 12.3, 6.2],
			"to": [11.6, 14.1, 9.8],
			"rotation": {"angle": 0, "axis": "y", "origin": [8, -8.65, 8]},
			"faces": {
				"north": {"uv": [9, 10.5, 9.125, 10.625], "texture": "#1"},
				"east": {"uv": [9.25, 7.25, 9.5, 7.375], "texture": "#1"},
				"south": {"uv": [10.5, 9, 10.625, 9.125], "texture": "#1"},
				"west": {"uv": [7.5, 9.25, 7.75, 9.375], "texture": "#1"},
				"up": {"uv": [9.375, 7.75, 9.25, 7.5], "texture": "#1"},
				"down": {"uv": [7.875, 9.25, 7.75, 9.5], "texture": "#1"}
			}
		},
		{
			"from": [2.06, 13.5, 6.2],
			"to": [6.86, 14.1, 9.8],
			"rotation": {"angle": 0, "axis": "y", "origin": [8, -8.65, 8]},
			"faces": {
				"north": {"uv": [8, 6.75, 8.375, 6.875], "texture": "#1"},
				"east": {"uv": [9.25, 4, 9.5, 4.125], "texture": "#1"},
				"south": {"uv": [7, 8, 7.375, 8.125], "texture": "#1"},
				"west": {"uv": [4.25, 9.25, 4.5, 9.375], "texture": "#1"},
				"up": {"uv": [6.375, 1.25, 6, 1], "texture": "#1"},
				"down": {"uv": [1.625, 6, 1.25, 6.25], "texture": "#1"}
			}
		},
		{
			"from": [2.66, 11.1, 6.2],
			"to": [7.46, 11.7, 9.8],
			"rotation": {"angle": 0, "axis": "y", "origin": [8, -8.65, 8]},
			"faces": {
				"north": {"uv": [8, 7, 8.375, 7.125], "texture": "#1"},
				"east": {"uv": [9.25, 4.25, 9.5, 4.375], "texture": "#1"},
				"south": {"uv": [7.5, 8, 7.875, 8.125], "texture": "#1"},
				"west": {"uv": [4.5, 9.25, 4.75, 9.375], "texture": "#1"},
				"up": {"uv": [6.375, 1.5, 6, 1.25], "texture": "#1"},
				"down": {"uv": [2.375, 6, 2, 6.25], "texture": "#1"}
			}
		},
		{
			"from": [2.06, 9.9, 6.2],
			"to": [6.86, 10.5, 9.8],
			"rotation": {"angle": 0, "axis": "y", "origin": [8, -8.65, 8]},
			"faces": {
				"north": {"uv": [8, 7.5, 8.375, 7.625], "texture": "#1"},
				"east": {"uv": [9.25, 4.5, 9.5, 4.625], "texture": "#1"},
				"south": {"uv": [8, 7.75, 8.375, 7.875], "texture": "#1"},
				"west": {"uv": [4.75, 9.25, 5, 9.375], "texture": "#1"},
				"up": {"uv": [2.875, 6.25, 2.5, 6], "texture": "#1"},
				"down": {"uv": [6.375, 2.75, 6, 3], "texture": "#1"}
			}
		},
		{
			"from": [2.06, 12.9, 6.2],
			"to": [7.46, 13.5, 9.8],
			"rotation": {"angle": 0, "axis": "y", "origin": [8, -8.65, 8]},
			"faces": {
				"north": {"uv": [7.25, 2.25, 7.75, 2.375], "texture": "#1"},
				"east": {"uv": [9.25, 4.75, 9.5, 4.875], "texture": "#1"},
				"south": {"uv": [2.5, 7.25, 3, 7.375], "texture": "#1"},
				"west": {"uv": [5, 9.25, 5.25, 9.375], "texture": "#1"},
				"up": {"uv": [4, 5, 3.5, 4.75], "texture": "#1"},
				"down": {"uv": [5.25, 3.5, 4.75, 3.75], "texture": "#1"}
			}
		},
		{
			"from": [2.06, 12.3, 6.2],
			"to": [7.46, 12.9, 9.8],
			"rotation": {"angle": 0, "axis": "y", "origin": [8, -8.65, 8]},
			"faces": {
				"north": {"uv": [7.25, 2.5, 7.75, 2.625], "texture": "#1"},
				"east": {"uv": [9.25, 5, 9.5, 5.125], "texture": "#1"},
				"south": {"uv": [3, 7.25, 3.5, 7.375], "texture": "#1"},
				"west": {"uv": [5.25, 9.25, 5.5, 9.375], "texture": "#1"},
				"up": {"uv": [5.25, 4, 4.75, 3.75], "texture": "#1"},
				"down": {"uv": [4.5, 4.75, 4, 5], "texture": "#1"}
			}
		},
		{
			"from": [2.06, 10.5, 6.2],
			"to": [7.46, 11.1, 9.8],
			"rotation": {"angle": 0, "axis": "y", "origin": [8, -8.65, 8]},
			"faces": {
				"north": {"uv": [3.5, 7.25, 4, 7.375], "texture": "#1"},
				"east": {"uv": [9.25, 5.25, 9.5, 5.375], "texture": "#1"},
				"south": {"uv": [4, 7.25, 4.5, 7.375], "texture": "#1"},
				"west": {"uv": [5.5, 9.25, 5.75, 9.375], "texture": "#1"},
				"up": {"uv": [5.25, 4.25, 4.75, 4], "texture": "#1"},
				"down": {"uv": [5, 4.75, 4.5, 5], "texture": "#1"}
			}
		},
		{
			"from": [2.06, 7.5, 6.2],
			"to": [7.46, 9.3, 9.8],
			"rotation": {"angle": 0, "axis": "y", "origin": [8, -8.65, 8]},
			"faces": {
				"north": {"uv": [7.25, 4, 7.75, 4.125], "texture": "#1"},
				"east": {"uv": [9.25, 5.5, 9.5, 5.625], "texture": "#1"},
				"south": {"uv": [7.25, 4.25, 7.75, 4.375], "texture": "#1"},
				"west": {"uv": [5.75, 9.25, 6, 9.375], "texture": "#1"},
				"up": {"uv": [5.5, 0.25, 5, 0], "texture": "#1"},
				"down": {"uv": [5.5, 0.25, 5, 0.5], "texture": "#1"}
			}
		},
		{
			"from": [5.06, 11.7, 6.2],
			"to": [7.46, 12.3, 9.8],
			"rotation": {"angle": 0, "axis": "y", "origin": [8, -8.65, 8]},
			"faces": {
				"north": {"uv": [9.25, 5.75, 9.5, 5.875], "texture": "#1"},
				"east": {"uv": [6, 9.25, 6.25, 9.375], "texture": "#1"},
				"south": {"uv": [9.25, 6, 9.5, 6.125], "texture": "#1"},
				"west": {"uv": [6.25, 9.25, 6.5, 9.375], "texture": "#1"},
				"up": {"uv": [4.75, 7.5, 4.5, 7.25], "texture": "#1"},
				"down": {"uv": [5, 7.25, 4.75, 7.5], "texture": "#1"}
			}
		},
		{
			"from": [2.06, 9.3, 6.2],
			"to": [4.46, 9.9, 9.8],
			"rotation": {"angle": 0, "axis": "y", "origin": [8, -8.65, 8]},
			"faces": {
				"north": {"uv": [9.25, 6.25, 9.5, 6.375], "texture": "#1"},
				"east": {"uv": [6.5, 9.25, 6.75, 9.375], "texture": "#1"},
				"south": {"uv": [9.25, 6.5, 9.5, 6.625], "texture": "#1"},
				"west": {"uv": [6.75, 9.25, 7, 9.375], "texture": "#1"},
				"up": {"uv": [5.25, 7.5, 5, 7.25], "texture": "#1"},
				"down": {"uv": [5.5, 7.25, 5.25, 7.5], "texture": "#1"}
			}
		}
	],
	"display": {
		"ground": {
			"translation": [0, 3, 0]
		},
		"gui": {
			"rotation": [25, -25, 0],
			"translation": [0, 0.75, 0],
			"scale": [0.9, 0.9, 0.9]
		},
		"head": {
			"rotation": [0, 180, 0],
			"translation": [0, -19.25, 0],
			"scale": [1.5, 1.5, 1.5]
		},
		"fixed": {
			"rotation": [0, 180, 0]
		}
	},
	"groups": [
		{
			"name": "2023",
			"origin": [12.2, 8, 10.1],
			"color": 0,
			"children": [
				{
					"name": "3",
					"origin": [13.7, 4.5, 14.6],
					"color": 0,
					"children": [0, 1, 2, 3, 4, 5, 6, 7, 8, 9, 10]
				},
				{
					"name": "2",
					"origin": [13.7, 4.5, 14.6],
					"color": 0,
					"children": [11, 12, 13, 14, 15, 16, 17, 18, 19]
				},
				{
					"name": "0",
					"origin": [1.7, 6.5, 11.6],
					"color": 0,
					"children": [20, 21, 22, 23]
				},
				{
					"name": "2",
					"origin": [13.7, 4.5, 14.6],
					"color": 0,
					"children": [24, 25, 26, 27, 28, 29, 30, 31, 32]
				}
			]
		}
	]
}