{
    "model": {
        "type": "range_dispatch",
        "property": "custom_model_data",
        "fallback": {
            "type": "model",
            "model": "minecraft:item/golden_helmet"
        },
        "entries": [
            {
                "threshold": 100,
                "model": {
                    "type": "model",
                    "model": "item/misc/santa_hat"
                }
            },
            {
                "threshold": 101,
                "model": {
                    "type": "model",
                    "model": "item/misc/cone_hat"
                }
            },
            {
                "threshold": 102,
                "model": {
                    "type": "model",
                    "model": "item/misc/axolotl_hat"
                }
            },
            {
                "threshold": 2000,
                "model": {
                    "type": "model",
                    "model": "item/skins/armor/helmet/bronze"
                }
            },
            {
                "threshold": 2001,
                "model": {
                    "type": "model",
                    "model": "item/skins/armor/helmet/oxidized_copper"
                }
            },
            {
                "threshold": 2002,
                "model": {
                    "type": "model",
                    "model": "item/skins/armor/helmet/silver"
                }
            },
            {
                "threshold": 2003,
                "model": {
                    "type": "model",
                    "model": "item/skins/armor/helmet/cobalt"
                }
            },
            {
                "threshold": 2004,
                "model": {
                    "type": "model",
                    "model": "item/skins/armor/helmet/amethyst"
                }
            },
            {
                "threshold": 2005,
                "model": {
                    "type": "model",
                    "model": "item/skins/armor/helmet/ruby"
                }
            },
            {
                "threshold": 2006,
                "model": {
                    "type": "model",
                    "model": "item/skins/armor/helmet/sapphire"
                }
            },
            {
                "threshold": 2007,
                "model": {
                    "type": "model",
                    "model": "item/skins/armor/helmet/emerald"
                }
            },
            {
                "threshold": 2008,
                "model": {
                    "type": "model",
                    "model": "item/skins/armor/helmet/ender"
                }
            },
            {
                "threshold": 2009,
                "model": {
                    "type": "model",
                    "model": "item/skins/armor/helmet/obsidian"
                }
            },
            {
                "threshold": 2010,
                "model": {
                    "type": "model",
                    "model": "item/skins/armor/helmet/frightening"
                }
            },
            {
                "threshold": 2011,
                "model": {
                    "type": "model",
                    "model": "item/skins/armor/helmet/leaf"
                }
            },
            {
                "threshold": 2012,
                "model": {
                    "type": "model",
                    "model": "item/skins/armor/helmet/deep_rock"
                }
            },
            {
                "threshold": 2013,
                "model": {
                    "type": "model",
                    "model": "item/skins/armor/helmet/ancient_blood"
                }
            },
            {
                "threshold": 2014,
                "model": {
                    "type": "model",
                    "model": "item/skins/armor/helmet/elderian"
                }
            },
            {
                "threshold": 2015,
                "model": {
                    "type": "model",
                    "model": "item/skins/armor/helmet/christmas"
                }
            },
            {
                "threshold": 2016,
                "model": {
                    "type": "model",
                    "model": "item/skins/armor/helmet/eros"
                }
            },
            {
                "threshold": 2017,
                "model": {
                    "type": "model",
                    "model": "item/skins/armor/helmet/easter"
                }
            },
            {
                "threshold": 2018,
                "model": {
                    "type": "model",
                    "model": "item/skins/armor/helmet/summer"
                }
            },
            {
                "threshold": 2019,
                "model": {
                    "type": "model",
                    "model": "item/skins/armor/helmet/pumpkin"
                }
            },
            {
                "threshold": 2020,
                "model": {
                    "type": "model",
                    "model": "item/skins/armor/helmet/rudolph"
                }
            },
            {
                "threshold": 2021,
                "model": {
                    "type": "model",
                    "model": "item/skins/armor/helmet/sparkly"
                }
            },
            {
                "threshold": 2022,
                "model": {
                    "type": "model",
                    "model": "item/skins/armor/helmet/valentines"
                }
            },
            {
                "threshold": 2023,
                "model": {
                    "type": "model",
                    "model": "item/skins/armor/helmet/lepr"
                }
            },
            {
                "threshold": 2024,
                "model": {
                    "type": "model",
                    "model": "item/skins/armor/helmet/spring"
                }
            },
            {
                "threshold": 2025,
                "model": {
                    "type": "model",
                    "model": "item/skins/armor/helmet/cosmic"
                }
            },
            {
                "threshold": 2026,
                "model": {
                    "type": "model",
                    "model": "item/skins/armor/helmet/holiday"
                }
            },
            {
                "threshold": 2027,
                "model": {
                    "type": "model",
                    "model": "item/skins/armor/helmet/astronaut"
                }
            },
            {
                "threshold": 2028,
                "model": {
                    "type": "model",
                    "model": "item/skins/armor/helmet/pilgrim"
                }
            },
            {
                "threshold": 2029,
                "model": {
                    "type": "model",
                    "model": "item/skins/armor/helmet/newyear"
                }
            },
            {
                "threshold": 2030,
                "model": {
                    "type": "model",
                    "model": "item/skins/armor/helmet/mummy"
                }
            },
            {
                "threshold": 2031,
                "model": {
                    "type": "model",
                    "model": "item/skins/armor/helmet/gingerbread"
                }
            },
            {
                "threshold": 2032,
                "model": {
                    "type": "model",
                    "model": "item/skins/armor/helmet/love"
                }
            }
        ]
    }
}