{
	"credit": "Made with Blockbench",
	"texture_size": [64, 64],
	"textures": {
		"0": "item/thanksgiving/turkey_alive",
		"particle": "item/thanksgiving/turkey_alive"
	},
	"elements": [
		{
			"from": [4, 10.7, 12.7],
			"to": [12, 12.7, 15.7],
			"rotation": {"angle": 0, "axis": "x", "origin": [8.65, 10.7, 12]},
			"faces": {
				"north": {"uv": [9, 3, 7, 2.5], "rotation": 180, "texture": "#0"},
				"east": {"uv": [3.75, 6, 4.25, 6.75], "rotation": 90, "texture": "#0"},
				"south": {"uv": [8.75, 7, 6.75, 7.5], "texture": "#0"},
				"west": {"uv": [2.75, 8.5, 3.25, 9.25], "rotation": 270, "texture": "#0"},
				"up": {"uv": [6.25, 5.5, 8.25, 6.25], "texture": "#0"},
				"down": {"uv": [6.25, 4.75, 8.25, 5.5], "rotation": 180, "texture": "#0"}
			}
		},
		{
			"from": [5.5, 10.7, 11.95],
			"to": [11, 12.7, 12.7],
			"rotation": {"angle": 0, "axis": "x", "origin": [8.65, 10.7, 12]},
			"faces": {
				"north": {"uv": [9.375, 1.5, 8, 1], "rotation": 180, "texture": "#0"},
				"east": {"uv": [10.5, 0.25, 11, 0.5], "rotation": 90, "texture": "#0"},
				"south": {"uv": [9.375, 1.5, 8, 2], "texture": "#0"},
				"west": {"uv": [10.5, 0.5, 11, 0.75], "rotation": 270, "texture": "#0"},
				"up": {"uv": [1.5, 9.5, 2.875, 9.75], "texture": "#0"},
				"down": {"uv": [9.25, 6.75, 10.625, 7], "rotation": 180, "texture": "#0"}
			}
		},
		{
			"from": [4, 10.8, 15.7],
			"to": [11, 12.6, 16.7],
			"rotation": {"angle": 0, "axis": "x", "origin": [8.65, 10.7, 12]},
			"faces": {
				"north": {"uv": [9.5, 8, 7.75, 7.5], "rotation": 180, "texture": "#0"},
				"east": {"uv": [5.75, 6.75, 6.25, 7], "rotation": 90, "texture": "#0"},
				"south": {"uv": [9.75, 0, 8, 0.5], "texture": "#0"},
				"west": {"uv": [10.5, 0, 11, 0.25], "rotation": 270, "texture": "#0"},
				"up": {"uv": [8.25, 8.25, 10, 8.5], "texture": "#0"},
				"down": {"uv": [8.25, 8, 10, 8.25], "rotation": 180, "texture": "#0"}
			}
		},
		{
			"from": [4, 10.9, 16.7],
			"to": [10, 12.5, 17.7],
			"rotation": {"angle": 0, "axis": "x", "origin": [8.65, 10.7, 12]},
			"faces": {
				"north": {"uv": [9.75, 3.375, 8.25, 3], "rotation": 180, "texture": "#0"},
				"east": {"uv": [3.75, 10.75, 4.125, 11], "rotation": 90, "texture": "#0"},
				"south": {"uv": [9.75, 3.5, 8.25, 3.875], "texture": "#0"},
				"west": {"uv": [4.25, 10.75, 4.625, 11], "rotation": 270, "texture": "#0"},
				"up": {"uv": [9, 2.5, 10.5, 2.75], "texture": "#0"},
				"down": {"uv": [0, 9, 1.5, 9.25], "rotation": 180, "texture": "#0"}
			}
		},
		{
			"from": [3, 10.9, 14.7],
			"to": [4, 12.5, 17.7],
			"rotation": {"angle": 0, "axis": "x", "origin": [8.65, 10.7, 12]},
			"faces": {
				"north": {"uv": [11, 3.375, 10.75, 3], "rotation": 180, "texture": "#0"},
				"east": {"uv": [5.5, 9.5, 5.875, 10.25], "rotation": 90, "texture": "#0"},
				"south": {"uv": [3.75, 10.75, 3.5, 11.125], "texture": "#0"},
				"west": {"uv": [6, 9.5, 6.375, 10.25], "rotation": 270, "texture": "#0"},
				"up": {"uv": [0, 10.25, 0.25, 11], "texture": "#0"},
				"down": {"uv": [10, 10, 10.25, 10.75], "rotation": 180, "texture": "#0"}
			}
		},
		{
			"from": [2, 11.1, 16.2],
			"to": [3, 12.3, 19.2],
			"rotation": {"angle": 0, "axis": "x", "origin": [8.65, 10.7, 12]},
			"faces": {
				"north": {"uv": [1.25, 11.25, 1, 11], "rotation": 180, "texture": "#0"},
				"east": {"uv": [5.5, 7.5, 5.75, 8.25], "rotation": 90, "texture": "#0"},
				"south": {"uv": [1.5, 11, 1.25, 11.25], "texture": "#0"},
				"west": {"uv": [7.5, 8.5, 7.75, 9.25], "rotation": 270, "texture": "#0"},
				"up": {"uv": [4.75, 8, 5, 8.75], "texture": "#0"},
				"down": {"uv": [2.25, 4, 2.5, 4.75], "rotation": 180, "texture": "#0"}
			}
		},
		{
			"from": [1.7, 11.2, 17.7],
			"to": [2, 12.2, 19.5],
			"rotation": {"angle": 0, "axis": "x", "origin": [8.65, 10.7, 12]},
			"faces": {
				"north": {"uv": [11.625, 5, 11.5, 4.75], "rotation": 180, "texture": "#0"},
				"east": {"uv": [2.25, 4.75, 2.5, 5.25], "rotation": 90, "texture": "#0"},
				"south": {"uv": [6.375, 11.5, 6.25, 11.75], "texture": "#0"},
				"west": {"uv": [5.25, 8.75, 5.5, 9.25], "rotation": 270, "texture": "#0"},
				"up": {"uv": [11, 0.75, 11.125, 1.25], "texture": "#0"},
				"down": {"uv": [0.75, 11, 0.875, 11.5], "rotation": 180, "texture": "#0"}
			}
		},
		{
			"from": [3, 11.1, 17.7],
			"to": [9, 12.3, 18.5],
			"rotation": {"angle": 0, "axis": "x", "origin": [8.65, 10.7, 12]},
			"faces": {
				"north": {"uv": [10.25, 7.5, 8.75, 7.25], "rotation": 180, "texture": "#0"},
				"east": {"uv": [6.5, 8.25, 6.75, 8.5], "rotation": 90, "texture": "#0"},
				"south": {"uv": [9.75, 8.75, 8.25, 9], "texture": "#0"},
				"west": {"uv": [10.75, 10.5, 11, 10.75], "rotation": 270, "texture": "#0"},
				"up": {"uv": [8.75, 7, 10.25, 7.25], "texture": "#0"},
				"down": {"uv": [0, 8.75, 1.5, 9], "rotation": 180, "texture": "#0"}
			}
		},
		{
			"from": [4, 12, 5],
			"to": [12, 13, 11],
			"rotation": {"angle": 0, "axis": "y", "origin": [8, 12.5, 8]},
			"faces": {
				"north": {"uv": [8.25, 5, 10.25, 5.25], "texture": "#0"},
				"east": {"uv": [6, 9.25, 7.5, 9.5], "texture": "#0"},
				"south": {"uv": [8.25, 5.25, 10.25, 5.5], "texture": "#0"},
				"west": {"uv": [9.25, 6, 10.75, 6.25], "texture": "#0"},
				"up": {"uv": [7, 3.25, 5, 1.75], "texture": "#0"},
				"down": {"uv": [6.25, 5.25, 4.25, 6.75], "texture": "#0"}
			}
		},
		{
			"from": [-0.1, 15.6, 2],
			"to": [4.9, 16.1, 3],
			"rotation": {"angle": -45, "axis": "z", "origin": [0.25, 15.85, 8]},
			"faces": {
				"north": {"uv": [10.25, 8.75, 11.5, 8.875], "texture": "#0"},
				"east": {"uv": [11.5, 7, 11.75, 7.125], "texture": "#0"},
				"south": {"uv": [10.25, 9, 11.5, 9.125], "texture": "#0"},
				"west": {"uv": [11.5, 7.25, 11.75, 7.375], "texture": "#0"},
				"up": {"uv": [2.75, 9, 1.5, 8.75], "texture": "#0"},
				"down": {"uv": [2.75, 9, 1.5, 9.25], "texture": "#0"}
			}
		},
		{
			"from": [0.9, 15.6, 1],
			"to": [3.9, 16.1, 2],
			"rotation": {"angle": -45, "axis": "z", "origin": [0.25, 15.85, 8]},
			"faces": {
				"north": {"uv": [5.75, 10.75, 6.5, 10.875], "texture": "#0"},
				"east": {"uv": [11.5, 8, 11.75, 8.125], "texture": "#0"},
				"south": {"uv": [10.75, 5.75, 11.5, 5.875], "texture": "#0"},
				"west": {"uv": [11.5, 8.25, 11.75, 8.375], "texture": "#0"},
				"up": {"uv": [11, 5.25, 10.25, 5], "texture": "#0"},
				"down": {"uv": [11, 5.25, 10.25, 5.5], "texture": "#0"}
			}
		},
		{
			"from": [-0.1, 15.6, 13],
			"to": [4.9, 16.1, 14],
			"rotation": {"angle": -45, "axis": "z", "origin": [0.25, 15.85, 8]},
			"faces": {
				"north": {"uv": [10.25, 7, 11.5, 7.125], "texture": "#0"},
				"east": {"uv": [6.75, 11.5, 7, 11.625], "texture": "#0"},
				"south": {"uv": [10.25, 7.25, 11.5, 7.375], "texture": "#0"},
				"west": {"uv": [7, 11.5, 7.25, 11.625], "texture": "#0"},
				"up": {"uv": [6.25, 3.5, 5, 3.25], "texture": "#0"},
				"down": {"uv": [8.25, 3, 7, 3.25], "texture": "#0"}
			}
		},
		{
			"from": [0.9, 15.6, 14],
			"to": [3.9, 16.1, 15],
			"rotation": {"angle": -45, "axis": "z", "origin": [0.25, 15.85, 8]},
			"faces": {
				"north": {"uv": [10.75, 4.75, 11.5, 4.875], "texture": "#0"},
				"east": {"uv": [7.75, 11.5, 8, 11.625], "texture": "#0"},
				"south": {"uv": [10.75, 5.5, 11.5, 5.625], "texture": "#0"},
				"west": {"uv": [8, 11.5, 8.25, 11.625], "texture": "#0"},
				"up": {"uv": [11, 4.25, 10.25, 4], "texture": "#0"},
				"down": {"uv": [11, 4.25, 10.25, 4.5], "texture": "#0"}
			}
		},
		{
			"from": [-1, 15.6, 3],
			"to": [6, 16.1, 13],
			"rotation": {"angle": -45, "axis": "z", "origin": [0.25, 15.85, 8]},
			"faces": {
				"north": {"uv": [10, 8.5, 11.75, 8.625], "texture": "#0"},
				"east": {"uv": [9.5, 2.25, 12, 2.375], "texture": "#0"},
				"south": {"uv": [10, 9.75, 11.75, 9.875], "texture": "#0"},
				"west": {"uv": [3, 9.5, 5.5, 9.625], "texture": "#0"},
				"up": {"uv": [4.25, 6, 2.5, 3.5], "texture": "#0"},
				"down": {"uv": [1.75, 4, 0, 6.5], "texture": "#0"}
			}
		},
		{
			"from": [-2, 15.6, 10],
			"to": [-1, 16.1, 12],
			"rotation": {"angle": -45, "axis": "z", "origin": [0.25, 15.85, 8]},
			"faces": {
				"north": {"uv": [10.75, 11, 11.25, 11.125], "texture": "#0"},
				"east": {"uv": [11, 10.75, 11.5, 10.875], "texture": "#0"},
				"south": {"uv": [11.25, 0, 11.75, 0.125], "texture": "#0"},
				"west": {"uv": [11.25, 0.25, 11.75, 0.375], "texture": "#0"},
				"up": {"uv": [2.5, 10.25, 2, 9.75], "texture": "#0"},
				"down": {"uv": [3, 9.75, 2.5, 10.25], "texture": "#0"}
			}
		},
		{
			"from": [-2, 15.6, 7],
			"to": [-1, 16.1, 9],
			"rotation": {"angle": -45, "axis": "z", "origin": [0.25, 15.85, 8]},
			"faces": {
				"north": {"uv": [11.25, 1.25, 11.75, 1.375], "texture": "#0"},
				"east": {"uv": [11.25, 1.5, 11.75, 1.625], "texture": "#0"},
				"south": {"uv": [11.25, 1.75, 11.75, 1.875], "texture": "#0"},
				"west": {"uv": [2, 11.25, 2.5, 11.375], "texture": "#0"},
				"up": {"uv": [4, 10.25, 3.5, 9.75], "texture": "#0"},
				"down": {"uv": [10.25, 3.5, 9.75, 4], "texture": "#0"}
			}
		},
		{
			"from": [-2, 15.6, 4],
			"to": [-1, 16.1, 6],
			"rotation": {"angle": -45, "axis": "z", "origin": [0.25, 15.85, 8]},
			"faces": {
				"north": {"uv": [11.25, 0.5, 11.75, 0.625], "texture": "#0"},
				"east": {"uv": [11.25, 0.75, 11.75, 0.875], "texture": "#0"},
				"south": {"uv": [1, 11.25, 1.5, 11.375], "texture": "#0"},
				"west": {"uv": [11.25, 1, 11.75, 1.125], "texture": "#0"},
				"up": {"uv": [3.5, 10.25, 3, 9.75], "texture": "#0"},
				"down": {"uv": [10.25, 3, 9.75, 3.5], "texture": "#0"}
			}
		},
		{
			"from": [4, 4, 5],
			"to": [12, 5, 11],
			"rotation": {"angle": 0, "axis": "y", "origin": [8, 4.5, 8]},
			"faces": {
				"north": {"uv": [8.25, 5.5, 10.25, 5.75], "texture": "#0"},
				"east": {"uv": [9.25, 6.25, 10.75, 6.5], "texture": "#0"},
				"south": {"uv": [8.25, 5.75, 10.25, 6], "texture": "#0"},
				"west": {"uv": [9.25, 6.5, 10.75, 6.75], "texture": "#0"},
				"up": {"uv": [3.75, 7.5, 1.75, 6], "texture": "#0"},
				"down": {"uv": [8.25, 3.25, 6.25, 4.75], "texture": "#0"}
			}
		},
		{
			"from": [7.4, 0, 4.5],
			"to": [9.4, 1, 7.5],
			"rotation": {"angle": 0, "axis": "y", "origin": [7.9, 0.5, 5]},
			"faces": {
				"north": {"uv": [4.5, 10.5, 5, 10.75], "texture": "#0"},
				"east": {"uv": [3.25, 10.25, 4, 10.5], "texture": "#0"},
				"south": {"uv": [5, 10.5, 5.5, 10.75], "texture": "#0"},
				"west": {"uv": [10.25, 3.75, 11, 4], "texture": "#0"},
				"up": {"uv": [8, 10, 7.5, 9.25], "texture": "#0"},
				"down": {"uv": [8.5, 9.25, 8, 10], "texture": "#0"}
			}
		},
		{
			"from": [9.4, 0, 4.5],
			"to": [10.4, 1, 5.5],
			"rotation": {"angle": 0, "axis": "y", "origin": [9.9, 0.5, 5]},
			"faces": {
				"north": {"uv": [6, 11, 6.25, 11.25], "texture": "#0"},
				"east": {"uv": [6.25, 11, 6.5, 11.25], "texture": "#0"},
				"south": {"uv": [6.5, 11, 6.75, 11.25], "texture": "#0"},
				"west": {"uv": [6.75, 11, 7, 11.25], "texture": "#0"},
				"up": {"uv": [7.25, 11.25, 7, 11], "texture": "#0"},
				"down": {"uv": [7.5, 11, 7.25, 11.25], "texture": "#0"}
			}
		},
		{
			"from": [9.4, 0, 6.5],
			"to": [10.4, 1, 7.5],
			"rotation": {"angle": 0, "axis": "y", "origin": [9.9, 0.5, 7]},
			"faces": {
				"north": {"uv": [3.75, 11, 4, 11.25], "texture": "#0"},
				"east": {"uv": [11, 3.75, 11.25, 4], "texture": "#0"},
				"south": {"uv": [4, 11, 4.25, 11.25], "texture": "#0"},
				"west": {"uv": [11, 4, 11.25, 4.25], "texture": "#0"},
				"up": {"uv": [4.5, 11.25, 4.25, 11], "texture": "#0"},
				"down": {"uv": [11.25, 4.25, 11, 4.5], "texture": "#0"}
			}
		},
		{
			"from": [7.4, 1, 5.5],
			"to": [8.4, 4, 6.5],
			"rotation": {"angle": 0, "axis": "y", "origin": [11.4, 3.5, 8.5]},
			"faces": {
				"north": {"uv": [1.5, 10.25, 1.75, 11], "texture": "#0"},
				"east": {"uv": [1.75, 10.25, 2, 11], "texture": "#0"},
				"south": {"uv": [2, 10.25, 2.25, 11], "texture": "#0"},
				"west": {"uv": [2.25, 10.25, 2.5, 11], "texture": "#0"},
				"up": {"uv": [2.5, 11.25, 2.25, 11], "texture": "#0"},
				"down": {"uv": [2.75, 11, 2.5, 11.25], "texture": "#0"}
			}
		},
		{
			"from": [7.4, 0, 8.5],
			"to": [9.4, 1, 11.5],
			"rotation": {"angle": 0, "axis": "y", "origin": [7.9, 0.5, 9]},
			"faces": {
				"north": {"uv": [3.5, 10.5, 4, 10.75], "texture": "#0"},
				"east": {"uv": [1, 7.25, 1.75, 7.5], "texture": "#0"},
				"south": {"uv": [10.5, 3.5, 11, 3.75], "texture": "#0"},
				"west": {"uv": [10.25, 0.75, 11, 1], "texture": "#0"},
				"up": {"uv": [7, 9.25, 6.5, 8.5], "texture": "#0"},
				"down": {"uv": [7.5, 8.5, 7, 9.25], "texture": "#0"}
			}
		},
		{
			"from": [9.4, 0, 10.5],
			"to": [10.4, 1, 11.5],
			"rotation": {"angle": 0, "axis": "y", "origin": [9.9, 0.5, 11]},
			"faces": {
				"north": {"uv": [7.5, 11, 7.75, 11.25], "texture": "#0"},
				"east": {"uv": [11, 7.5, 11.25, 7.75], "texture": "#0"},
				"south": {"uv": [11, 7.75, 11.25, 8], "texture": "#0"},
				"west": {"uv": [8, 11, 8.25, 11.25], "texture": "#0"},
				"up": {"uv": [11.25, 8.25, 11, 8], "texture": "#0"},
				"down": {"uv": [8.5, 11, 8.25, 11.25], "texture": "#0"}
			}
		},
		{
			"from": [9.4, 0, 8.5],
			"to": [10.4, 1, 9.5],
			"rotation": {"angle": 0, "axis": "y", "origin": [9.9, 0.5, 9]},
			"faces": {
				"north": {"uv": [11, 9.5, 11.25, 9.75], "texture": "#0"},
				"east": {"uv": [9.75, 11, 10, 11.25], "texture": "#0"},
				"south": {"uv": [10, 11, 10.25, 11.25], "texture": "#0"},
				"west": {"uv": [10.25, 11, 10.5, 11.25], "texture": "#0"},
				"up": {"uv": [10.75, 11.25, 10.5, 11], "texture": "#0"},
				"down": {"uv": [11.25, 10.5, 11, 10.75], "texture": "#0"}
			}
		},
		{
			"from": [7.4, 1, 9.5],
			"to": [8.4, 4, 10.5],
			"rotation": {"angle": 0, "axis": "y", "origin": [11.4, 3.5, 12.5]},
			"faces": {
				"north": {"uv": [2.5, 10.25, 2.75, 11], "texture": "#0"},
				"east": {"uv": [2.75, 10.25, 3, 11], "texture": "#0"},
				"south": {"uv": [3, 10.25, 3.25, 11], "texture": "#0"},
				"west": {"uv": [10.25, 3, 10.5, 3.75], "texture": "#0"},
				"up": {"uv": [11.25, 2.75, 11, 2.5], "texture": "#0"},
				"down": {"uv": [3, 11, 2.75, 11.25], "texture": "#0"}
			}
		},
		{
			"from": [3, 5, 4],
			"to": [13, 12, 12],
			"rotation": {"angle": 0, "axis": "y", "origin": [8, 8.5, 8]},
			"faces": {
				"north": {"uv": [2.5, 0, 5, 1.75], "texture": "#0"},
				"east": {"uv": [4.25, 3.5, 6.25, 5.25], "texture": "#0"},
				"south": {"uv": [2.5, 1.75, 5, 3.5], "texture": "#0"},
				"west": {"uv": [5, 0, 7, 1.75], "texture": "#0"},
				"up": {"uv": [2.5, 2, 0, 0], "texture": "#0"},
				"down": {"uv": [2.5, 2, 0, 4], "texture": "#0"}
			}
		},
		{
			"from": [12, 8.9, 7],
			"to": [14, 13.9, 9],
			"rotation": {"angle": 0, "axis": "y", "origin": [15.8, 15.025, 8]},
			"faces": {
				"north": {"uv": [1.75, 4, 2.25, 5.25], "texture": "#0"},
				"east": {"uv": [5, 7.5, 5.5, 8.75], "texture": "#0"},
				"south": {"uv": [4.25, 8, 4.75, 9.25], "texture": "#0"},
				"west": {"uv": [7.75, 8, 8.25, 9.25], "texture": "#0"},
				"up": {"uv": [4.5, 10.25, 4, 9.75], "texture": "#0"},
				"down": {"uv": [10.25, 4, 9.75, 4.5], "texture": "#0"}
			}
		},
		{
			"from": [12, 9.9, 6],
			"to": [14, 10.9, 10],
			"rotation": {"angle": 0, "axis": "y", "origin": [15.8, 15.025, 8]},
			"faces": {
				"north": {"uv": [7.5, 10.5, 8, 10.75], "texture": "#0"},
				"east": {"uv": [4.5, 9.75, 5.5, 10], "texture": "#0"},
				"south": {"uv": [10.5, 7.5, 11, 7.75], "texture": "#0"},
				"west": {"uv": [9.75, 4.5, 10.75, 4.75], "texture": "#0"},
				"up": {"uv": [6, 9.25, 5.5, 8.25], "texture": "#0"},
				"down": {"uv": [6.5, 8.25, 6, 9.25], "texture": "#0"}
			}
		},
		{
			"from": [11, 9.9, 7],
			"to": [15, 10.9, 9],
			"rotation": {"angle": 0, "axis": "y", "origin": [15.8, 15.025, 8]},
			"faces": {
				"north": {"uv": [9.75, 4.75, 10.75, 5], "texture": "#0"},
				"east": {"uv": [10.5, 8.25, 11, 8.5], "texture": "#0"},
				"south": {"uv": [10, 1.5, 11, 1.75], "texture": "#0"},
				"west": {"uv": [10.25, 10.5, 10.75, 10.75], "texture": "#0"},
				"up": {"uv": [9.25, 6.5, 8.25, 6], "texture": "#0"},
				"down": {"uv": [9.25, 6.5, 8.25, 7], "texture": "#0"}
			}
		},
		{
			"from": [11.5, 13.9, 6.5],
			"to": [14.5, 14.4, 9.5],
			"rotation": {"angle": 0, "axis": "y", "origin": [15.8, 15.025, 8]},
			"faces": {
				"north": {"uv": [10.75, 6, 11.5, 6.125], "texture": "#0"},
				"east": {"uv": [10.75, 6.25, 11.5, 6.375], "texture": "#0"},
				"south": {"uv": [6.5, 10.75, 7.25, 10.875], "texture": "#0"},
				"west": {"uv": [10.75, 6.5, 11.5, 6.625], "texture": "#0"},
				"up": {"uv": [2.5, 6, 1.75, 5.25], "texture": "#0"},
				"down": {"uv": [1.75, 6.5, 1, 7.25], "texture": "#0"}
			}
		},
		{
			"from": [11, 14.4, 6],
			"to": [15, 19.4, 10],
			"rotation": {"angle": 0, "axis": "y", "origin": [15.8, 15.025, 8]},
			"faces": {
				"north": {"uv": [0, 6.5, 1, 7.75], "texture": "#0"},
				"east": {"uv": [7, 0, 8, 1.25], "texture": "#0"},
				"south": {"uv": [7, 1.25, 8, 2.5], "texture": "#0"},
				"west": {"uv": [5.75, 7, 6.75, 8.25], "texture": "#0"},
				"up": {"uv": [7.75, 8.5, 6.75, 7.5], "texture": "#0"},
				"down": {"uv": [1, 7.75, 0, 8.75], "texture": "#0"}
			}
		},
		{
			"from": [14, 16.4, 8.5],
			"to": [16, 18.4, 10.5],
			"rotation": {"angle": 0, "axis": "y", "origin": [15.8, 15.025, 8]},
			"faces": {
				"north": {"uv": [9.75, 8.75, 10.25, 9.25], "texture": "#0"},
				"east": {"uv": [9.5, 9.75, 10, 10.25], "texture": "#0"},
				"south": {"uv": [10, 1, 10.5, 1.5], "texture": "#0"},
				"west": {"uv": [4.5, 10, 5, 10.5], "texture": "#0"},
				"up": {"uv": [5.5, 10.5, 5, 10], "texture": "#0"},
				"down": {"uv": [8, 10, 7.5, 10.5], "texture": "#0"}
			}
		},
		{
			"from": [16, 15.8, 7.2],
			"to": [17.3, 16.4, 8.8],
			"rotation": {"angle": 0, "axis": "y", "origin": [15.8, 15.025, 8]},
			"faces": {
				"north": {"uv": [9, 11.25, 9.375, 11.375], "texture": "#0"},
				"east": {"uv": [11.25, 9.25, 11.625, 9.375], "texture": "#0"},
				"south": {"uv": [9.5, 11.25, 9.875, 11.375], "texture": "#0"},
				"west": {"uv": [11.25, 9.5, 11.625, 9.625], "texture": "#0"},
				"up": {"uv": [9.875, 10.625, 9.5, 10.25], "texture": "#0"},
				"down": {"uv": [10.625, 10, 10.25, 10.375], "texture": "#0"}
			}
		},
		{
			"from": [17.3, 16, 7.2],
			"to": [18.4, 16.4, 8.8],
			"rotation": {"angle": 0, "axis": "y", "origin": [15.8, 15.025, 8]},
			"faces": {
				"north": {"uv": [11.5, 9, 11.75, 9.125], "texture": "#0"},
				"east": {"uv": [10.5, 11.25, 10.875, 11.375], "texture": "#0"},
				"south": {"uv": [9.25, 11.5, 9.5, 11.625], "texture": "#0"},
				"west": {"uv": [11.25, 10.5, 11.625, 10.625], "texture": "#0"},
				"up": {"uv": [8, 11.125, 7.75, 10.75], "texture": "#0"},
				"down": {"uv": [11, 7.75, 10.75, 8.125], "texture": "#0"}
			}
		},
		{
			"from": [16.7, 16.4, 7.5],
			"to": [18, 16.8, 8.4],
			"rotation": {"angle": 0, "axis": "y", "origin": [15.8, 15.025, 8]},
			"faces": {
				"north": {"uv": [10, 11.25, 10.375, 11.375], "texture": "#0"},
				"east": {"uv": [11.5, 8.75, 11.75, 8.875], "texture": "#0"},
				"south": {"uv": [11.25, 10, 11.625, 10.125], "texture": "#0"},
				"west": {"uv": [9, 11.5, 9.25, 11.625], "texture": "#0"},
				"up": {"uv": [11.125, 7, 10.75, 6.75], "texture": "#0"},
				"down": {"uv": [7.625, 10.75, 7.25, 11], "texture": "#0"}
			}
		},
		{
			"from": [18.3, 15.8, 7.2],
			"to": [18.9, 16, 8.8],
			"rotation": {"angle": 0, "axis": "y", "origin": [15.8, 15.025, 8]},
			"faces": {
				"north": {"uv": [11.75, 0.75, 11.875, 0.875], "texture": "#0"},
				"east": {"uv": [11, 11.25, 11.375, 11.375], "texture": "#0"},
				"south": {"uv": [11.75, 1, 11.875, 1.125], "texture": "#0"},
				"west": {"uv": [11.25, 11, 11.625, 11.125], "texture": "#0"},
				"up": {"uv": [0.875, 11.875, 0.75, 11.5], "texture": "#0"},
				"down": {"uv": [1.125, 11.5, 1, 11.875], "texture": "#0"}
			}
		},
		{
			"from": [17.3, 14.5, 7.4],
			"to": [18.6, 14.7, 8.6],
			"rotation": {"angle": 0, "axis": "y", "origin": [15.8, 15.025, 8]},
			"faces": {
				"north": {"uv": [4.25, 11.5, 4.625, 11.625], "texture": "#0"},
				"east": {"uv": [11.5, 11.25, 11.75, 11.375], "texture": "#0"},
				"south": {"uv": [4.75, 11.5, 5.125, 11.625], "texture": "#0"},
				"west": {"uv": [11.5, 11.5, 11.75, 11.625], "texture": "#0"},
				"up": {"uv": [10.125, 11, 9.75, 10.75], "texture": "#0"},
				"down": {"uv": [11.125, 10, 10.75, 10.25], "texture": "#0"}
			}
		},
		{
			"from": [16, 14.7, 7.2],
			"to": [17.8, 15, 8.8],
			"rotation": {"angle": 0, "axis": "y", "origin": [15.8, 15.025, 8]},
			"faces": {
				"north": {"uv": [3.75, 11.25, 4.25, 11.375], "texture": "#0"},
				"east": {"uv": [11.5, 3.5, 11.875, 3.625], "texture": "#0"},
				"south": {"uv": [11.25, 3.75, 11.75, 3.875], "texture": "#0"},
				"west": {"uv": [3.75, 11.5, 4.125, 11.625], "texture": "#0"},
				"up": {"uv": [7, 10.625, 6.5, 10.25], "texture": "#0"},
				"down": {"uv": [7.5, 10.25, 7, 10.625], "texture": "#0"}
			}
		},
		{
			"from": [16, 15, 7.2],
			"to": [17, 15.3, 8.8],
			"rotation": {"angle": 0, "axis": "y", "origin": [15.8, 15.025, 8]},
			"faces": {
				"north": {"uv": [9.5, 11.5, 9.75, 11.625], "texture": "#0"},
				"east": {"uv": [1.75, 11.5, 2.125, 11.625], "texture": "#0"},
				"south": {"uv": [9.75, 11.5, 10, 11.625], "texture": "#0"},
				"west": {"uv": [11.5, 2, 11.875, 2.125], "texture": "#0"},
				"up": {"uv": [11, 9.625, 10.75, 9.25], "texture": "#0"},
				"down": {"uv": [9.75, 10.75, 9.5, 11.125], "texture": "#0"}
			}
		},
		{
			"from": [16, 14.7, 7],
			"to": [16.5, 16.2, 7.2],
			"rotation": {"angle": 0, "axis": "y", "origin": [15.8, 15.025, 8]},
			"faces": {
				"north": {"uv": [5.25, 11.5, 5.375, 11.875], "texture": "#0"},
				"east": {"uv": [5.5, 11.5, 5.625, 11.875], "texture": "#0"},
				"south": {"uv": [11.5, 5.5, 11.625, 5.875], "texture": "#0"},
				"west": {"uv": [11.5, 6, 11.625, 6.375], "texture": "#0"},
				"up": {"uv": [3.125, 11.875, 3, 11.75], "texture": "#0"},
				"down": {"uv": [11.875, 3, 11.75, 3.125], "texture": "#0"}
			}
		},
		{
			"from": [15, 14.4, 7],
			"to": [16, 16.4, 9],
			"rotation": {"angle": 0, "axis": "y", "origin": [15.8, 15.025, 8]},
			"faces": {
				"north": {"uv": [10.5, 7.75, 10.75, 8.25], "texture": "#0"},
				"east": {"uv": [10, 7.5, 10.5, 8], "texture": "#0"},
				"south": {"uv": [8, 10.5, 8.25, 11], "texture": "#0"},
				"west": {"uv": [8, 10, 8.5, 10.5], "texture": "#0"},
				"up": {"uv": [8.5, 11, 8.25, 10.5], "texture": "#0"},
				"down": {"uv": [8.75, 10.5, 8.5, 11], "texture": "#0"}
			}
		},
		{
			"from": [16, 14.7, 8.8],
			"to": [16.5, 16.2, 9],
			"rotation": {"angle": 0, "axis": "y", "origin": [15.8, 15.025, 8]},
			"faces": {
				"north": {"uv": [11.25, 8, 11.375, 8.375], "texture": "#0"},
				"east": {"uv": [8.25, 11.25, 8.375, 11.625], "texture": "#0"},
				"south": {"uv": [8.5, 11.25, 8.625, 11.625], "texture": "#0"},
				"west": {"uv": [8.75, 11.25, 8.875, 11.625], "texture": "#0"},
				"up": {"uv": [0.625, 11.875, 0.5, 11.75], "texture": "#0"},
				"down": {"uv": [11.875, 0.5, 11.75, 0.625], "texture": "#0"}
			}
		},
		{
			"from": [14.7, 12.6, 7.2],
			"to": [15.1, 14.4, 8.8],
			"rotation": {"angle": 0, "axis": "y", "origin": [15.8, 15.025, 8]},
			"faces": {
				"north": {"uv": [1.5, 11.25, 1.625, 11.75], "texture": "#0"},
				"east": {"uv": [4, 10.25, 4.375, 10.75], "texture": "#0"},
				"south": {"uv": [2.5, 11.25, 2.625, 11.75], "texture": "#0"},
				"west": {"uv": [5.5, 10.25, 5.875, 10.75], "texture": "#0"},
				"up": {"uv": [1.375, 11.875, 1.25, 11.5], "texture": "#0"},
				"down": {"uv": [2.375, 11.5, 2.25, 11.875], "texture": "#0"}
			}
		},
		{
			"from": [15.1, 12.6, 7.2],
			"to": [15.5, 14.4, 8.5],
			"rotation": {"angle": 0, "axis": "y", "origin": [15.8, 15.025, 8]},
			"faces": {
				"north": {"uv": [11.25, 2.5, 11.375, 3], "texture": "#0"},
				"east": {"uv": [10.25, 5.5, 10.625, 6], "texture": "#0"},
				"south": {"uv": [2.75, 11.25, 2.875, 11.75], "texture": "#0"},
				"west": {"uv": [6, 10.25, 6.375, 10.75], "texture": "#0"},
				"up": {"uv": [11.625, 2.875, 11.5, 2.5], "texture": "#0"},
				"down": {"uv": [11.625, 3, 11.5, 3.375], "texture": "#0"}
			}
		},
		{
			"from": [15.1, 12, 7.2],
			"to": [15.5, 12.6, 7.8],
			"rotation": {"angle": 0, "axis": "y", "origin": [15.8, 15.025, 8]},
			"faces": {
				"north": {"uv": [11.75, 1.25, 11.875, 1.375], "texture": "#0"},
				"east": {"uv": [1.5, 11.75, 1.625, 11.875], "texture": "#0"},
				"south": {"uv": [11.75, 1.5, 11.875, 1.625], "texture": "#0"},
				"west": {"uv": [1.75, 11.75, 1.875, 11.875], "texture": "#0"},
				"up": {"uv": [11.875, 1.875, 11.75, 1.75], "texture": "#0"},
				"down": {"uv": [2.125, 11.75, 2, 11.875], "texture": "#0"}
			}
		},
		{
			"from": [15.1, 13.6, 8.5],
			"to": [15.5, 14.4, 9],
			"rotation": {"angle": 0, "axis": "y", "origin": [15.8, 15.025, 8]},
			"faces": {
				"north": {"uv": [10, 11.5, 10.125, 11.75], "texture": "#0"},
				"east": {"uv": [10.25, 11.5, 10.375, 11.75], "texture": "#0"},
				"south": {"uv": [11.5, 10.25, 11.625, 10.5], "texture": "#0"},
				"west": {"uv": [10.5, 11.5, 10.625, 11.75], "texture": "#0"},
				"up": {"uv": [2.625, 11.875, 2.5, 11.75], "texture": "#0"},
				"down": {"uv": [11.875, 2.5, 11.75, 2.625], "texture": "#0"}
			}
		},
		{
			"from": [14.7, 12.1, 8.8],
			"to": [15.1, 13.9, 9.1],
			"rotation": {"angle": 0, "axis": "y", "origin": [15.8, 15.025, 8]},
			"faces": {
				"north": {"uv": [3, 11.25, 3.125, 11.75], "texture": "#0"},
				"east": {"uv": [11.25, 3, 11.375, 3.5], "texture": "#0"},
				"south": {"uv": [3.25, 11.25, 3.375, 11.75], "texture": "#0"},
				"west": {"uv": [3.5, 11.25, 3.625, 11.75], "texture": "#0"},
				"up": {"uv": [2.875, 11.875, 2.75, 11.75], "texture": "#0"},
				"down": {"uv": [11.875, 2.75, 11.75, 2.875], "texture": "#0"}
			}
		},
		{
			"from": [14.7, 11.7, 8],
			"to": [15.1, 12.6, 8.8],
			"rotation": {"angle": 0, "axis": "y", "origin": [15.8, 15.025, 8]},
			"faces": {
				"north": {"uv": [10.75, 11.5, 10.875, 11.75], "texture": "#0"},
				"east": {"uv": [11.25, 2, 11.5, 2.25], "texture": "#0"},
				"south": {"uv": [11.5, 10.75, 11.625, 11], "texture": "#0"},
				"west": {"uv": [11.25, 3.5, 11.5, 3.75], "texture": "#0"},
				"up": {"uv": [11.125, 11.75, 11, 11.5], "texture": "#0"},
				"down": {"uv": [11.375, 11.5, 11.25, 11.75], "texture": "#0"}
			}
		},
		{
			"from": [14, 16.4, 5.5],
			"to": [16, 18.4, 7.5],
			"rotation": {"angle": 0, "axis": "y", "origin": [15.8, 15.025, 8]},
			"faces": {
				"north": {"uv": [4.75, 8.75, 5.25, 9.25], "texture": "#0"},
				"east": {"uv": [9.5, 7.5, 10, 8], "texture": "#0"},
				"south": {"uv": [9.5, 9.25, 10, 9.75], "texture": "#0"},
				"west": {"uv": [9.75, 0, 10.25, 0.5], "texture": "#0"},
				"up": {"uv": [10.25, 1, 9.75, 0.5], "texture": "#0"},
				"down": {"uv": [2, 9.75, 1.5, 10.25], "texture": "#0"}
			}
		},
		{
			"from": [14.5, 18.51959, 5.07388],
			"to": [15.5, 18.81959, 7.07388],
			"rotation": {"angle": 45, "axis": "y", "origin": [15, 18.66959, 6.07388]},
			"faces": {
				"north": {"uv": [0, 11.75, 0.25, 11.875], "texture": "#0"},
				"east": {"uv": [10.625, 3, 11.125, 3.125], "texture": "#0"},
				"south": {"uv": [11.75, 0, 12, 0.125], "texture": "#0"},
				"west": {"uv": [4.25, 11.25, 4.75, 11.375], "texture": "#0"},
				"up": {"uv": [9.25, 11, 9, 10.5], "texture": "#0"},
				"down": {"uv": [9.25, 9.875, 9, 10.375], "texture": "#0"}
			}
		},
		{
			"from": [14.87635, 16.56959, 7.5],
			"to": [15.17635, 19.56959, 8.5],
			"rotation": {"angle": 22.5, "axis": "z", "origin": [16.62635, 18.66959, 8]},
			"faces": {
				"north": {"uv": [11.25, 4, 11.75, 4.125], "rotation": 270, "texture": "#0"},
				"east": {"uv": [9, 11, 8.75, 10.5], "texture": "#0"},
				"south": {"uv": [4.25, 11.25, 4.75, 11.375], "rotation": 90, "texture": "#0"},
				"west": {"uv": [9.25, 10.5, 9, 11], "rotation": 180, "texture": "#0"},
				"up": {"uv": [0, 11.75, 0.25, 11.875], "rotation": 90, "texture": "#0"},
				"down": {"uv": [11.75, 0, 12, 0.125], "rotation": 90, "texture": "#0"}
			}
		},
		{
			"from": [14.5, 18.41959, 8.87388],
			"to": [15.5, 18.71959, 10.87388],
			"rotation": {"angle": -45, "axis": "y", "origin": [15, 18.56959, 9.87388]},
			"faces": {
				"north": {"uv": [0.25, 11.75, 0.5, 11.875], "texture": "#0"},
				"east": {"uv": [7.75, 11.25, 8.25, 11.375], "texture": "#0"},
				"south": {"uv": [11.75, 0.25, 12, 0.375], "texture": "#0"},
				"west": {"uv": [11.25, 7.75, 11.75, 7.875], "texture": "#0"},
				"up": {"uv": [9.5, 11, 9.25, 10.5], "texture": "#0"},
				"down": {"uv": [10.75, 9.25, 10.5, 9.75], "texture": "#0"}
			}
		},
		{
			"from": [12, 19.4, 6.5],
			"to": [14, 19.9, 9.5],
			"rotation": {"angle": 0, "axis": "y", "origin": [15.8, 15.025, 8]},
			"faces": {
				"north": {"uv": [11.25, 4.25, 11.75, 4.375], "texture": "#0"},
				"east": {"uv": [10.25, 10.75, 11, 10.875], "texture": "#0"},
				"south": {"uv": [11.25, 4.5, 11.75, 4.625], "texture": "#0"},
				"west": {"uv": [10.75, 10.25, 11.5, 10.375], "texture": "#0"},
				"up": {"uv": [9, 10, 8.5, 9.25], "texture": "#0"},
				"down": {"uv": [9.5, 9.25, 9, 10], "texture": "#0"}
			}
		},
		{
			"from": [10.55, 16.35, 6.5],
			"to": [11.05, 18.35, 9.5],
			"rotation": {"angle": 0, "axis": "z", "origin": [10.1, 19.65, 8]},
			"faces": {
				"north": {"uv": [11.25, 4.25, 11.75, 4.375], "rotation": 90, "texture": "#0"},
				"east": {"uv": [9.5, 9.25, 9, 10], "rotation": 270, "texture": "#0"},
				"south": {"uv": [11.25, 4.5, 11.75, 4.625], "rotation": 270, "texture": "#0"},
				"west": {"uv": [9, 10, 8.5, 9.25], "rotation": 270, "texture": "#0"},
				"up": {"uv": [10.25, 10.75, 11, 10.875], "rotation": 270, "texture": "#0"},
				"down": {"uv": [10.75, 10.25, 11.5, 10.375], "rotation": 270, "texture": "#0"}
			}
		},
		{
			"from": [11.3, 15.9, 10],
			"to": [13.3, 18.9, 10.5],
			"rotation": {"angle": 0, "axis": "y", "origin": [15.1, 15.025, 8]},
			"faces": {
				"north": {"uv": [0, 9.5, 0.5, 10.25], "texture": "#0"},
				"east": {"uv": [0, 11, 0.125, 11.75], "texture": "#0"},
				"south": {"uv": [0.5, 9.5, 1, 10.25], "texture": "#0"},
				"west": {"uv": [11, 0, 11.125, 0.75], "texture": "#0"},
				"up": {"uv": [5.25, 11.375, 4.75, 11.25], "texture": "#0"},
				"down": {"uv": [11.75, 5, 11.25, 5.125], "texture": "#0"}
			}
		},
		{
			"from": [11.3, 15.9, 5.5],
			"to": [13.3, 18.9, 6],
			"rotation": {"angle": 0, "axis": "y", "origin": [15.1, 15.025, 8]},
			"faces": {
				"north": {"uv": [1, 9.5, 1.5, 10.25], "texture": "#0"},
				"east": {"uv": [0.25, 11, 0.375, 11.75], "texture": "#0"},
				"south": {"uv": [9.5, 1, 10, 1.75], "texture": "#0"},
				"west": {"uv": [0.5, 11, 0.625, 11.75], "texture": "#0"},
				"up": {"uv": [5.75, 11.375, 5.25, 11.25], "texture": "#0"},
				"down": {"uv": [11.75, 5.25, 11.25, 5.375], "texture": "#0"}
			}
		},
		{
			"from": [11.3, 16.4, 5],
			"to": [13.3, 18.4, 5.5],
			"rotation": {"angle": 0, "axis": "y", "origin": [15.1, 15.025, 8]},
			"faces": {
				"north": {"uv": [10, 8, 10.5, 8.5], "texture": "#0"},
				"east": {"uv": [5.75, 11.25, 5.875, 11.75], "texture": "#0"},
				"south": {"uv": [8.5, 10, 9, 10.5], "texture": "#0"},
				"west": {"uv": [6, 11.25, 6.125, 11.75], "texture": "#0"},
				"up": {"uv": [6.75, 11.375, 6.25, 11.25], "texture": "#0"},
				"down": {"uv": [7.25, 11.25, 6.75, 11.375], "texture": "#0"}
			}
		},
		{
			"from": [11.3, 16.4, 10.5],
			"to": [13.3, 18.4, 11],
			"rotation": {"angle": 0, "axis": "y", "origin": [15.1, 15.025, 8]},
			"faces": {
				"north": {"uv": [9, 10, 9.5, 10.5], "texture": "#0"},
				"east": {"uv": [7.25, 11.25, 7.375, 11.75], "texture": "#0"},
				"south": {"uv": [10, 9.25, 10.5, 9.75], "texture": "#0"},
				"west": {"uv": [7.5, 11.25, 7.625, 11.75], "texture": "#0"},
				"up": {"uv": [11.75, 6.875, 11.25, 6.75], "texture": "#0"},
				"down": {"uv": [11.75, 7.5, 11.25, 7.625], "texture": "#0"}
			}
		},
		{
			"from": [4, 10.7, 0.3],
			"to": [12, 12.7, 3.3],
			"rotation": {"angle": 0, "axis": "x", "origin": [8.65, 10.7, 4]},
			"faces": {
				"north": {"uv": [8.75, 7, 6.75, 7.5], "rotation": 180, "texture": "#0"},
				"east": {"uv": [3.75, 6, 4.25, 6.75], "rotation": 270, "texture": "#0"},
				"south": {"uv": [9, 3, 7, 2.5], "texture": "#0"},
				"west": {"uv": [2.75, 8.5, 3.25, 9.25], "rotation": 90, "texture": "#0"},
				"up": {"uv": [6.25, 4.75, 8.25, 5.5], "rotation": 180, "texture": "#0"},
				"down": {"uv": [6.25, 5.5, 8.25, 6.25], "texture": "#0"}
			}
		},
		{
			"from": [5.5, 10.7, 3.3],
			"to": [11, 12.7, 4.05],
			"rotation": {"angle": 0, "axis": "x", "origin": [8.65, 10.7, 4]},
			"faces": {
				"north": {"uv": [9.375, 1.5, 8, 2], "rotation": 180, "texture": "#0"},
				"east": {"uv": [10.5, 0.25, 11, 0.5], "rotation": 270, "texture": "#0"},
				"south": {"uv": [9.375, 1.5, 8, 1], "texture": "#0"},
				"west": {"uv": [10.5, 0.5, 11, 0.75], "rotation": 90, "texture": "#0"},
				"up": {"uv": [9.25, 6.75, 10.625, 7], "rotation": 180, "texture": "#0"},
				"down": {"uv": [1.5, 9.5, 2.875, 9.75], "texture": "#0"}
			}
		},
		{
			"from": [4, 10.8, -0.7],
			"to": [11, 12.6, 0.3],
			"rotation": {"angle": 0, "axis": "x", "origin": [8.65, 10.7, 4]},
			"faces": {
				"north": {"uv": [9.75, 0, 8, 0.5], "rotation": 180, "texture": "#0"},
				"east": {"uv": [5.75, 6.75, 6.25, 7], "rotation": 270, "texture": "#0"},
				"south": {"uv": [9.5, 8, 7.75, 7.5], "texture": "#0"},
				"west": {"uv": [10.5, 0, 11, 0.25], "rotation": 90, "texture": "#0"},
				"up": {"uv": [8.25, 8, 10, 8.25], "rotation": 180, "texture": "#0"},
				"down": {"uv": [8.25, 8.25, 10, 8.5], "texture": "#0"}
			}
		},
		{
			"from": [4, 10.9, -1.7],
			"to": [10, 12.5, -0.7],
			"rotation": {"angle": 0, "axis": "x", "origin": [8.65, 10.7, 4]},
			"faces": {
				"north": {"uv": [9.75, 3.5, 8.25, 3.875], "rotation": 180, "texture": "#0"},
				"east": {"uv": [3.75, 10.75, 4.125, 11], "rotation": 270, "texture": "#0"},
				"south": {"uv": [9.75, 3.375, 8.25, 3], "texture": "#0"},
				"west": {"uv": [4.25, 10.75, 4.625, 11], "rotation": 90, "texture": "#0"},
				"up": {"uv": [0, 9, 1.5, 9.25], "rotation": 180, "texture": "#0"},
				"down": {"uv": [9, 2.5, 10.5, 2.75], "texture": "#0"}
			}
		},
		{
			"from": [3, 10.9, -1.7],
			"to": [4, 12.5, 1.3],
			"rotation": {"angle": 0, "axis": "x", "origin": [8.65, 10.7, 4]},
			"faces": {
				"north": {"uv": [3.75, 10.75, 3.5, 11.125], "rotation": 180, "texture": "#0"},
				"east": {"uv": [5.5, 9.5, 5.875, 10.25], "rotation": 270, "texture": "#0"},
				"south": {"uv": [11, 3.375, 10.75, 3], "texture": "#0"},
				"west": {"uv": [6, 9.5, 6.375, 10.25], "rotation": 90, "texture": "#0"},
				"up": {"uv": [10, 10, 10.25, 10.75], "rotation": 180, "texture": "#0"},
				"down": {"uv": [0, 10.25, 0.25, 11], "texture": "#0"}
			}
		},
		{
			"from": [2, 11.1, -3.2],
			"to": [3, 12.3, -0.2],
			"rotation": {"angle": 0, "axis": "x", "origin": [8.65, 10.7, 4]},
			"faces": {
				"north": {"uv": [1.5, 11, 1.25, 11.25], "rotation": 180, "texture": "#0"},
				"east": {"uv": [5.5, 7.5, 5.75, 8.25], "rotation": 270, "texture": "#0"},
				"south": {"uv": [1.25, 11.25, 1, 11], "texture": "#0"},
				"west": {"uv": [7.5, 8.5, 7.75, 9.25], "rotation": 90, "texture": "#0"},
				"up": {"uv": [2.25, 4, 2.5, 4.75], "rotation": 180, "texture": "#0"},
				"down": {"uv": [4.75, 8, 5, 8.75], "texture": "#0"}
			}
		},
		{
			"from": [1.7, 11.2, -3.5],
			"to": [2, 12.2, -1.7],
			"rotation": {"angle": 0, "axis": "x", "origin": [8.65, 10.7, 4]},
			"faces": {
				"north": {"uv": [6.375, 11.5, 6.25, 11.75], "rotation": 180, "texture": "#0"},
				"east": {"uv": [2.25, 4.75, 2.5, 5.25], "rotation": 270, "texture": "#0"},
				"south": {"uv": [11.625, 5, 11.5, 4.75], "texture": "#0"},
				"west": {"uv": [5.25, 8.75, 5.5, 9.25], "rotation": 90, "texture": "#0"},
				"up": {"uv": [0.75, 11, 0.875, 11.5], "rotation": 180, "texture": "#0"},
				"down": {"uv": [11, 0.75, 11.125, 1.25], "texture": "#0"}
			}
		},
		{
			"from": [3, 11.1, -2.5],
			"to": [9, 12.3, -1.7],
			"rotation": {"angle": 0, "axis": "x", "origin": [8.65, 10.7, 4]},
			"faces": {
				"north": {"uv": [9.75, 8.75, 8.25, 9], "rotation": 180, "texture": "#0"},
				"east": {"uv": [6.5, 8.25, 6.75, 8.5], "rotation": 270, "texture": "#0"},
				"south": {"uv": [10.25, 7.5, 8.75, 7.25], "texture": "#0"},
				"west": {"uv": [10.75, 10.5, 11, 10.75], "rotation": 90, "texture": "#0"},
				"up": {"uv": [0, 8.75, 1.5, 9], "rotation": 180, "texture": "#0"},
				"down": {"uv": [8.75, 7, 10.25, 7.25], "texture": "#0"}
			}
		}
	],
	"display": {
		"thirdperson_righthand": {
			"rotation": [65.29, 90, 26],
			"translation": [0, -1.25, -1.75],
			"scale": [0.5, 0.5, 0.5]
		},
		"thirdperson_lefthand": {
			"rotation": [68, -90, -26],
			"translation": [0, -1.25, -1.75],
			"scale": [0.5, 0.5, 0.5]
		},
		"firstperson_righthand": {
			"rotation": [-180, -14.75, -180],
			"translation": [1.25, 2.5, 0],
			"scale": [0.5, 0.5, 0.5]
		},
		"firstperson_lefthand": {
			"rotation": [0, 14, 0],
			"translation": [1.25, 2.5, 0],
			"scale": [0.5, 0.5, 0.5]
		},
		"ground": {
			"translation": [0, 7.75, 0]
		},
		"gui": {
			"rotation": [26, -132, 0],
			"translation": [-0.5, -1.25, 0],
			"scale": [0.7, 0.7, 0.7]
		},
		"head": {
			"rotation": [0, 90, 0],
			"translation": [0, 22.4, 0],
			"scale": [2, 2, 2]
		},
		"fixed": {
			"rotation": [0, 90, 0],
			"translation": [0, -1.5, 0]
		}
	},
	"groups": [
		{
			"name": "Wing",
			"origin": [3.8, 2.5, 13],
			"color": 0,
			"nbt": "{}",
			"armAnimationEnabled": false,
			"children": [0, 1, 2, 3, 4, 5, 6, 7]
		},
		{
			"name": "Body",
			"origin": [8, 6, 8],
			"color": 0,
			"nbt": "{}",
			"armAnimationEnabled": false,
			"children": [
				8,
				{
					"name": "Tail",
					"origin": [-7.9, 12.5, 1],
					"color": 0,
					"nbt": "{}",
					"armAnimationEnabled": false,
					"children": [9, 10, 11, 12, 13, 14, 15, 16]
				},
				17,
				{
					"name": "LeftFoot",
					"origin": [11.4, 3.5, 8.5],
					"color": 0,
					"nbt": "{}",
					"armAnimationEnabled": false,
					"children": [18, 19, 20, 21]
				},
				{
					"name": "RightFoot",
					"origin": [11.4, 3.5, 12.5],
					"color": 0,
					"nbt": "{}",
					"armAnimationEnabled": false,
					"children": [22, 23, 24, 25]
				},
				26
			]
		},
		{
			"name": "Head_New",
			"origin": [20.8, 5.125, 4.8],
			"color": 0,
			"nbt": "{}",
			"armAnimationEnabled": false,
			"children": [
				27,
				28,
				29,
				30,
				31,
				32,
				{
					"name": "Beak",
					"origin": [15.8, 15.025, 8],
					"color": 0,
					"nbt": "{}",
					"armAnimationEnabled": false,
					"children": [33, 34, 35, 36, 37, 38, 39, 40, 41, 42]
				},
				43,
				44,
				45,
				46,
				47,
				48,
				49,
				50,
				51,
				52,
				53,
				54,
				55,
				56,
				57,
				58
			]
		},
		{
			"name": "Wing",
			"origin": [3.8, 2.5, 13],
			"color": 0,
			"nbt": "{}",
			"armAnimationEnabled": false,
			"children": [59, 60, 61, 62, 63, 64, 65, 66]
		}
	]
}