{
	"credit": "Made by ChainArts",
	"texture_size": [64, 64],
	"textures": {
		"2": "item/watering_can/watering_can_emerald",
		"particle": "item/watering_can/watering_can_emerald"
	},
	"elements": [
		{
			"from": [-0.57237, -0.01605, 3.95],
			"to": [8.42763, 1.48395, 5.45],
			"rotation": {"angle": 0, "axis": "y", "origin": [3.92763, -0.01605, 6.95]},
			"faces": {
				"north": {"uv": [8.5, 3.75, 10.75, 4], "texture": "#2"},
				"east": {"uv": [10.5, 4.25, 11, 4.5], "texture": "#2"},
				"south": {"uv": [12, 8.5, 14.25, 8.75], "texture": "#2"},
				"west": {"uv": [11.25, 10.75, 11.75, 11], "texture": "#2"},
				"up": {"uv": [5, 8.75, 2.75, 8.25], "texture": "#2"},
				"down": {"uv": [10.75, 0, 8.5, 0.5], "texture": "#2"}
			}
		},
		{
			"from": [-0.57237, -0.01605, 11.45],
			"to": [8.42763, 1.48395, 12.95],
			"rotation": {"angle": 0, "axis": "y", "origin": [3.92763, -0.01605, 6.95]},
			"faces": {
				"north": {"uv": [12.5, 3, 14.75, 3.25], "texture": "#2"},
				"east": {"uv": [13.5, 4.25, 14, 4.5], "texture": "#2"},
				"south": {"uv": [12.5, 3.25, 14.75, 3.5], "texture": "#2"},
				"west": {"uv": [14.75, 9.75, 15.25, 10], "texture": "#2"},
				"up": {"uv": [11, 5, 8.75, 4.5], "texture": "#2"},
				"down": {"uv": [11, 5, 8.75, 5.5], "texture": "#2"}
			}
		},
		{
			"from": [-2.07237, -0.01605, 5.45],
			"to": [8.42763, 1.48395, 11.45],
			"rotation": {"angle": 0, "axis": "y", "origin": [3.92763, -0.01605, 6.95]},
			"faces": {
				"north": {"uv": [12, 8, 14.75, 8.25], "texture": "#2"},
				"east": {"uv": [10.25, 7.5, 11.75, 7.75], "texture": "#2"},
				"south": {"uv": [12, 8.25, 14.75, 8.5], "texture": "#2"},
				"west": {"uv": [13.25, 7, 14.75, 7.25], "texture": "#2"},
				"up": {"uv": [7.75, 4.5, 5, 3], "texture": "#2"},
				"down": {"uv": [8.75, 4.5, 6, 6], "texture": "#2"}
			}
		},
		{
			"from": [-3.57237, 1.48395, 5.45],
			"to": [-2.07237, 4.48395, 11.45],
			"rotation": {"angle": 0, "axis": "y", "origin": [3.92763, -0.01605, 6.95]},
			"faces": {
				"north": {"uv": [13.25, 5.5, 13.75, 6.25], "texture": "#2"},
				"east": {"uv": [2.75, 6.75, 4.25, 7.5], "texture": "#2"},
				"south": {"uv": [6.25, 13.25, 6.75, 14], "texture": "#2"},
				"west": {"uv": [0, 8.5, 1.5, 9.25], "texture": "#2"},
				"up": {"uv": [12.5, 1.5, 12, 0], "texture": "#2"},
				"down": {"uv": [1, 12, 0.5, 13.5], "texture": "#2"}
			}
		},
		{
			"from": [-2.07237, 1.48395, 3.95],
			"to": [-0.57237, 4.48395, 5.45],
			"rotation": {"angle": 0, "axis": "y", "origin": [3.92763, -0.01605, 6.95]},
			"faces": {
				"north": {"uv": [13.25, 10.75, 13.75, 11.5], "texture": "#2"},
				"east": {"uv": [11.5, 13.25, 12, 14], "texture": "#2"},
				"south": {"uv": [13.25, 11.5, 13.75, 12.25], "texture": "#2"},
				"west": {"uv": [0.5, 13.5, 1, 14.25], "texture": "#2"},
				"up": {"uv": [14.25, 12.25, 13.75, 11.75], "texture": "#2"},
				"down": {"uv": [14.25, 13.25, 13.75, 13.75], "texture": "#2"}
			}
		},
		{
			"from": [-3.57237, 4.48395, 3.95],
			"to": [-2.07237, 13.48395, 5.45],
			"rotation": {"angle": 0, "axis": "y", "origin": [3.92763, -0.01605, 6.95]},
			"faces": {
				"north": {"uv": [3.25, 8.75, 3.75, 11], "texture": "#2"},
				"east": {"uv": [3.75, 8.75, 4.25, 11], "texture": "#2"},
				"south": {"uv": [4.25, 8.75, 4.75, 11], "texture": "#2"},
				"west": {"uv": [6, 8.75, 6.5, 11], "texture": "#2"},
				"up": {"uv": [14.5, 4, 14, 3.5], "texture": "#2"},
				"down": {"uv": [14.5, 4, 14, 4.5], "texture": "#2"}
			}
		},
		{
			"from": [-3.57237, 4.48395, 11.45],
			"to": [-2.07237, 13.48395, 12.95],
			"rotation": {"angle": 0, "axis": "y", "origin": [3.92763, -0.01605, 6.95]},
			"faces": {
				"north": {"uv": [1, 9.25, 1.5, 11.5], "texture": "#2"},
				"east": {"uv": [1.5, 9.25, 2, 11.5], "texture": "#2"},
				"south": {"uv": [2, 9.25, 2.5, 11.5], "texture": "#2"},
				"west": {"uv": [9.25, 8.25, 9.75, 10.5], "texture": "#2"},
				"up": {"uv": [7.25, 14.5, 6.75, 14], "texture": "#2"},
				"down": {"uv": [14.5, 8.75, 14, 9.25], "texture": "#2"}
			}
		},
		{
			"from": [-2.07237, 4.48395, 2.45],
			"to": [-0.57237, 13.48395, 3.95],
			"rotation": {"angle": 0, "axis": "y", "origin": [3.92763, -0.01605, 6.95]},
			"faces": {
				"north": {"uv": [6.5, 8.75, 7, 11], "texture": "#2"},
				"east": {"uv": [7, 8.75, 7.5, 11], "texture": "#2"},
				"south": {"uv": [7.5, 8.75, 8, 11], "texture": "#2"},
				"west": {"uv": [8, 8.75, 8.5, 11], "texture": "#2"},
				"up": {"uv": [14.5, 6, 14, 5.5], "texture": "#2"},
				"down": {"uv": [14.5, 6, 14, 6.5], "texture": "#2"}
			}
		},
		{
			"from": [-2.07237, 4.48395, 12.95],
			"to": [-0.57237, 13.48395, 14.45],
			"rotation": {"angle": 0, "axis": "y", "origin": [3.92763, -0.01605, 6.95]},
			"faces": {
				"north": {"uv": [8.75, 8.25, 9.25, 10.5], "texture": "#2"},
				"east": {"uv": [9, 0.5, 9.5, 2.75], "texture": "#2"},
				"south": {"uv": [0, 9.25, 0.5, 11.5], "texture": "#2"},
				"west": {"uv": [0.5, 9.25, 1, 11.5], "texture": "#2"},
				"up": {"uv": [6.75, 14.5, 6.25, 14], "texture": "#2"},
				"down": {"uv": [14.5, 6.5, 14, 7], "texture": "#2"}
			}
		},
		{
			"from": [8.42763, 4.48395, 2.45],
			"to": [9.92763, 13.48395, 3.95],
			"rotation": {"angle": 0, "axis": "y", "origin": [3.92763, -0.01605, 6.95]},
			"faces": {
				"north": {"uv": [4, 11, 4.5, 13.25], "texture": "#2"},
				"east": {"uv": [5.75, 11, 6.25, 13.25], "texture": "#2"},
				"south": {"uv": [6.25, 11, 6.75, 13.25], "texture": "#2"},
				"west": {"uv": [6.75, 11, 7.25, 13.25], "texture": "#2"},
				"up": {"uv": [13.5, 14.5, 13, 14], "texture": "#2"},
				"down": {"uv": [1, 14.25, 0.5, 14.75], "texture": "#2"}
			}
		},
		{
			"from": [9.92763, 4.48395, 3.95],
			"to": [11.42763, 13.48395, 5.45],
			"rotation": {"angle": 0, "axis": "y", "origin": [3.92763, -0.01605, 6.95]},
			"faces": {
				"north": {"uv": [11, 2.25, 11.5, 4.5], "texture": "#2"},
				"east": {"uv": [2.5, 11, 3, 13.25], "texture": "#2"},
				"south": {"uv": [3, 11, 3.5, 13.25], "texture": "#2"},
				"west": {"uv": [3.5, 11, 4, 13.25], "texture": "#2"},
				"up": {"uv": [14.5, 12.75, 14, 12.25], "texture": "#2"},
				"down": {"uv": [13, 14, 12.5, 14.5], "texture": "#2"}
			}
		},
		{
			"from": [9.92763, 4.48395, 11.45],
			"to": [11.42763, 13.48395, 12.95],
			"rotation": {"angle": 0, "axis": "y", "origin": [3.92763, -0.01605, 6.95]},
			"faces": {
				"north": {"uv": [8.5, 10.5, 9, 12.75], "texture": "#2"},
				"east": {"uv": [9, 10.5, 9.5, 12.75], "texture": "#2"},
				"south": {"uv": [10.75, 8.75, 11.25, 11], "texture": "#2"},
				"west": {"uv": [11, 0, 11.5, 2.25], "texture": "#2"},
				"up": {"uv": [12, 14.5, 11.5, 14], "texture": "#2"},
				"down": {"uv": [12.5, 14, 12, 14.5], "texture": "#2"}
			}
		},
		{
			"from": [8.42763, 4.48395, 12.95],
			"to": [9.92763, 13.48395, 14.45],
			"rotation": {"angle": 0, "axis": "y", "origin": [3.92763, -0.01605, 6.95]},
			"faces": {
				"north": {"uv": [10.25, 8.75, 10.75, 11], "texture": "#2"},
				"east": {"uv": [10.5, 0.5, 11, 2.75], "texture": "#2"},
				"south": {"uv": [4.75, 10.5, 5.25, 12.75], "texture": "#2"},
				"west": {"uv": [5.25, 10.5, 5.75, 12.75], "texture": "#2"},
				"up": {"uv": [14.5, 9.75, 14, 9.25], "texture": "#2"},
				"down": {"uv": [14.5, 9.75, 14, 10.25], "texture": "#2"}
			}
		},
		{
			"from": [-2.07237, 1.48395, 11.45],
			"to": [-0.57237, 4.48395, 12.95],
			"rotation": {"angle": 0, "axis": "y", "origin": [3.92763, -0.01605, 6.95]},
			"faces": {
				"north": {"uv": [1, 13.5, 1.5, 14.25], "texture": "#2"},
				"east": {"uv": [1.5, 13.5, 2, 14.25], "texture": "#2"},
				"south": {"uv": [2, 13.5, 2.5, 14.25], "texture": "#2"},
				"west": {"uv": [13.5, 3.5, 14, 4.25], "texture": "#2"},
				"up": {"uv": [14.25, 14.25, 13.75, 13.75], "texture": "#2"},
				"down": {"uv": [14.5, 0, 14, 0.5], "texture": "#2"}
			}
		},
		{
			"from": [8.42763, 1.48395, 3.95],
			"to": [9.92763, 4.48395, 5.45],
			"rotation": {"angle": 0, "axis": "y", "origin": [3.92763, -0.01605, 6.95]},
			"faces": {
				"north": {"uv": [13.5, 8.75, 14, 9.5], "texture": "#2"},
				"east": {"uv": [9.5, 13.5, 10, 14.25], "texture": "#2"},
				"south": {"uv": [13.5, 9.5, 14, 10.25], "texture": "#2"},
				"west": {"uv": [10, 13.5, 10.5, 14.25], "texture": "#2"},
				"up": {"uv": [14.5, 2.5, 14, 2], "texture": "#2"},
				"down": {"uv": [3, 14, 2.5, 14.5], "texture": "#2"}
			}
		},
		{
			"from": [8.42763, 1.48395, 11.45],
			"to": [9.92763, 4.48395, 12.95],
			"rotation": {"angle": 0, "axis": "y", "origin": [3.92763, -0.01605, 6.95]},
			"faces": {
				"north": {"uv": [4.5, 13.5, 5, 14.25], "texture": "#2"},
				"east": {"uv": [5, 13.5, 5.5, 14.25], "texture": "#2"},
				"south": {"uv": [8.25, 13.5, 8.75, 14.25], "texture": "#2"},
				"west": {"uv": [8.75, 13.5, 9.25, 14.25], "texture": "#2"},
				"up": {"uv": [14.5, 1, 14, 0.5], "texture": "#2"},
				"down": {"uv": [14.5, 1, 14, 1.5], "texture": "#2"}
			}
		},
		{
			"from": [-0.57237, 1.48395, 2.45],
			"to": [8.42763, 4.48395, 3.95],
			"rotation": {"angle": 0, "axis": "y", "origin": [-2.82237, 2.98395, 2.45]},
			"faces": {
				"north": {"uv": [2.75, 7.5, 5, 8.25], "texture": "#2"},
				"east": {"uv": [13.25, 6.25, 13.75, 7], "texture": "#2"},
				"south": {"uv": [7.5, 6, 9.75, 6.75], "texture": "#2"},
				"west": {"uv": [6.75, 13.25, 7.25, 14], "texture": "#2"},
				"up": {"uv": [10.75, 3.25, 8.5, 2.75], "texture": "#2"},
				"down": {"uv": [10.75, 3.25, 8.5, 3.75], "texture": "#2"}
			}
		},
		{
			"from": [-0.57237, 1.48395, 12.95],
			"to": [8.42763, 4.48395, 14.45],
			"rotation": {"angle": 0, "axis": "y", "origin": [-2.82237, 2.98395, 2.45]},
			"faces": {
				"north": {"uv": [7.5, 6.75, 9.75, 7.5], "texture": "#2"},
				"east": {"uv": [10.5, 13.5, 11, 14.25], "texture": "#2"},
				"south": {"uv": [7.5, 7.5, 9.75, 8.25], "texture": "#2"},
				"west": {"uv": [11, 13.5, 11.5, 14.25], "texture": "#2"},
				"up": {"uv": [12.5, 7, 10.25, 6.5], "texture": "#2"},
				"down": {"uv": [12.5, 7, 10.25, 7.5], "texture": "#2"}
			}
		},
		{
			"from": [-0.57237, 4.48395, 0.95],
			"to": [8.42763, 13.48395, 2.45],
			"rotation": {"angle": 0, "axis": "y", "origin": [-2.82237, 2.98395, 2.45]},
			"faces": {
				"north": {"uv": [2.75, 0, 5, 2.25], "texture": "#2"},
				"east": {"uv": [9.5, 0.5, 10, 2.75], "texture": "#2"},
				"south": {"uv": [2.75, 2.25, 5, 4.5], "texture": "#2"},
				"west": {"uv": [9.75, 5.5, 10.25, 7.75], "texture": "#2"},
				"up": {"uv": [12, 8.25, 9.75, 7.75], "texture": "#2"},
				"down": {"uv": [12, 8.25, 9.75, 8.75], "texture": "#2"}
			}
		},
		{
			"from": [2.42763, 7.48395, 15.95],
			"to": [5.42763, 10.48395, 16.25],
			"rotation": {"angle": 45, "axis": "z", "origin": [3.92763, 8.98395, 15.5]},
			"faces": {
				"north": {"uv": [13, 0.75, 13.75, 1.5], "texture": "#2"},
				"east": {"uv": [13.25, 14.5, 13.5, 15.25], "texture": "#2"},
				"south": {"uv": [7.25, 13, 8, 13.75], "texture": "#2"},
				"west": {"uv": [13.5, 14.5, 13.75, 15.25], "texture": "#2"},
				"up": {"uv": [9, 15, 8.25, 14.75], "texture": "#2"},
				"down": {"uv": [15.5, 8.25, 14.75, 8.5], "texture": "#2"}
			}
		},
		{
			"from": [2.42763, 7.48395, 0.65],
			"to": [5.42763, 10.48395, 0.95],
			"rotation": {"angle": 45, "axis": "z", "origin": [3.92763, 8.98395, 0.2]},
			"faces": {
				"north": {"uv": [13.25, 2, 14, 2.75], "texture": "#2"},
				"east": {"uv": [2, 14.75, 2.25, 15.5], "texture": "#2"},
				"south": {"uv": [2.5, 13.25, 3.25, 14], "texture": "#2"},
				"west": {"uv": [2.25, 14.75, 2.5, 15.5], "texture": "#2"},
				"up": {"uv": [15.5, 9, 14.75, 8.75], "texture": "#2"},
				"down": {"uv": [9.75, 14.75, 9, 15], "texture": "#2"}
			}
		},
		{
			"from": [-0.57237, 4.48395, 14.45],
			"to": [8.42763, 13.48395, 15.95],
			"rotation": {"angle": 0, "axis": "y", "origin": [-2.82237, 2.98395, 2.45]},
			"faces": {
				"north": {"uv": [0, 4, 2.25, 6.25], "texture": "#2"},
				"east": {"uv": [9.75, 8.75, 10.25, 11], "texture": "#2"},
				"south": {"uv": [2.25, 4.5, 4.5, 6.75], "texture": "#2"},
				"west": {"uv": [10, 0.5, 10.5, 2.75], "texture": "#2"},
				"up": {"uv": [12.5, 6, 10.25, 5.5], "texture": "#2"},
				"down": {"uv": [12.5, 6, 10.25, 6.5], "texture": "#2"}
			}
		},
		{
			"from": [8.42763, 1.48395, 5.45],
			"to": [9.92763, 2.98395, 11.45],
			"rotation": {"angle": 0, "axis": "y", "origin": [3.92763, -0.01605, 6.95]},
			"faces": {
				"north": {"uv": [13.75, 10.75, 14.25, 11.25], "texture": "#2"},
				"east": {"uv": [12, 3.5, 13.5, 4], "texture": "#2"},
				"south": {"uv": [13.75, 11.25, 14.25, 11.75], "texture": "#2"},
				"west": {"uv": [12, 7.5, 13.5, 8], "texture": "#2"},
				"up": {"uv": [10, 13.5, 9.5, 12], "texture": "#2"},
				"down": {"uv": [10.5, 12, 10, 13.5], "texture": "#2"}
			}
		},
		{
			"from": [9.17763, 2.98395, 5.45],
			"to": [11.42763, 14.98395, 11.45],
			"rotation": {"angle": 0, "axis": "y", "origin": [3.92763, -0.01605, 6.95]},
			"faces": {
				"north": {"uv": [5, 7.5, 5.5, 10.5], "texture": "#2"},
				"east": {"uv": [4.5, 4.5, 6, 7.5], "texture": "#2"},
				"south": {"uv": [5.5, 7.5, 6, 10.5], "texture": "#2"},
				"west": {"uv": [5, 0, 6.5, 3], "texture": "#2"},
				"up": {"uv": [11, 13.5, 10.5, 12], "texture": "#2"},
				"down": {"uv": [11.5, 12, 11, 13.5], "texture": "#2"}
			}
		},
		{
			"from": [11.42763, 3.73395, 6.2],
			"to": [12.17763, 13.48395, 10.7],
			"rotation": {"angle": 0, "axis": "y", "origin": [4.37763, -0.01605, 6.95]},
			"faces": {
				"north": {"uv": [4.5, 11, 4.75, 13.5], "texture": "#2"},
				"east": {"uv": [6.5, 0, 7.75, 2.5], "texture": "#2"},
				"south": {"uv": [8.25, 11, 8.5, 13.5], "texture": "#2"},
				"west": {"uv": [1.5, 6.75, 2.75, 9.25], "texture": "#2"},
				"up": {"uv": [13.75, 14.5, 13.5, 13.25], "texture": "#2"},
				"down": {"uv": [0.25, 13.75, 0, 15], "texture": "#2"}
			}
		},
		{
			"from": [9.92763, 14.23395, 7.25],
			"to": [10.67763, 20.38395, 9.65],
			"rotation": {"angle": -45, "axis": "z", "origin": [4.67763, 8.23395, 6.95]},
			"faces": {
				"north": {"uv": [2.5, 9.25, 2.75, 10.75], "texture": "#2"},
				"east": {"uv": [12, 11.25, 12.5, 12.75], "texture": "#2"},
				"south": {"uv": [10.75, 2.75, 11, 4.25], "texture": "#2"},
				"west": {"uv": [12.5, 0, 13, 1.5], "texture": "#2"},
				"up": {"uv": [7.75, 3, 7.5, 2.5], "texture": "#2"},
				"down": {"uv": [6, 10.5, 5.75, 11], "texture": "#2"}
			}
		},
		{
			"from": [9.64675, 9.02475, 7.25],
			"to": [12.79675, 10.07475, 9.65],
			"rotation": {"angle": 22.5, "axis": "z", "origin": [15.72175, 9.69975, 8.45]},
			"faces": {
				"north": {"uv": [14.75, 4.25, 15.5, 4.5], "texture": "#2"},
				"east": {"uv": [12.25, 14.75, 12.75, 15], "texture": "#2"},
				"south": {"uv": [4.5, 14.75, 5.25, 15], "texture": "#2"},
				"west": {"uv": [12.75, 14.75, 13.25, 15], "texture": "#2"},
				"up": {"uv": [14.25, 10.75, 13.5, 10.25], "texture": "#2"},
				"down": {"uv": [12.75, 13.5, 12, 14], "texture": "#2"}
			}
		},
		{
			"from": [10.17708, 6.85508, 7.25],
			"to": [13.32708, 7.60508, 9.65],
			"rotation": {"angle": 22.5, "axis": "z", "origin": [16.25208, 7.23008, 8.45]},
			"faces": {
				"north": {"uv": [14.75, 4.5, 15.5, 4.75], "texture": "#2"},
				"east": {"uv": [14.75, 12.75, 15.25, 13], "texture": "#2"},
				"south": {"uv": [14.75, 4.75, 15.5, 5], "texture": "#2"},
				"west": {"uv": [14.75, 13, 15.25, 13.25], "texture": "#2"},
				"up": {"uv": [13.5, 14, 12.75, 13.5], "texture": "#2"},
				"down": {"uv": [14.25, 12.75, 13.5, 13.25], "texture": "#2"}
			}
		},
		{
			"from": [9.92763, 11.98395, 7.25],
			"to": [10.67763, 19.48395, 9.65],
			"rotation": {"angle": -45, "axis": "z", "origin": [4.67763, 5.23395, 6.95]},
			"faces": {
				"north": {"uv": [5.5, 12.75, 5.75, 14.75], "texture": "#2"},
				"east": {"uv": [7.25, 11, 7.75, 13], "texture": "#2"},
				"south": {"uv": [9.25, 12.75, 9.5, 14.75], "texture": "#2"},
				"west": {"uv": [7.75, 11, 8.25, 13], "texture": "#2"},
				"up": {"uv": [9.75, 11, 9.5, 10.5], "texture": "#2"},
				"down": {"uv": [11, 0, 10.75, 0.5], "texture": "#2"}
			}
		},
		{
			"from": [9.17763, 12.43395, 6.5],
			"to": [10.67763, 19.78395, 7.25],
			"rotation": {"angle": -45, "axis": "z", "origin": [4.67763, 6.28395, 6.5]},
			"faces": {
				"north": {"uv": [11.5, 11.5, 12, 13.25], "texture": "#2"},
				"east": {"uv": [4.75, 8.75, 5, 10.5], "texture": "#2"},
				"south": {"uv": [0, 12, 0.5, 13.75], "texture": "#2"},
				"west": {"uv": [8.5, 8.75, 8.75, 10.5], "texture": "#2"},
				"up": {"uv": [15.25, 10.25, 14.75, 10], "texture": "#2"},
				"down": {"uv": [15.25, 10.25, 14.75, 10.5], "texture": "#2"}
			}
		},
		{
			"from": [10.41171, 4.92656, 6.5],
			"to": [13.26171, 6.42656, 7.25],
			"rotation": {"angle": 22.5, "axis": "z", "origin": [9.58671, 5.67656, 6.875]},
			"faces": {
				"north": {"uv": [14.75, 5.5, 15.5, 5.75], "texture": "#2"},
				"east": {"uv": [10.5, 4, 10.75, 4.25], "texture": "#2"},
				"south": {"uv": [14.75, 5.75, 15.5, 6], "texture": "#2"},
				"west": {"uv": [2.5, 10.75, 2.75, 11], "texture": "#2"},
				"up": {"uv": [15.5, 6.25, 14.75, 6], "texture": "#2"},
				"down": {"uv": [7, 14.75, 6.25, 15], "texture": "#2"}
			}
		},
		{
			"from": [10.41171, 4.92656, 9.65],
			"to": [13.26171, 6.42656, 10.4],
			"rotation": {"angle": 22.5, "axis": "z", "origin": [9.58671, 5.67656, 10.025]},
			"faces": {
				"north": {"uv": [14.75, 7, 15.5, 7.25], "texture": "#2"},
				"east": {"uv": [11.75, 7.5, 12, 7.75], "texture": "#2"},
				"south": {"uv": [14.75, 7.5, 15.5, 7.75], "texture": "#2"},
				"west": {"uv": [11.75, 11.25, 12, 11.5], "texture": "#2"},
				"up": {"uv": [15.5, 8, 14.75, 7.75], "texture": "#2"},
				"down": {"uv": [15.5, 8, 14.75, 8.25], "texture": "#2"}
			}
		},
		{
			"from": [8.57763, 19.78395, 6.5],
			"to": [11.42763, 20.53395, 10.4],
			"rotation": {"angle": -45, "axis": "z", "origin": [4.67763, 6.28395, 6.5]},
			"faces": {
				"north": {"uv": [14.75, 1.75, 15.5, 2], "texture": "#2"},
				"east": {"uv": [14, 2.5, 15, 2.75], "texture": "#2"},
				"south": {"uv": [14.75, 3, 15.5, 3.25], "texture": "#2"},
				"west": {"uv": [14.25, 8.5, 15.25, 8.75], "texture": "#2"},
				"up": {"uv": [13.25, 3, 12.5, 2], "texture": "#2"},
				"down": {"uv": [13.25, 5.5, 12.5, 6.5], "texture": "#2"}
			}
		},
		{
			"from": [7.82763, 19.48395, 6.5],
			"to": [8.57763, 21.13395, 10.4],
			"rotation": {"angle": -45, "axis": "z", "origin": [4.67763, 6.28395, 6.5]},
			"faces": {
				"north": {"uv": [14.75, 11.25, 15, 11.75], "texture": "#2"},
				"east": {"uv": [6.5, 2.5, 7.5, 3], "texture": "#2"},
				"south": {"uv": [11.75, 14.75, 12, 15.25], "texture": "#2"},
				"west": {"uv": [8.75, 5.5, 9.75, 6], "texture": "#2"},
				"up": {"uv": [3.25, 15, 3, 14], "texture": "#2"},
				"down": {"uv": [2.75, 14.5, 2.5, 15.5], "texture": "#2"}
			}
		},
		{
			"from": [8.57763, 19.48395, 9.65],
			"to": [9.32763, 21.13395, 10.4],
			"rotation": {"angle": -45, "axis": "z", "origin": [4.67763, 6.28395, 6.5]},
			"faces": {
				"north": {"uv": [14.75, 13.25, 15, 13.75], "texture": "#2"},
				"east": {"uv": [13.75, 14.75, 14, 15.25], "texture": "#2"},
				"south": {"uv": [14.75, 13.75, 15, 14.25], "texture": "#2"},
				"west": {"uv": [14, 14.75, 14.25, 15.25], "texture": "#2"},
				"up": {"uv": [14, 1.5, 13.75, 1.25], "texture": "#2"},
				"down": {"uv": [14, 6.75, 13.75, 7], "texture": "#2"}
			}
		},
		{
			"from": [8.57763, 19.48395, 6.5],
			"to": [9.32763, 21.13395, 7.25],
			"rotation": {"angle": -45, "axis": "z", "origin": [4.67763, 6.28395, 6.5]},
			"faces": {
				"north": {"uv": [14.25, 14.75, 14.5, 15.25], "texture": "#2"},
				"east": {"uv": [14.75, 14.25, 15, 14.75], "texture": "#2"},
				"south": {"uv": [14.5, 14.75, 14.75, 15.25], "texture": "#2"},
				"west": {"uv": [14.75, 14.75, 15, 15.25], "texture": "#2"},
				"up": {"uv": [15.25, 2.75, 15, 2.5], "texture": "#2"},
				"down": {"uv": [3.25, 15, 3, 15.25], "texture": "#2"}
			}
		},
		{
			"from": [10.67763, 19.48395, 6.5],
			"to": [11.42763, 21.13395, 7.25],
			"rotation": {"angle": -45, "axis": "z", "origin": [4.67763, 6.28395, 6.5]},
			"faces": {
				"north": {"uv": [15, 0.5, 15.25, 1], "texture": "#2"},
				"east": {"uv": [0.75, 15, 1, 15.5], "texture": "#2"},
				"south": {"uv": [1, 15, 1.25, 15.5], "texture": "#2"},
				"west": {"uv": [15, 1, 15.25, 1.5], "texture": "#2"},
				"up": {"uv": [4.25, 15.25, 4, 15], "texture": "#2"},
				"down": {"uv": [4.5, 15, 4.25, 15.25], "texture": "#2"}
			}
		},
		{
			"from": [10.37763, 19.48395, 8],
			"to": [11.42763, 21.13395, 9.05],
			"rotation": {"angle": -45, "axis": "z", "origin": [4.67763, 6.28395, 6.5]},
			"faces": {
				"north": {"uv": [1.25, 15, 1.5, 15.5], "texture": "#2"},
				"east": {"uv": [1.5, 15, 1.75, 15.5], "texture": "#2"},
				"south": {"uv": [1.75, 15, 2, 15.5], "texture": "#2"},
				"west": {"uv": [15, 2, 15.25, 2.5], "texture": "#2"},
				"up": {"uv": [4.75, 15.25, 4.5, 15], "texture": "#2"},
				"down": {"uv": [5, 15, 4.75, 15.25], "texture": "#2"}
			}
		},
		{
			"from": [12.17763, 20.23395, 8.6],
			"to": [12.62763, 21.13395, 9.2],
			"rotation": {"angle": -45, "axis": "z", "origin": [4.67763, 6.28395, 6.5]},
			"faces": {
				"north": {"uv": [8.25, 15, 8.5, 15.25], "texture": "#2"},
				"east": {"uv": [8.5, 15, 8.75, 15.25], "texture": "#2"},
				"south": {"uv": [8.75, 15, 9, 15.25], "texture": "#2"},
				"west": {"uv": [9, 15, 9.25, 15.25], "texture": "#2"},
				"up": {"uv": [9.5, 15.25, 9.25, 15], "texture": "#2"},
				"down": {"uv": [9.75, 15, 9.5, 15.25], "texture": "#2"}
			}
		},
		{
			"from": [12.47763, 19.93395, 8.45],
			"to": [12.92763, 20.38395, 8.9],
			"rotation": {"angle": -45, "axis": "z", "origin": [4.67763, 6.28395, 6.5]},
			"faces": {
				"north": {"uv": [9.75, 15, 10, 15.25], "texture": "#2"},
				"east": {"uv": [10, 15, 10.25, 15.25], "texture": "#2"},
				"south": {"uv": [10.25, 15, 10.5, 15.25], "texture": "#2"},
				"west": {"uv": [10.5, 15, 10.75, 15.25], "texture": "#2"},
				"up": {"uv": [11, 15.25, 10.75, 15], "texture": "#2"},
				"down": {"uv": [15.25, 10.75, 15, 11], "texture": "#2"}
			}
		},
		{
			"from": [19.81024, 8.12723, 8.3],
			"to": [20.41024, 8.57723, 8.9],
			"rotation": {"angle": -22.5, "axis": "z", "origin": [20.11024, 8.35223, 8.6]},
			"faces": {
				"north": {"uv": [15, 11, 15.25, 11.25], "texture": "#2"},
				"east": {"uv": [15, 11.25, 15.25, 11.5], "texture": "#2"},
				"south": {"uv": [15, 11.5, 15.25, 11.75], "texture": "#2"},
				"west": {"uv": [15, 11.75, 15.25, 12], "texture": "#2"},
				"up": {"uv": [15.25, 12.25, 15, 12], "texture": "#2"},
				"down": {"uv": [12.5, 15, 12.25, 15.25], "texture": "#2"}
			}
		},
		{
			"from": [13.97763, 15.88395, 7.7],
			"to": [14.42763, 16.33395, 8.15],
			"rotation": {"angle": -45, "axis": "z", "origin": [4.67763, 3.73395, 5.75]},
			"faces": {
				"north": {"uv": [12.5, 15, 12.75, 15.25], "texture": "#2"},
				"east": {"uv": [12.75, 15, 13, 15.25], "texture": "#2"},
				"south": {"uv": [13, 15, 13.25, 15.25], "texture": "#2"},
				"west": {"uv": [15, 13.25, 15.25, 13.5], "texture": "#2"},
				"up": {"uv": [15.25, 13.75, 15, 13.5], "texture": "#2"},
				"down": {"uv": [15.25, 13.75, 15, 14], "texture": "#2"}
			}
		},
		{
			"from": [10.97763, 21.13395, 8.75],
			"to": [12.32763, 21.28395, 9.5],
			"rotation": {"angle": -45, "axis": "z", "origin": [4.67763, 6.28395, 6.5]},
			"faces": {
				"north": {"uv": [5, 15, 5.25, 15.25], "texture": "#2"},
				"east": {"uv": [6.25, 15, 6.5, 15.25], "texture": "#2"},
				"south": {"uv": [6.5, 15, 6.75, 15.25], "texture": "#2"},
				"west": {"uv": [6.75, 15, 7, 15.25], "texture": "#2"},
				"up": {"uv": [7.5, 15.25, 7.25, 15], "texture": "#2"},
				"down": {"uv": [8.25, 15, 8, 15.25], "texture": "#2"}
			}
		},
		{
			"from": [10.67763, 19.48395, 9.65],
			"to": [11.42763, 21.13395, 10.4],
			"rotation": {"angle": -45, "axis": "z", "origin": [4.67763, 6.28395, 6.5]},
			"faces": {
				"north": {"uv": [0, 15, 0.25, 15.5], "texture": "#2"},
				"east": {"uv": [15, 0, 15.25, 0.5], "texture": "#2"},
				"south": {"uv": [0.25, 15, 0.5, 15.5], "texture": "#2"},
				"west": {"uv": [0.5, 15, 0.75, 15.5], "texture": "#2"},
				"up": {"uv": [3.75, 15.25, 3.5, 15], "texture": "#2"},
				"down": {"uv": [4, 15, 3.75, 15.25], "texture": "#2"}
			}
		},
		{
			"from": [11.42763, 19.48395, 6.5],
			"to": [12.17763, 21.13395, 10.4],
			"rotation": {"angle": -45, "axis": "z", "origin": [4.67763, 6.28395, 6.5]},
			"faces": {
				"north": {"uv": [14.75, 11.75, 15, 12.25], "texture": "#2"},
				"east": {"uv": [3.5, 13.25, 4.5, 13.75], "texture": "#2"},
				"south": {"uv": [12, 14.75, 12.25, 15.25], "texture": "#2"},
				"west": {"uv": [13.25, 4.5, 14.25, 5], "texture": "#2"},
				"up": {"uv": [3, 15.5, 2.75, 14.5], "texture": "#2"},
				"down": {"uv": [14.75, 3.5, 14.5, 4.5], "texture": "#2"}
			}
		},
		{
			"from": [8.57763, 19.48395, 5.75],
			"to": [11.42763, 21.13395, 6.5],
			"rotation": {"angle": -45, "axis": "z", "origin": [4.67763, 6.28395, 6.5]},
			"faces": {
				"north": {"uv": [1.5, 6.25, 2.25, 6.75], "texture": "#2"},
				"east": {"uv": [2.25, 11.5, 2.5, 12], "texture": "#2"},
				"south": {"uv": [13.25, 12.25, 14, 12.75], "texture": "#2"},
				"west": {"uv": [14.75, 10.75, 15, 11.25], "texture": "#2"},
				"up": {"uv": [15.5, 3.5, 14.75, 3.25], "texture": "#2"},
				"down": {"uv": [15.5, 3.5, 14.75, 3.75], "texture": "#2"}
			}
		},
		{
			"from": [8.57763, 19.48395, 10.4],
			"to": [11.42763, 21.13395, 11.15],
			"rotation": {"angle": -45, "axis": "z", "origin": [4.67763, 6.28395, 6.5]},
			"faces": {
				"north": {"uv": [13.5, 1.5, 14.25, 2], "texture": "#2"},
				"east": {"uv": [11, 14.75, 11.25, 15.25], "texture": "#2"},
				"south": {"uv": [13.5, 7.5, 14.25, 8], "texture": "#2"},
				"west": {"uv": [11.25, 14.75, 11.5, 15.25], "texture": "#2"},
				"up": {"uv": [15.5, 4, 14.75, 3.75], "texture": "#2"},
				"down": {"uv": [15.5, 4, 14.75, 4.25], "texture": "#2"}
			}
		},
		{
			"from": [9.17763, 12.28395, 9.65],
			"to": [10.67763, 19.78395, 10.4],
			"rotation": {"angle": -45, "axis": "z", "origin": [4.67763, 6.28395, 9.65]},
			"faces": {
				"north": {"uv": [11.5, 0, 12, 2], "texture": "#2"},
				"east": {"uv": [8, 13, 8.25, 15], "texture": "#2"},
				"south": {"uv": [11.5, 2, 12, 4], "texture": "#2"},
				"west": {"uv": [3.25, 13.25, 3.5, 15.25], "texture": "#2"},
				"up": {"uv": [11, 15, 10.5, 14.75], "texture": "#2"},
				"down": {"uv": [15.25, 10.5, 14.75, 10.75], "texture": "#2"}
			}
		},
		{
			"from": [-3.57237, 13.48395, 5.45],
			"to": [-1.32237, 14.98395, 11.45],
			"rotation": {"angle": 0, "axis": "y", "origin": [3.92763, -0.01605, 6.95]},
			"faces": {
				"north": {"uv": [2.25, 4, 2.75, 4.5], "texture": "#2"},
				"east": {"uv": [11.75, 10.75, 13.25, 11.25], "texture": "#2"},
				"south": {"uv": [7.5, 13.75, 8, 14.25], "texture": "#2"},
				"west": {"uv": [12, 1.5, 13.5, 2], "texture": "#2"},
				"up": {"uv": [2.5, 13.5, 2, 12], "texture": "#2"},
				"down": {"uv": [12.5, 2, 12, 3.5], "texture": "#2"}
			}
		},
		{
			"from": [-2.07237, 13.48395, 11.45],
			"to": [-0.57237, 14.98395, 12.95],
			"rotation": {"angle": 0, "axis": "y", "origin": [3.92763, -0.01605, 6.95]},
			"faces": {
				"north": {"uv": [1, 14.25, 1.5, 14.75], "texture": "#2"},
				"east": {"uv": [1.5, 14.25, 2, 14.75], "texture": "#2"},
				"south": {"uv": [14.25, 1.5, 14.75, 2], "texture": "#2"},
				"west": {"uv": [2, 14.25, 2.5, 14.75], "texture": "#2"},
				"up": {"uv": [5, 14.75, 4.5, 14.25], "texture": "#2"},
				"down": {"uv": [14.75, 4.5, 14.25, 5], "texture": "#2"}
			}
		},
		{
			"from": [-2.07237, 13.48395, 3.95],
			"to": [-0.57237, 14.98395, 5.45],
			"rotation": {"angle": 0, "axis": "y", "origin": [3.92763, -0.01605, 6.95]},
			"faces": {
				"north": {"uv": [14.25, 7.5, 14.75, 8], "texture": "#2"},
				"east": {"uv": [8.25, 14.25, 8.75, 14.75], "texture": "#2"},
				"south": {"uv": [8.75, 14.25, 9.25, 14.75], "texture": "#2"},
				"west": {"uv": [9.5, 14.25, 10, 14.75], "texture": "#2"},
				"up": {"uv": [10.5, 14.75, 10, 14.25], "texture": "#2"},
				"down": {"uv": [14.75, 10.25, 14.25, 10.75], "texture": "#2"}
			}
		},
		{
			"from": [8.42763, 13.48395, 11.45],
			"to": [9.92763, 14.98395, 12.95],
			"rotation": {"angle": 0, "axis": "y", "origin": [3.92763, -0.01605, 6.95]},
			"faces": {
				"north": {"uv": [14.25, 13.75, 14.75, 14.25], "texture": "#2"},
				"east": {"uv": [14.25, 14.25, 14.75, 14.75], "texture": "#2"},
				"south": {"uv": [14.5, 0, 15, 0.5], "texture": "#2"},
				"west": {"uv": [14.5, 0.5, 15, 1], "texture": "#2"},
				"up": {"uv": [15, 1.5, 14.5, 1], "texture": "#2"},
				"down": {"uv": [15, 2, 14.5, 2.5], "texture": "#2"}
			}
		},
		{
			"from": [8.42763, 13.48395, 3.95],
			"to": [9.92763, 14.98395, 5.45],
			"rotation": {"angle": 0, "axis": "y", "origin": [3.92763, -0.01605, 6.95]},
			"faces": {
				"north": {"uv": [11, 14.25, 11.5, 14.75], "texture": "#2"},
				"east": {"uv": [14.25, 11.25, 14.75, 11.75], "texture": "#2"},
				"south": {"uv": [14.25, 11.75, 14.75, 12.25], "texture": "#2"},
				"west": {"uv": [14.25, 12.75, 14.75, 13.25], "texture": "#2"},
				"up": {"uv": [14.75, 13.75, 14.25, 13.25], "texture": "#2"},
				"down": {"uv": [14.25, 14.25, 13.75, 14.75], "texture": "#2"}
			}
		},
		{
			"from": [-0.57237, 13.48395, 12.2],
			"to": [8.42763, 14.98395, 14.45],
			"rotation": {"angle": 0, "axis": "y", "origin": [3.92763, -0.01605, 6.95]},
			"faces": {
				"north": {"uv": [11, 4.5, 13.25, 5], "texture": "#2"},
				"east": {"uv": [5, 14.25, 5.5, 14.75], "texture": "#2"},
				"south": {"uv": [11, 5, 13.25, 5.5], "texture": "#2"},
				"west": {"uv": [7.5, 14.25, 8, 14.75], "texture": "#2"},
				"up": {"uv": [11.75, 11.5, 9.5, 11], "texture": "#2"},
				"down": {"uv": [13.5, 8.75, 11.25, 9.25], "texture": "#2"}
			}
		},
		{
			"from": [2.42763, 14.98395, 13.7],
			"to": [5.42763, 17.98395, 14.45],
			"rotation": {"angle": 0, "axis": "y", "origin": [3.92763, -0.01605, 8.45]},
			"faces": {
				"north": {"uv": [12.5, 6.5, 13.25, 7.25], "texture": "#2"},
				"east": {"uv": [4.25, 6.75, 4.5, 7.5], "texture": "#2"},
				"south": {"uv": [12.5, 11.25, 13.25, 12], "texture": "#2"},
				"west": {"uv": [14.5, 5.5, 14.75, 6.25], "texture": "#2"},
				"up": {"uv": [7, 14.75, 6.25, 14.5], "texture": "#2"},
				"down": {"uv": [15.25, 6.25, 14.5, 6.5], "texture": "#2"}
			}
		},
		{
			"from": [2.42763, 14.98395, 2.45],
			"to": [5.42763, 17.98395, 3.2],
			"rotation": {"angle": 0, "axis": "y", "origin": [3.92763, -0.01605, 5.45]},
			"faces": {
				"north": {"uv": [8.5, 12.75, 9.25, 13.5], "texture": "#2"},
				"east": {"uv": [14.5, 9.5, 14.75, 10.25], "texture": "#2"},
				"south": {"uv": [12, 12.75, 12.75, 13.5], "texture": "#2"},
				"west": {"uv": [11.5, 14.5, 11.75, 15.25], "texture": "#2"},
				"up": {"uv": [15.25, 7.5, 14.5, 7.25], "texture": "#2"},
				"down": {"uv": [12.5, 14.5, 11.75, 14.75], "texture": "#2"}
			}
		},
		{
			"from": [2.42763, 17.54461, 12.63934],
			"to": [5.42763, 20.54461, 13.38934],
			"rotation": {"angle": -45, "axis": "x", "origin": [3.92763, 19.04461, 13.38934]},
			"faces": {
				"north": {"uv": [12.5, 12, 13.25, 12.75], "texture": "#2"},
				"east": {"uv": [7, 14.5, 7.25, 15.25], "texture": "#2"},
				"south": {"uv": [4.75, 12.75, 5.5, 13.5], "texture": "#2"},
				"west": {"uv": [14.5, 8.75, 14.75, 9.5], "texture": "#2"},
				"up": {"uv": [15.25, 6.75, 14.5, 6.5], "texture": "#2"},
				"down": {"uv": [15.25, 6.75, 14.5, 7], "texture": "#2"}
			}
		},
		{
			"from": [2.42763, 19.35527, 4.57868],
			"to": [5.42763, 20.10527, 12.32868],
			"rotation": {"angle": 0, "axis": "x", "origin": [3.92763, 20.10527, 10.82868]},
			"faces": {
				"north": {"uv": [1.25, 14.75, 2, 15], "texture": "#2"},
				"east": {"uv": [12.5, 7.25, 14.5, 7.5], "texture": "#2"},
				"south": {"uv": [14.75, 1.5, 15.5, 1.75], "texture": "#2"},
				"west": {"uv": [13.25, 2.75, 15.25, 3], "texture": "#2"},
				"up": {"uv": [8.5, 2, 7.75, 0], "texture": "#2"},
				"down": {"uv": [8.5, 2, 7.75, 4], "texture": "#2"}
			}
		},
		{
			"from": [3.42763, 20.10527, 4.55368],
			"to": [4.42763, 20.23027, 12.37868],
			"rotation": {"angle": 0, "axis": "x", "origin": [3.92763, 20.23027, 10.82868]},
			"faces": {
				"north": {"uv": [15, 14, 15.25, 14.25], "texture": "#2"},
				"east": {"uv": [13.25, 5, 15.25, 5.25], "texture": "#2"},
				"south": {"uv": [15, 14.25, 15.25, 14.5], "texture": "#2"},
				"west": {"uv": [13.25, 5.25, 15.25, 5.5], "texture": "#2"},
				"up": {"uv": [6, 15.25, 5.75, 13.25], "texture": "#2"},
				"down": {"uv": [6.25, 13.25, 6, 15.25], "texture": "#2"}
			}
		},
		{
			"from": [3.42763, 17.46763, 11.19649],
			"to": [4.42763, 17.59263, 14.29649],
			"rotation": {"angle": 45, "axis": "x", "origin": [2.92763, 17.48013, 14.97149]},
			"faces": {
				"north": {"uv": [15, 14.5, 15.25, 14.75], "texture": "#2"},
				"east": {"uv": [14.75, 9, 15.5, 9.25], "texture": "#2"},
				"south": {"uv": [15, 14.75, 15.25, 15], "texture": "#2"},
				"west": {"uv": [14.75, 9.25, 15.5, 9.5], "texture": "#2"},
				"up": {"uv": [5.5, 15.5, 5.25, 14.75], "texture": "#2"},
				"down": {"uv": [5.75, 14.75, 5.5, 15.5], "texture": "#2"}
			}
		},
		{
			"from": [3.42763, 13.48395, 14.45],
			"to": [4.42763, 18.03395, 14.575],
			"rotation": {"angle": 0, "axis": "x", "origin": [3.92763, 17.45895, 14.4625]},
			"faces": {
				"north": {"uv": [13.75, 0, 14, 1.25], "texture": "#2"},
				"east": {"uv": [0.25, 13.75, 0.5, 15], "texture": "#2"},
				"south": {"uv": [3.5, 13.75, 3.75, 15], "texture": "#2"},
				"west": {"uv": [3.75, 13.75, 4, 15], "texture": "#2"},
				"up": {"uv": [15.25, 15.25, 15, 15], "texture": "#2"},
				"down": {"uv": [15.5, 0, 15.25, 0.25], "texture": "#2"}
			}
		},
		{
			"from": [3.42763, 13.43395, 2.325],
			"to": [4.42763, 18.00895, 2.45],
			"rotation": {"angle": 0, "axis": "x", "origin": [2.92763, 17.40895, 2.5125]},
			"faces": {
				"north": {"uv": [4, 13.75, 4.25, 15], "texture": "#2"},
				"east": {"uv": [4.25, 13.75, 4.5, 15], "texture": "#2"},
				"south": {"uv": [13.75, 5.5, 14, 6.75], "texture": "#2"},
				"west": {"uv": [7.25, 13.75, 7.5, 15], "texture": "#2"},
				"up": {"uv": [15.5, 1, 15.25, 0.75], "texture": "#2"},
				"down": {"uv": [15.5, 1, 15.25, 1.25], "texture": "#2"}
			}
		},
		{
			"from": [3.42763, 17.46157, 2.65529],
			"to": [4.42763, 17.58657, 5.80529],
			"rotation": {"angle": -45, "axis": "x", "origin": [2.92763, 17.39907, 1.98029]},
			"faces": {
				"north": {"uv": [15.25, 0.25, 15.5, 0.5], "texture": "#2"},
				"east": {"uv": [14.75, 9.5, 15.5, 9.75], "texture": "#2"},
				"south": {"uv": [15.25, 0.5, 15.5, 0.75], "texture": "#2"},
				"west": {"uv": [9.75, 14.75, 10.5, 15], "texture": "#2"},
				"up": {"uv": [7.75, 15.5, 7.5, 14.75], "texture": "#2"},
				"down": {"uv": [8, 14.75, 7.75, 15.5], "texture": "#2"}
			}
		},
		{
			"from": [2.42763, 18.29461, 2.01066],
			"to": [5.42763, 19.04461, 5.01066],
			"rotation": {"angle": -45, "axis": "x", "origin": [3.92763, 19.04461, 3.51066]},
			"faces": {
				"north": {"uv": [14.5, 12.25, 15.25, 12.5], "texture": "#2"},
				"east": {"uv": [12.5, 14.5, 13.25, 14.75], "texture": "#2"},
				"south": {"uv": [14.5, 12.5, 15.25, 12.75], "texture": "#2"},
				"west": {"uv": [0.5, 14.75, 1.25, 15], "texture": "#2"},
				"up": {"uv": [13.5, 13.5, 12.75, 12.75], "texture": "#2"},
				"down": {"uv": [13.75, 0, 13, 0.75], "texture": "#2"}
			}
		},
		{
			"from": [-0.57237, 13.48395, 2.45],
			"to": [8.42763, 14.98395, 4.7],
			"rotation": {"angle": 0, "axis": "y", "origin": [3.92763, -0.01605, 6.95]},
			"faces": {
				"north": {"uv": [11.25, 9.25, 13.5, 9.75], "texture": "#2"},
				"east": {"uv": [10.5, 14.25, 11, 14.75], "texture": "#2"},
				"south": {"uv": [11.25, 9.75, 13.5, 10.25], "texture": "#2"},
				"west": {"uv": [14.25, 10.75, 14.75, 11.25], "texture": "#2"},
				"up": {"uv": [13.5, 10.75, 11.25, 10.25], "texture": "#2"},
				"down": {"uv": [2.25, 11.5, 0, 12], "texture": "#2"}
			}
		},
		{
			"from": [-5.07237, 4.48395, 5.45],
			"to": [-3.57237, 13.48395, 11.45],
			"rotation": {"angle": 0, "axis": "y", "origin": [3.92763, -0.01605, 6.95]},
			"faces": {
				"north": {"uv": [8.5, 0.5, 9, 2.75], "texture": "#2"},
				"east": {"uv": [6, 6, 7.5, 8.25], "texture": "#2"},
				"south": {"uv": [2.75, 8.75, 3.25, 11], "texture": "#2"},
				"west": {"uv": [0, 6.25, 1.5, 8.5], "texture": "#2"},
				"up": {"uv": [1.5, 13.5, 1, 12], "texture": "#2"},
				"down": {"uv": [2, 12, 1.5, 13.5], "texture": "#2"}
			}
		}
	],
	"display": {
		"thirdperson_righthand": {
			"rotation": [90, 90, 0],
			"translation": [-0.25, 0, -3.75],
			"scale": [0.4, 0.4, 0.4]
		},
		"thirdperson_lefthand": {
			"rotation": [90, -90, 0],
			"translation": [0, 0, -3.75],
			"scale": [0.4, 0.4, 0.4]
		},
		"firstperson_righthand": {
			"rotation": [180, 80, -180],
			"translation": [0, 1.5, 0],
			"scale": [0.4, 0.4, 0.4]
		},
		"firstperson_lefthand": {
			"rotation": [180, -100, -180],
			"translation": [0, 1.5, 0],
			"scale": [0.4, 0.4, 0.4]
		},
		"ground": {
			"translation": [0, 6.5, 0]
		},
		"gui": {
			"rotation": [-150, -45, 180],
			"translation": [-0.5, -2, 0],
			"scale": [0.71, 0.71, 0.71]
		},
		"head": {
			"rotation": [-180, 90, 180],
			"translation": [-0.25, 10.5, -1.75],
			"scale": [0.52, 0.52, 0.52]
		}
	}
}