{
  "model": {
    "type": "range_dispatch",
    "property": "custom_model_data",
    "fallback": {
      "type": "model",
      "model": "item/paper"
    },
    "entries": [
      {
        "threshold": 1,
        "model": {
          "type": "model",
          "model": "item/creeper_banner_pattern"
        }
      },
      {
        "threshold": 1000,
        "model": {
          "type": "model",
          "model": "item/menus/vote/vote_base"
        }
      },
      {
        "threshold": 1001,
        "model": {
          "type": "model",
          "model": "item/menus/vote/vote_disabled"
        }
      },
      {
        "threshold": 1002,
        "model": {
          "type": "model",
          "model": "item/menus/generic/info"
        }
      },
      {
        "threshold": 1003,
        "model": {
          "type": "model",
          "model": "item/menus/generic/back"
        }
      },
      {
        "threshold": 1004,
        "model": {
          "type": "model",
          "model": "item/menus/generic/down"
        }
      },
      {
        "threshold": 1005,
        "model": {
          "type": "model",
          "model": "item/menus/generic/left"
        }
      },
      {
        "threshold": 1006,
        "model": {
          "type": "model",
          "model": "item/menus/generic/right"
        }
      },
      {
        "threshold": 1007,
        "model": {
          "type": "model",
          "model": "item/menus/generic/up"
        }
      },
      {
        "threshold": 1008,
        "model": {
          "type": "model",
          "model": "item/menus/toggle/toggle_off"
        }
      },
      {
        "threshold": 1009,
        "model": {
          "type": "model",
          "model": "item/menus/toggle/toggle_on"
        }
      }
    ]
  }
}
