{
  "mcp.nuke": {
    "category": "master",
    "sounds": [
      "mcp/nuke"
    ]
  },
  "mcp.thermite": {
    "category": "master",
    "sounds": [
      "mcp/thermite"
    ]
  },
  "mcp.icepick": {
    "category": "master",
    "sounds": [
      "mcp/icepick"
    ]
  },
  "mcp.drill": {
    "category": "master",
    "sounds": [
      "mcp/drill"
    ]
  },
  "mcp.bells": {
    "category": "master",
    "sounds": [
      "mcp/bells"
    ]
  },
  "mcp.unwrap": {
    "category": "master",
    "sounds": [
      "mcp/unwrap"
    ]
  },
  "mcp.laser": {
    "category": "master",
    "sounds": [
      "mcp/laser"
    ]
  }
}