{
	"credit": "Made by ChainArts",
	"texture_size": [32, 32],
	"textures": {
		"2": "item/fishing_rods/elite_cast_rod"
	},
	"elements": [
		{
			"from": [7.53858, 7.03658, 7.05],
			"to": [9.33858, 18.63658, 8.85],
			"rotation": {"angle": 0, "axis": "z", "origin": [8.7414, 11.97532, 6.71135]},
			"faces": {
				"north": {"uv": [0, 0, 5.75, 1], "rotation": 90, "texture": "#2"},
				"east": {"uv": [5.75, 3, 0, 4], "rotation": 270, "texture": "#2"},
				"south": {"uv": [0, 1, 5.75, 2], "rotation": 270, "texture": "#2"},
				"west": {"uv": [5.75, 3, 0, 2], "rotation": 270, "texture": "#2"},
				"up": {"uv": [2, 8, 3, 9], "rotation": 270, "texture": "#2"},
				"down": {"uv": [3, 8, 4, 9], "rotation": 270, "texture": "#2"}
			}
		},
		{
			"from": [7.13557, 11.3406, 7.3],
			"to": [7.53557, 11.9406, 8.7],
			"rotation": {"angle": 0, "axis": "z", "origin": [8.7414, 11.97532, 6.71135]},
			"faces": {
				"north": {"uv": [11, 13.5, 11.25, 13.75], "rotation": 90, "texture": "#2"},
				"east": {"uv": [12.25, 10.5, 12, 11.25], "rotation": 270, "texture": "#2"},
				"south": {"uv": [11.5, 13.5, 11.75, 13.75], "rotation": 270, "texture": "#2"},
				"west": {"uv": [8.75, 12.75, 8.5, 12], "rotation": 270, "texture": "#2"},
				"up": {"uv": [6.5, 12, 7.25, 12.25], "rotation": 270, "texture": "#2"},
				"down": {"uv": [7.5, 12, 8.25, 12.25], "rotation": 270, "texture": "#2"}
			}
		},
		{
			"from": [6.73557, 11.3406, 7.65],
			"to": [7.13557, 11.9406, 7.85],
			"rotation": {"angle": 0, "axis": "z", "origin": [8.7414, 11.97532, 6.71135]},
			"faces": {
				"north": {"uv": [13.5, 11.5, 13.75, 11.75], "rotation": 90, "texture": "#2"},
				"east": {"uv": [13.25, 13.5, 13, 13.75], "rotation": 270, "texture": "#2"},
				"south": {"uv": [13.5, 12, 13.75, 12.25], "rotation": 270, "texture": "#2"},
				"west": {"uv": [13.75, 12.75, 13.5, 12.5], "rotation": 270, "texture": "#2"},
				"up": {"uv": [12, 13.5, 12.25, 13.75], "rotation": 270, "texture": "#2"},
				"down": {"uv": [12.5, 13.5, 12.75, 13.75], "rotation": 270, "texture": "#2"}
			}
		},
		{
			"from": [6.73557, 11.3406, 8.15],
			"to": [7.13557, 11.9406, 8.35],
			"rotation": {"angle": 0, "axis": "z", "origin": [8.7414, 11.97532, 6.71135]},
			"faces": {
				"north": {"uv": [13.5, 13, 13.75, 13.25], "rotation": 90, "texture": "#2"},
				"east": {"uv": [14.25, 0.5, 14, 0.75], "rotation": 270, "texture": "#2"},
				"south": {"uv": [0, 14, 0.25, 14.25], "rotation": 270, "texture": "#2"},
				"west": {"uv": [0.75, 14.25, 0.5, 14], "rotation": 270, "texture": "#2"},
				"up": {"uv": [13.5, 13.5, 13.75, 13.75], "rotation": 270, "texture": "#2"},
				"down": {"uv": [14, 0, 14.25, 0.25], "rotation": 270, "texture": "#2"}
			}
		},
		{
			"from": [6.83557, 11.2406, 7.85],
			"to": [7.13557, 18.3906, 8.15],
			"rotation": {"angle": 0, "axis": "z", "origin": [8.7414, 11.97532, 6.71135]},
			"faces": {
				"north": {"uv": [8.5, 0, 12, 0.25], "rotation": 90, "texture": "#2"},
				"east": {"uv": [12, 1.5, 8.5, 1.75], "rotation": 270, "texture": "#2"},
				"south": {"uv": [8.5, 0.5, 12, 0.75], "rotation": 270, "texture": "#2"},
				"west": {"uv": [12, 1.25, 8.5, 1], "rotation": 270, "texture": "#2"},
				"up": {"uv": [1, 14, 1.25, 14.25], "rotation": 270, "texture": "#2"},
				"down": {"uv": [14, 1, 14.25, 1.25], "rotation": 270, "texture": "#2"}
			}
		},
		{
			"from": [6.87425, 10.65343, 7.85],
			"to": [7.17425, 12.80343, 8.15],
			"rotation": {"angle": 45, "axis": "z", "origin": [8.7414, 11.97532, 6.71135]},
			"faces": {
				"north": {"uv": [8.5, 4, 8.75, 5], "texture": "#2"},
				"east": {"uv": [8.5, 10.5, 8.75, 11.5], "texture": "#2"},
				"south": {"uv": [5.5, 12, 5.75, 13], "texture": "#2"},
				"west": {"uv": [6, 12, 6.25, 13], "texture": "#2"},
				"up": {"uv": [1.75, 14.25, 1.5, 14], "texture": "#2"},
				"down": {"uv": [14.25, 1.5, 14, 1.75], "texture": "#2"}
			}
		},
		{
			"from": [7.13557, 16.3406, 7.3],
			"to": [7.53557, 16.9406, 8.7],
			"rotation": {"angle": 0, "axis": "z", "origin": [8.7414, 11.97532, 6.71135]},
			"faces": {
				"north": {"uv": [2, 14, 2.25, 14.25], "rotation": 90, "texture": "#2"},
				"east": {"uv": [12.75, 1, 12.5, 1.75], "rotation": 270, "texture": "#2"},
				"south": {"uv": [14, 2, 14.25, 2.25], "rotation": 270, "texture": "#2"},
				"west": {"uv": [12.75, 0.75, 12.5, 0], "rotation": 270, "texture": "#2"},
				"up": {"uv": [12, 11.5, 12.75, 11.75], "rotation": 270, "texture": "#2"},
				"down": {"uv": [12, 12, 12.75, 12.25], "rotation": 270, "texture": "#2"}
			}
		},
		{
			"from": [6.73557, 16.3406, 8.15],
			"to": [7.13557, 16.9406, 8.35],
			"rotation": {"angle": 0, "axis": "z", "origin": [8.7414, 11.97532, 6.71135]},
			"faces": {
				"north": {"uv": [2.5, 14, 2.75, 14.25], "rotation": 90, "texture": "#2"},
				"east": {"uv": [14.25, 3.5, 14, 3.75], "rotation": 270, "texture": "#2"},
				"south": {"uv": [3, 14, 3.25, 14.25], "rotation": 270, "texture": "#2"},
				"west": {"uv": [3.75, 14.25, 3.5, 14], "rotation": 270, "texture": "#2"},
				"up": {"uv": [14, 2.5, 14.25, 2.75], "rotation": 270, "texture": "#2"},
				"down": {"uv": [14, 3, 14.25, 3.25], "rotation": 270, "texture": "#2"}
			}
		},
		{
			"from": [6.73557, 16.3406, 7.65],
			"to": [7.13557, 16.9406, 7.85],
			"rotation": {"angle": 0, "axis": "z", "origin": [8.7414, 11.97532, 6.71135]},
			"faces": {
				"north": {"uv": [4, 14, 4.25, 14.25], "rotation": 90, "texture": "#2"},
				"east": {"uv": [14.25, 5, 14, 5.25], "rotation": 270, "texture": "#2"},
				"south": {"uv": [4.5, 14, 4.75, 14.25], "rotation": 270, "texture": "#2"},
				"west": {"uv": [5.25, 14.25, 5, 14], "rotation": 270, "texture": "#2"},
				"up": {"uv": [14, 4, 14.25, 4.25], "rotation": 270, "texture": "#2"},
				"down": {"uv": [14, 4.5, 14.25, 4.75], "rotation": 270, "texture": "#2"}
			}
		},
		{
			"from": [4.51672, 18.37095, 8.15],
			"to": [4.81672, 18.67095, 8.35],
			"rotation": {"angle": -22.5, "axis": "z", "origin": [8.7414, 11.97532, 6.71135]},
			"faces": {
				"north": {"uv": [5.5, 14, 5.75, 14.25], "rotation": 90, "texture": "#2"},
				"east": {"uv": [14.25, 6.5, 14, 6.75], "rotation": 270, "texture": "#2"},
				"south": {"uv": [6, 14, 6.25, 14.25], "rotation": 270, "texture": "#2"},
				"west": {"uv": [6.75, 14.25, 6.5, 14], "rotation": 270, "texture": "#2"},
				"up": {"uv": [14, 5.5, 14.25, 5.75], "rotation": 270, "texture": "#2"},
				"down": {"uv": [14, 6, 14.25, 6.25], "rotation": 270, "texture": "#2"}
			}
		},
		{
			"from": [4.52562, 17.17294, 7.85],
			"to": [4.82562, 21.37294, 8.15],
			"rotation": {"angle": -22.5, "axis": "z", "origin": [8.7414, 11.97532, 6.71135]},
			"faces": {
				"north": {"uv": [10.5, 9, 12.5, 9.25], "rotation": 90, "texture": "#2"},
				"east": {"uv": [12.5, 10, 10.5, 10.25], "rotation": 270, "texture": "#2"},
				"south": {"uv": [9.5, 10.5, 11.5, 10.75], "rotation": 270, "texture": "#2"},
				"west": {"uv": [12.5, 9.75, 10.5, 9.5], "rotation": 270, "texture": "#2"},
				"up": {"uv": [7, 14, 7.25, 14.25], "rotation": 270, "texture": "#2"},
				"down": {"uv": [14, 7, 14.25, 7.25], "rotation": 270, "texture": "#2"}
			}
		},
		{
			"from": [12.40552, 21.30144, 7.85],
			"to": [13.58052, 21.60144, 8.15],
			"rotation": {"angle": 22.5, "axis": "z", "origin": [8.7414, 11.97532, 6.71135]},
			"faces": {
				"north": {"uv": [13, 11.5, 13.5, 11.75], "texture": "#2"},
				"east": {"uv": [7.5, 14, 7.75, 14.25], "texture": "#2"},
				"south": {"uv": [12, 13, 12.5, 13.25], "texture": "#2"},
				"west": {"uv": [14, 7.5, 14.25, 7.75], "texture": "#2"},
				"up": {"uv": [13.5, 12.25, 13, 12], "texture": "#2"},
				"down": {"uv": [13, 13, 12.5, 13.25], "texture": "#2"}
			}
		},
		{
			"from": [4.51672, 18.37095, 7.65],
			"to": [4.81672, 18.67095, 7.85],
			"rotation": {"angle": -22.5, "axis": "z", "origin": [8.7414, 11.97532, 6.71135]},
			"faces": {
				"north": {"uv": [8.5, 14, 8.75, 14.25], "rotation": 90, "texture": "#2"},
				"east": {"uv": [14.25, 9.5, 14, 9.75], "rotation": 270, "texture": "#2"},
				"south": {"uv": [9, 14, 9.25, 14.25], "rotation": 270, "texture": "#2"},
				"west": {"uv": [9.75, 14.25, 9.5, 14], "rotation": 270, "texture": "#2"},
				"up": {"uv": [14, 8.5, 14.25, 8.75], "rotation": 270, "texture": "#2"},
				"down": {"uv": [14, 9, 14.25, 9.25], "rotation": 270, "texture": "#2"}
			}
		},
		{
			"from": [4.81672, 18.37095, 7.3],
			"to": [5.21672, 18.67095, 8.7],
			"rotation": {"angle": -22.5, "axis": "z", "origin": [8.7414, 11.97532, 6.71135]},
			"faces": {
				"north": {"uv": [10, 14, 10.25, 14.25], "rotation": 90, "texture": "#2"},
				"east": {"uv": [8.25, 12.5, 8, 13.25], "rotation": 270, "texture": "#2"},
				"south": {"uv": [14, 10, 14.25, 10.25], "rotation": 270, "texture": "#2"},
				"west": {"uv": [7.75, 13.25, 7.5, 12.5], "rotation": 270, "texture": "#2"},
				"up": {"uv": [4.5, 12.5, 5.25, 12.75], "rotation": 270, "texture": "#2"},
				"down": {"uv": [6.5, 12.5, 7.25, 12.75], "rotation": 270, "texture": "#2"}
			}
		},
		{
			"from": [4.81672, 20.87095, 7.3],
			"to": [5.21672, 21.17095, 8.7],
			"rotation": {"angle": -22.5, "axis": "z", "origin": [8.7414, 11.97532, 6.71135]},
			"faces": {
				"north": {"uv": [10.5, 14, 10.75, 14.25], "rotation": 90, "texture": "#2"},
				"east": {"uv": [12.75, 10.5, 12.5, 11.25], "rotation": 270, "texture": "#2"},
				"south": {"uv": [14, 10.5, 14.25, 10.75], "rotation": 270, "texture": "#2"},
				"west": {"uv": [12.75, 10.25, 12.5, 9.5], "rotation": 270, "texture": "#2"},
				"up": {"uv": [12.5, 8.5, 13.25, 8.75], "rotation": 270, "texture": "#2"},
				"down": {"uv": [12.5, 9, 13.25, 9.25], "rotation": 270, "texture": "#2"}
			}
		},
		{
			"from": [4.51672, 20.87095, 8.15],
			"to": [4.81672, 21.17095, 8.35],
			"rotation": {"angle": -22.5, "axis": "z", "origin": [8.7414, 11.97532, 6.71135]},
			"faces": {
				"north": {"uv": [11, 14, 11.25, 14.25], "rotation": 90, "texture": "#2"},
				"east": {"uv": [14.25, 12, 14, 12.25], "rotation": 270, "texture": "#2"},
				"south": {"uv": [11.5, 14, 11.75, 14.25], "rotation": 270, "texture": "#2"},
				"west": {"uv": [12.25, 14.25, 12, 14], "rotation": 270, "texture": "#2"},
				"up": {"uv": [14, 11, 14.25, 11.25], "rotation": 270, "texture": "#2"},
				"down": {"uv": [14, 11.5, 14.25, 11.75], "rotation": 270, "texture": "#2"}
			}
		},
		{
			"from": [4.51672, 20.87095, 7.65],
			"to": [4.81672, 21.17095, 7.85],
			"rotation": {"angle": -22.5, "axis": "z", "origin": [8.7414, 11.97532, 6.71135]},
			"faces": {
				"north": {"uv": [12.5, 14, 12.75, 14.25], "rotation": 90, "texture": "#2"},
				"east": {"uv": [14.25, 13.5, 14, 13.75], "rotation": 270, "texture": "#2"},
				"south": {"uv": [13, 14, 13.25, 14.25], "rotation": 270, "texture": "#2"},
				"west": {"uv": [13.75, 14.25, 13.5, 14], "rotation": 270, "texture": "#2"},
				"up": {"uv": [14, 12.5, 14.25, 12.75], "rotation": 270, "texture": "#2"},
				"down": {"uv": [14, 13, 14.25, 13.25], "rotation": 270, "texture": "#2"}
			}
		},
		{
			"from": [9.08647, 9.50822, 5.55],
			"to": [9.78647, 10.20822, 7.15],
			"rotation": {"angle": 0, "axis": "z", "origin": [9.43647, 9.85822, 6.35]},
			"faces": {
				"north": {"uv": [14, 14, 14.25, 14.25], "rotation": 90, "texture": "#2"},
				"east": {"uv": [13.25, 1, 13, 1.75], "rotation": 270, "texture": "#2"},
				"south": {"uv": [0, 14.5, 0.25, 14.75], "rotation": 270, "texture": "#2"},
				"west": {"uv": [13.25, 0.75, 13, 0], "rotation": 270, "texture": "#2"},
				"up": {"uv": [11.5, 12.5, 12.25, 12.75], "rotation": 270, "texture": "#2"},
				"down": {"uv": [12.5, 12.5, 13.25, 12.75], "rotation": 270, "texture": "#2"}
			}
		},
		{
			"from": [8.23083, 9.50822, 3.68431],
			"to": [8.93083, 10.20822, 4.98431],
			"rotation": {"angle": 0, "axis": "z", "origin": [8.58083, 9.85822, 4.33431]},
			"faces": {
				"north": {"uv": [14.5, 0, 14.75, 0.25], "rotation": 90, "texture": "#2"},
				"east": {"uv": [7.25, 13, 7, 13.75], "rotation": 270, "texture": "#2"},
				"south": {"uv": [0.5, 14.5, 0.75, 14.75], "rotation": 270, "texture": "#2"},
				"west": {"uv": [6.75, 13.75, 6.5, 13], "rotation": 270, "texture": "#2"},
				"up": {"uv": [4.5, 13, 5.25, 13.25], "rotation": 270, "texture": "#2"},
				"down": {"uv": [5.5, 13, 6.25, 13.25], "rotation": 270, "texture": "#2"}
			}
		},
		{
			"from": [10.72858, 9.50822, 4.81727],
			"to": [11.42858, 10.20822, 6.31727],
			"rotation": {"angle": 45, "axis": "y", "origin": [9.68134, 9.82981, 7.91584]},
			"faces": {
				"north": {"uv": [1, 14.5, 1.25, 14.75], "rotation": 90, "texture": "#2"},
				"east": {"uv": [13.75, 11, 13, 11.25], "rotation": 180, "texture": "#2"},
				"south": {"uv": [14.5, 0.5, 14.75, 0.75], "rotation": 270, "texture": "#2"},
				"west": {"uv": [13.75, 10.75, 13, 10.5], "texture": "#2"},
				"up": {"uv": [13, 9.5, 13.75, 9.75], "rotation": 270, "texture": "#2"},
				"down": {"uv": [13, 10, 13.75, 10.25], "rotation": 270, "texture": "#2"}
			}
		},
		{
			"from": [8.53858, 9.03658, 6.55],
			"to": [10.33858, 10.63658, 9.35],
			"rotation": {"angle": 0, "axis": "z", "origin": [8.7414, 11.97532, 6.71135]},
			"faces": {
				"north": {"uv": [0.5, 9.5, 1.25, 10.5], "rotation": 90, "texture": "#2"},
				"east": {"uv": [1.75, 8, 1, 9.5], "rotation": 270, "texture": "#2"},
				"south": {"uv": [9.5, 8, 10.25, 9], "rotation": 270, "texture": "#2"},
				"west": {"uv": [0.75, 9.5, 0, 8], "rotation": 270, "texture": "#2"},
				"up": {"uv": [7.5, 6.5, 9, 7.5], "rotation": 270, "texture": "#2"},
				"down": {"uv": [7.5, 7.5, 9, 8.5], "rotation": 270, "texture": "#2"}
			}
		},
		{
			"from": [5.08098, 17.66922, 7.17],
			"to": [6.64098, 22.66922, 8.73],
			"rotation": {"angle": -22.5, "axis": "z", "origin": [8.7414, 11.97532, 6.71135]},
			"faces": {
				"north": {"uv": [6, 1, 8.5, 1.75], "rotation": 90, "texture": "#2"},
				"east": {"uv": [8.5, 4, 6, 4.75], "rotation": 270, "texture": "#2"},
				"south": {"uv": [6, 2, 8.5, 2.75], "rotation": 270, "texture": "#2"},
				"west": {"uv": [8.5, 3.75, 6, 3], "rotation": 270, "texture": "#2"},
				"up": {"uv": [7.5, 10.5, 8.25, 11.25], "rotation": 270, "texture": "#2"},
				"down": {"uv": [10.5, 8, 11.25, 8.75], "rotation": 270, "texture": "#2"}
			}
		},
		{
			"from": [6.97858, 5.83658, 6.49],
			"to": [9.89858, 7.03658, 9.41],
			"rotation": {"angle": 0, "axis": "z", "origin": [8.7414, 11.97532, 6.71135]},
			"faces": {
				"north": {"uv": [1.5, 9.5, 2, 11], "rotation": 90, "texture": "#2"},
				"east": {"uv": [7, 10, 6.5, 11.5], "rotation": 270, "texture": "#2"},
				"south": {"uv": [9.5, 9, 10, 10.5], "rotation": 270, "texture": "#2"},
				"west": {"uv": [6.5, 11.5, 6, 10], "rotation": 270, "texture": "#2"},
				"up": {"uv": [0, 4, 1.5, 5.5], "rotation": 270, "texture": "#2"},
				"down": {"uv": [1.5, 4, 3, 5.5], "rotation": 270, "texture": "#2"}
			}
		},
		{
			"from": [6.97858, -0.00342, 6.49],
			"to": [9.89858, 1.19658, 9.41],
			"rotation": {"angle": 0, "axis": "z", "origin": [8.7414, 11.97532, 6.71135]},
			"faces": {
				"north": {"uv": [7, 10, 7.5, 11.5], "rotation": 90, "texture": "#2"},
				"east": {"uv": [1, 10.5, 0.5, 12], "rotation": 270, "texture": "#2"},
				"south": {"uv": [9, 10, 9.5, 11.5], "rotation": 270, "texture": "#2"},
				"west": {"uv": [10.5, 10.5, 10, 9], "rotation": 270, "texture": "#2"},
				"up": {"uv": [3, 4, 4.5, 5.5], "rotation": 270, "texture": "#2"},
				"down": {"uv": [4.5, 4, 6, 5.5], "rotation": 270, "texture": "#2"}
			}
		},
		{
			"from": [7.41858, 1.19658, 6.93],
			"to": [9.45858, 5.83658, 8.97],
			"rotation": {"angle": 0, "axis": "z", "origin": [8.7414, 11.97532, 6.71135]},
			"faces": {
				"north": {"uv": [0, 5.5, 2.25, 6.5], "rotation": 90, "texture": "#2"},
				"east": {"uv": [8.25, 0, 6, 1], "rotation": 270, "texture": "#2"},
				"south": {"uv": [2.5, 5.5, 4.75, 6.5], "rotation": 270, "texture": "#2"},
				"west": {"uv": [7.25, 6.5, 5, 5.5], "rotation": 270, "texture": "#2"},
				"up": {"uv": [4, 8, 5, 9], "rotation": 270, "texture": "#2"},
				"down": {"uv": [5, 8, 6, 9], "rotation": 270, "texture": "#2"}
			}
		},
		{
			"name": "hexadecagon",
			"from": [9.33872, 9.43785, 6.2],
			"to": [10.08872, 10.03459, 9.7],
			"rotation": {"angle": 22.5, "axis": "z", "origin": [8.7414, 11.97532, 6.71135]},
			"faces": {
				"north": {"uv": [13, 13, 13.5, 13.25], "texture": "#2"},
				"east": {"uv": [1, 11, 2.75, 11.25], "texture": "#2"},
				"south": {"uv": [0, 13.5, 0.5, 13.75], "texture": "#2"},
				"west": {"uv": [3, 11, 4.75, 11.25], "texture": "#2"},
				"up": {"uv": [6.5, 9.75, 6, 8], "texture": "#2"},
				"down": {"uv": [7, 8, 6.5, 9.75], "texture": "#2"}
			}
		},
		{
			"name": "hexadecagon",
			"from": [8.49348, 9.66672, 6.2],
			"to": [9.24348, 10.26346, 9.7],
			"rotation": {"angle": 45, "axis": "z", "origin": [8.7414, 11.97532, 6.71135]},
			"faces": {
				"north": {"uv": [13.5, 0, 14, 0.25], "texture": "#2"},
				"east": {"uv": [9.5, 11, 11.25, 11.25], "texture": "#2"},
				"south": {"uv": [13.5, 0.5, 14, 0.75], "texture": "#2"},
				"west": {"uv": [1, 11.5, 2.75, 11.75], "texture": "#2"},
				"up": {"uv": [7.5, 9.75, 7, 8], "texture": "#2"},
				"down": {"uv": [9, 2, 8.5, 3.75], "texture": "#2"}
			}
		},
		{
			"name": "hexadecagon",
			"from": [9.91835, 11.03408, 6.2],
			"to": [10.51509, 11.78408, 9.7],
			"rotation": {"angle": -22.5, "axis": "z", "origin": [8.7414, 11.97532, 6.71135]},
			"faces": {
				"north": {"uv": [13.5, 1, 14, 1.25], "rotation": 90, "texture": "#2"},
				"east": {"uv": [8.5, 8.5, 8, 10.25], "rotation": 270, "texture": "#2"},
				"south": {"uv": [13.5, 1.5, 14, 1.75], "rotation": 270, "texture": "#2"},
				"west": {"uv": [8, 10.25, 7.5, 8.5], "rotation": 270, "texture": "#2"},
				"up": {"uv": [11.5, 2, 13.25, 2.25], "rotation": 270, "texture": "#2"},
				"down": {"uv": [11.5, 2.5, 13.25, 2.75], "rotation": 270, "texture": "#2"}
			}
		},
		{
			"name": "hexadecagon",
			"from": [9.15884, 10.59824, 6.2],
			"to": [9.75558, 11.34824, 9.7],
			"rotation": {"angle": 0, "axis": "z", "origin": [8.7414, 11.97532, 6.71135]},
			"faces": {
				"north": {"uv": [13.5, 2, 14, 2.25], "rotation": 90, "texture": "#2"},
				"east": {"uv": [2.5, 9, 2, 10.75], "rotation": 270, "texture": "#2"},
				"south": {"uv": [2.5, 13.5, 3, 13.75], "rotation": 270, "texture": "#2"},
				"west": {"uv": [9, 10.25, 8.5, 8.5], "rotation": 270, "texture": "#2"},
				"up": {"uv": [3, 11.5, 4.75, 11.75], "rotation": 270, "texture": "#2"},
				"down": {"uv": [11.5, 3, 13.25, 3.25], "rotation": 270, "texture": "#2"}
			}
		},
		{
			"name": "hexadecagon",
			"from": [8.29035, 10.48622, 6.2],
			"to": [8.88709, 11.23622, 9.7],
			"rotation": {"angle": 22.5, "axis": "z", "origin": [8.7414, 11.97532, 6.71135]},
			"faces": {
				"north": {"uv": [13.5, 2.5, 14, 2.75], "rotation": 90, "texture": "#2"},
				"east": {"uv": [3, 9, 2.5, 10.75], "rotation": 270, "texture": "#2"},
				"south": {"uv": [3, 13.5, 3.5, 13.75], "rotation": 270, "texture": "#2"},
				"west": {"uv": [9.5, 3.75, 9, 2], "rotation": 270, "texture": "#2"},
				"up": {"uv": [11.5, 3.5, 13.25, 3.75], "rotation": 270, "texture": "#2"},
				"down": {"uv": [11.5, 4, 13.25, 4.25], "rotation": 270, "texture": "#2"}
			}
		},
		{
			"name": "hexadecagon",
			"from": [7.08872, 9.43785, 6.2],
			"to": [7.83872, 10.03459, 9.7],
			"rotation": {"angle": 22.5, "axis": "z", "origin": [8.7414, 11.97532, 6.71135]},
			"faces": {
				"north": {"uv": [13.5, 3, 14, 3.25], "texture": "#2"},
				"east": {"uv": [11.5, 4.5, 13.25, 4.75], "texture": "#2"},
				"south": {"uv": [3.5, 13.5, 4, 13.75], "texture": "#2"},
				"west": {"uv": [5, 11.5, 6.75, 11.75], "texture": "#2"},
				"up": {"uv": [3.5, 10.75, 3, 9], "texture": "#2"},
				"down": {"uv": [4, 9, 3.5, 10.75], "texture": "#2"}
			}
		},
		{
			"name": "hexadecagon",
			"from": [6.24348, 9.66672, 6.2],
			"to": [6.99348, 10.26346, 9.7],
			"rotation": {"angle": 45, "axis": "z", "origin": [8.7414, 11.97532, 6.71135]},
			"faces": {
				"north": {"uv": [13.5, 3.5, 14, 3.75], "texture": "#2"},
				"east": {"uv": [11.5, 5, 13.25, 5.25], "texture": "#2"},
				"south": {"uv": [4, 13.5, 4.5, 13.75], "texture": "#2"},
				"west": {"uv": [11.5, 5.5, 13.25, 5.75], "texture": "#2"},
				"up": {"uv": [4.5, 10.75, 4, 9], "texture": "#2"},
				"down": {"uv": [9.5, 4, 9, 5.75], "texture": "#2"}
			}
		},
		{
			"name": "hexadecagon",
			"from": [9.91835, 8.78408, 6.2],
			"to": [10.51509, 9.53408, 9.7],
			"rotation": {"angle": -22.5, "axis": "z", "origin": [8.7414, 11.97532, 6.71135]},
			"faces": {
				"north": {"uv": [13.5, 4, 14, 4.25], "rotation": 90, "texture": "#2"},
				"east": {"uv": [5.5, 9, 5, 10.75], "rotation": 270, "texture": "#2"},
				"south": {"uv": [4.5, 13.5, 5, 13.75], "rotation": 270, "texture": "#2"},
				"west": {"uv": [5, 10.75, 4.5, 9], "rotation": 270, "texture": "#2"},
				"up": {"uv": [11.5, 6, 13.25, 6.25], "rotation": 270, "texture": "#2"},
				"down": {"uv": [11.5, 6.5, 13.25, 6.75], "rotation": 270, "texture": "#2"}
			}
		},
		{
			"name": "hexadecagon",
			"from": [9.15884, 8.34824, 6.2],
			"to": [9.75558, 9.09824, 9.7],
			"rotation": {"angle": 0, "axis": "z", "origin": [8.7414, 11.97532, 6.71135]},
			"faces": {
				"north": {"uv": [13.5, 4.5, 14, 4.75], "rotation": 90, "texture": "#2"},
				"east": {"uv": [9.5, 6, 9, 7.75], "rotation": 270, "texture": "#2"},
				"south": {"uv": [5, 13.5, 5.5, 13.75], "rotation": 270, "texture": "#2"},
				"west": {"uv": [6, 10.75, 5.5, 9], "rotation": 270, "texture": "#2"},
				"up": {"uv": [7, 11.5, 8.75, 11.75], "rotation": 270, "texture": "#2"},
				"down": {"uv": [11.5, 7, 13.25, 7.25], "rotation": 270, "texture": "#2"}
			}
		},
		{
			"name": "hexadecagon",
			"from": [8.29035, 8.23622, 6.2],
			"to": [8.88709, 8.98622, 9.7],
			"rotation": {"angle": 22.5, "axis": "z", "origin": [8.7414, 11.97532, 6.71135]},
			"faces": {
				"north": {"uv": [13.5, 5, 14, 5.25], "rotation": 90, "texture": "#2"},
				"east": {"uv": [0.5, 9.5, 0, 11.25], "rotation": 270, "texture": "#2"},
				"south": {"uv": [5.5, 13.5, 6, 13.75], "rotation": 270, "texture": "#2"},
				"west": {"uv": [9.5, 9.75, 9, 8], "rotation": 270, "texture": "#2"},
				"up": {"uv": [11.5, 7.5, 13.25, 7.75], "rotation": 270, "texture": "#2"},
				"down": {"uv": [11.5, 8, 13.25, 8.25], "rotation": 270, "texture": "#2"}
			}
		},
		{
			"name": "hexadecagon",
			"from": [7.44511, 8.46509, 6.2],
			"to": [8.04185, 9.21509, 9.7],
			"rotation": {"angle": 45, "axis": "z", "origin": [8.7414, 11.97532, 6.71135]},
			"faces": {
				"north": {"uv": [13.5, 5.5, 13.75, 6], "texture": "#2"},
				"east": {"uv": [9.5, 2, 11.25, 2.5], "texture": "#2"},
				"south": {"uv": [6, 13.5, 6.25, 14], "texture": "#2"},
				"west": {"uv": [9.5, 2.5, 11.25, 3], "texture": "#2"},
				"up": {"uv": [0.25, 13.25, 0, 11.5], "texture": "#2"},
				"down": {"uv": [9.25, 11.5, 9, 13.25], "texture": "#2"}
			}
		},
		{
			"name": "hexadecagon",
			"from": [10.96672, 9.98571, 6.2],
			"to": [11.71672, 10.58245, 9.7],
			"rotation": {"angle": -22.5, "axis": "z", "origin": [8.7414, 11.97532, 6.71135]},
			"faces": {
				"north": {"uv": [13.5, 6, 13.75, 6.5], "rotation": 90, "texture": "#2"},
				"east": {"uv": [10.25, 11.5, 10, 13.25], "rotation": 270, "texture": "#2"},
				"south": {"uv": [13.5, 6.5, 13.75, 7], "rotation": 270, "texture": "#2"},
				"west": {"uv": [9.75, 13.25, 9.5, 11.5], "rotation": 270, "texture": "#2"},
				"up": {"uv": [9.5, 3, 11.25, 3.5], "rotation": 270, "texture": "#2"},
				"down": {"uv": [9.5, 3.5, 11.25, 4], "rotation": 270, "texture": "#2"}
			}
		},
		{
			"name": "hexadecagon",
			"from": [10.20721, 9.54987, 6.2],
			"to": [10.95721, 10.14661, 9.7],
			"rotation": {"angle": 0, "axis": "z", "origin": [8.7414, 11.97532, 6.71135]},
			"faces": {
				"north": {"uv": [13.5, 7, 13.75, 7.5], "rotation": 90, "texture": "#2"},
				"east": {"uv": [11.75, 10.5, 11.5, 12.25], "rotation": 270, "texture": "#2"},
				"south": {"uv": [7.5, 13.5, 7.75, 14], "rotation": 270, "texture": "#2"},
				"west": {"uv": [10.75, 13.25, 10.5, 11.5], "rotation": 270, "texture": "#2"},
				"up": {"uv": [9.5, 4, 11.25, 4.5], "rotation": 270, "texture": "#2"},
				"down": {"uv": [9.5, 4.5, 11.25, 5], "rotation": 270, "texture": "#2"}
			}
		},
		{
			"name": "hexadecagon",
			"from": [7.44511, 10.71509, 6.2],
			"to": [8.04185, 11.46509, 9.7],
			"rotation": {"angle": 45, "axis": "z", "origin": [8.7414, 11.97532, 6.71135]},
			"faces": {
				"north": {"uv": [13.5, 7.5, 13.75, 8], "texture": "#2"},
				"east": {"uv": [9.5, 5, 11.25, 5.5], "texture": "#2"},
				"south": {"uv": [8, 13.5, 8.25, 14], "texture": "#2"},
				"west": {"uv": [9.5, 5.5, 11.25, 6], "texture": "#2"},
				"up": {"uv": [11.25, 13.25, 11, 11.5], "texture": "#2"},
				"down": {"uv": [12.25, 0, 12, 1.75], "texture": "#2"}
			}
		},
		{
			"name": "hexadecagon",
			"from": [8.71672, 9.98571, 6.2],
			"to": [9.46672, 10.58245, 9.7],
			"rotation": {"angle": -22.5, "axis": "z", "origin": [8.7414, 11.97532, 6.71135]},
			"faces": {
				"north": {"uv": [13.5, 8, 13.75, 8.5], "rotation": 90, "texture": "#2"},
				"east": {"uv": [1.25, 12, 1, 13.75], "rotation": 270, "texture": "#2"},
				"south": {"uv": [8.5, 13.5, 8.75, 14], "rotation": 270, "texture": "#2"},
				"west": {"uv": [0.75, 13.75, 0.5, 12], "rotation": 270, "texture": "#2"},
				"up": {"uv": [9.5, 6, 11.25, 6.5], "rotation": 270, "texture": "#2"},
				"down": {"uv": [9.5, 6.5, 11.25, 7], "rotation": 270, "texture": "#2"}
			}
		},
		{
			"name": "hexadecagon",
			"from": [7.95721, 9.54987, 6.2],
			"to": [8.70721, 10.14661, 9.7],
			"rotation": {"angle": 0, "axis": "z", "origin": [8.7414, 11.97532, 6.71135]},
			"faces": {
				"north": {"uv": [13.5, 8.5, 13.75, 9], "rotation": 90, "texture": "#2"},
				"east": {"uv": [2.25, 12, 2, 13.75], "rotation": 270, "texture": "#2"},
				"south": {"uv": [9, 13.5, 9.25, 14], "rotation": 270, "texture": "#2"},
				"west": {"uv": [1.75, 13.75, 1.5, 12], "rotation": 270, "texture": "#2"},
				"up": {"uv": [9.5, 7, 11.25, 7.5], "rotation": 270, "texture": "#2"},
				"down": {"uv": [9.5, 7.5, 11.25, 8], "rotation": 270, "texture": "#2"}
			}
		},
		{
			"from": [8.04069, 13.765, 6.95],
			"to": [8.60735, 14.33166, 8.95],
			"rotation": {"angle": 45, "axis": "z", "origin": [8.44069, 14.165, 8]},
			"faces": {
				"north": {"uv": [14.5, 6, 14.75, 6.25], "texture": "#2"},
				"east": {"uv": [14.5, 2.5, 15.5, 2.75], "texture": "#2"},
				"south": {"uv": [6.5, 14.5, 6.75, 14.75], "texture": "#2"},
				"west": {"uv": [3, 14.5, 4, 14.75], "texture": "#2"},
				"up": {"uv": [14.75, 4, 14.5, 3], "texture": "#2"},
				"down": {"uv": [4.25, 14.5, 4, 15.5], "texture": "#2"}
			}
		},
		{
			"from": [8.04, 14, 6.95],
			"to": [8.84, 15, 8.95],
			"rotation": {"angle": 0, "axis": "y", "origin": [7.35, 14, 7.05]},
			"faces": {
				"north": {"uv": [14.5, 4, 15, 4.5], "texture": "#2"},
				"east": {"uv": [14.5, 1, 15.5, 1.5], "texture": "#2"},
				"south": {"uv": [4.5, 14.5, 5, 15], "texture": "#2"},
				"west": {"uv": [1.5, 14.5, 2.5, 15], "texture": "#2"},
				"up": {"uv": [15, 2.5, 14.5, 1.5], "texture": "#2"},
				"down": {"uv": [3, 14.5, 2.5, 15.5], "texture": "#2"}
			}
		},
		{
			"from": [8.04069, 14.765, 6.95],
			"to": [8.60735, 15.33166, 8.95],
			"rotation": {"angle": 45, "axis": "z", "origin": [8.44069, 15.165, 8]},
			"faces": {
				"north": {"uv": [14.5, 6.5, 14.75, 6.75], "texture": "#2"},
				"east": {"uv": [14.5, 4.5, 15.5, 4.75], "texture": "#2"},
				"south": {"uv": [7, 14.5, 7.25, 14.75], "texture": "#2"},
				"west": {"uv": [5, 14.5, 6, 14.75], "texture": "#2"},
				"up": {"uv": [14.75, 6, 14.5, 5], "texture": "#2"},
				"down": {"uv": [6.25, 14.5, 6, 15.5], "texture": "#2"}
			}
		}
	],
	"display": {
		"thirdperson_righthand": {
			"rotation": [0, 90, 0],
			"translation": [0.35, 2.5, 1.75]
		},
		"thirdperson_lefthand": {
			"rotation": [0, -90, 0],
			"translation": [0.35, 2.5, 1.75]
		},
		"firstperson_righthand": {
			"rotation": [-60, 90, 0],
			"translation": [2, 3.25, 1.75],
			"scale": [0.8, 0.8, 0.8]
		},
		"firstperson_lefthand": {
			"rotation": [-60, -90, 0],
			"translation": [2, 3.25, 1.75],
			"scale": [0.8, 0.8, 0.8]
		},
		"ground": {
			"translation": [0, 4.75, 0]
		},
		"gui": {
			"rotation": [0, -30.5, -42],
			"translation": [-2.75, -1, 0],
			"scale": [0.83, 0.83, 0.83]
		}
	},
	"groups": [
		0,
		1,
		2,
		3,
		4,
		5,
		6,
		7,
		8,
		9,
		10,
		11,
		12,
		13,
		14,
		15,
		16,
		17,
		18,
		19,
		20,
		21,
		22,
		23,
		24,
		{
			"name": "hexadecagon",
			"origin": [16, 8, 8],
			"color": 0,
			"children": [25, 26, 27, 28, 29, 30, 31, 32, 33, 34, 35, 36, 37, 38, 39, 40]
		},
		{
			"name": "Plaque",
			"origin": [8.49931, 16.165, 8],
			"color": 0,
			"children": [41, 42, 43]
		}
	]
}