{
  "parent": "minecraft:block/red_shulker_box",
  "overrides": [
    {
      "predicate": {
        "custom_model_data": 1
      },
      "model": "item/christmas/present_red"
    },
    {
      "predicate": {
        "custom_model_data": 21
      },
      "model": "item/christmas/present_purple"
    },
    {
      "predicate": {
        "custom_model_data": 41
      },
      "model": "item/christmas/present_blue"
    },
    {
      "predicate": {
        "custom_model_data": 61
      },
      "model": "item/christmas/present_green"
    }
  ]
}
