{
  "parent": "minecraft:item/generated",
  "textures": {
    "layer0": "minecraft:item/netherite_chestplate"
  },
  "overrides": [
    {
      "predicate": {
        "custom_model_data": 2000
      },
      "model": "item/skins/armor/chestplate/bronze"
    },
    {
      "predicate": {
        "custom_model_data": 2001
      },
      "model": "item/skins/armor/chestplate/oxidized_copper"
    },
    {
      "predicate": {
        "custom_model_data": 2002
      },
      "model": "item/skins/armor/chestplate/silver"
    },
    {
      "predicate": {
        "custom_model_data": 2003
      },
      "model": "item/skins/armor/chestplate/cobalt"
    },
    {
      "predicate": {
        "custom_model_data": 2004
      },
      "model": "item/skins/armor/chestplate/amethyst"
    },
    {
      "predicate": {
        "custom_model_data": 2005
      },
      "model": "item/skins/armor/chestplate/ruby"
    },
    {
      "predicate": {
        "custom_model_data": 2006
      },
      "model": "item/skins/armor/chestplate/sapphire"
    },
    {
      "predicate": {
        "custom_model_data": 2007
      },
      "model": "item/skins/armor/chestplate/emerald"
    },
    {
      "predicate": {
        "custom_model_data": 2008
      },
      "model": "item/skins/armor/chestplate/ender"
    },
    {
      "predicate": {
        "custom_model_data": 2009
      },
      "model": "item/skins/armor/chestplate/obsidian"
    },
	{
      "predicate": {
        "custom_model_data": 2010
      },
      "model": "item/skins/armor/chestplate/leaf"
    },
	{
      "predicate": {
        "custom_model_data": 2011
      },
      "model": "item/skins/armor/chestplate/deep_rock"
    },
	{
      "predicate": {
        "custom_model_data": 2012
      },
      "model": "item/skins/armor/chestplate/ancient_blood"
    },
	{
      "predicate": {
        "custom_model_data": 2013
      },
      "model": "item/skins/armor/chestplate/elderian"
    },
    {
        "predicate": {
          "custom_model_data": 2014
        },
        "model": "item/skins/armor/chestplate/pilgrim"
    },
    {
        "predicate": {
          "custom_model_data": 2015
        },
        "model": "item/skins/armor/chestplate/newyear"
    },
    {
        "predicate": {
          "custom_model_data": 2019
        },
        "model": "item/skins/armor/chestplate/pumpkin"
    },
    {
        "predicate": {
          "custom_model_data": 2020
        },
        "model": "item/skins/armor/chestplate/rudolph"
    },
    {
      "predicate": {
        "custom_model_data": 2021
      },
      "model": "item/skins/armor/chestplate/sparkly"
  },
  {
    "predicate": {
      "custom_model_data": 2022
    },
     "model": "item/skins/armor/chestplate/valentines"
  },
  {
    "predicate": {
      "custom_model_data": 2023
    },
     "model": "item/skins/armor/chestplate/lepr"
  },
  {
    "predicate": {
      "custom_model_data": 2024
    },
     "model": "item/skins/armor/chestplate/spring"
  },
  {
      "predicate": {
        "custom_model_data": 2025
      },
      "model": "item/skins/armor/chestplate/cosmic"
  },
  {
      "predicate": {
        "custom_model_data": 2026
      },
      "model": "item/skins/armor/chestplate/holiday"
  },
  {
      "predicate": {
        "custom_model_data": 2027
      },
      "model": "item/skins/armor/chestplate/astronaut"
  }
  ]
}