{
	"credit": "Made by ChainArts",
	"texture_size": [32, 32],
	"textures": {
		"1": "item/keys/skyblocky/uncommon",
		"particle": "item/keys/skyblocky/uncommon"
	},
	"elements": [
		{
			"from": [7, 0.5, 7.5],
			"to": [8, 5.75, 8.5],
			"faces": {
				"north": {"uv": [0, 0, 0.5, 2.5], "texture": "#1"},
				"east": {"uv": [0.5, 0, 1, 2.5], "texture": "#1"},
				"south": {"uv": [1, 0, 1.5, 2.5], "texture": "#1"},
				"west": {"uv": [1.5, 0, 2, 2.5], "texture": "#1"},
				"up": {"uv": [4, 6, 3.5, 5.5], "texture": "#1"},
				"down": {"uv": [6.5, 1, 6, 1.5], "texture": "#1"}
			}
		},
		{
			"from": [8, 1, 7.5],
			"to": [8.5, 2, 8.5],
			"faces": {
				"north": {"uv": [6, 1.5, 6.5, 2], "texture": "#1"},
				"east": {"uv": [6, 2, 6.5, 2.5], "texture": "#1"},
				"south": {"uv": [2.5, 6, 3, 6.5], "texture": "#1"},
				"west": {"uv": [3, 6, 3.5, 6.5], "texture": "#1"},
				"up": {"uv": [6.5, 3.5, 6, 3], "texture": "#1"},
				"down": {"uv": [4, 6, 3.5, 6.5], "texture": "#1"}
			}
		},
		{
			"from": [8, 3, 7.5],
			"to": [8.5, 4, 8.5],
			"faces": {
				"north": {"uv": [4, 6, 4.5, 6.5], "texture": "#1"},
				"east": {"uv": [4.5, 6, 5, 6.5], "texture": "#1"},
				"south": {"uv": [6, 4.5, 6.5, 5], "texture": "#1"},
				"west": {"uv": [5, 6, 5.5, 6.5], "texture": "#1"},
				"up": {"uv": [6, 6.5, 5.5, 6], "texture": "#1"},
				"down": {"uv": [6.5, 6, 6, 6.5], "texture": "#1"}
			}
		},
		{
			"from": [8.5, 3.5, 7.5],
			"to": [9.25, 3.75, 8.5],
			"faces": {
				"north": {"uv": [0, 6.5, 0.5, 7], "texture": "#1"},
				"east": {"uv": [6.5, 0, 7, 0.5], "texture": "#1"},
				"south": {"uv": [0.5, 6.5, 1, 7], "texture": "#1"},
				"west": {"uv": [1, 6.5, 1.5, 7], "texture": "#1"},
				"up": {"uv": [7, 1.5, 6.5, 1], "texture": "#1"},
				"down": {"uv": [2, 6.5, 1.5, 7], "texture": "#1"}
			}
		},
		{
			"from": [8.5, 1.25, 7.5],
			"to": [9.25, 1.5, 8.5],
			"faces": {
				"north": {"uv": [6.5, 1.5, 7, 2], "texture": "#1"},
				"east": {"uv": [2, 6.5, 2.5, 7], "texture": "#1"},
				"south": {"uv": [6.5, 2, 7, 2.5], "texture": "#1"},
				"west": {"uv": [2.5, 6.5, 3, 7], "texture": "#1"},
				"up": {"uv": [7, 3, 6.5, 2.5], "texture": "#1"},
				"down": {"uv": [3.5, 6.5, 3, 7], "texture": "#1"}
			}
		},
		{
			"from": [9, 1.5, 7.5],
			"to": [9.25, 2, 8.5],
			"faces": {
				"north": {"uv": [6.5, 3, 7, 3.5], "texture": "#1"},
				"east": {"uv": [3.5, 6.5, 4, 7], "texture": "#1"},
				"south": {"uv": [6.5, 3.5, 7, 4], "texture": "#1"},
				"west": {"uv": [4, 6.5, 4.5, 7], "texture": "#1"},
				"up": {"uv": [7, 4.5, 6.5, 4], "texture": "#1"},
				"down": {"uv": [5, 6.5, 4.5, 7], "texture": "#1"}
			}
		},
		{
			"from": [9, 3, 7.5],
			"to": [9.25, 3.5, 8.5],
			"faces": {
				"north": {"uv": [6.5, 4.5, 7, 5], "texture": "#1"},
				"east": {"uv": [5, 6.5, 5.5, 7], "texture": "#1"},
				"south": {"uv": [6.5, 5, 7, 5.5], "texture": "#1"},
				"west": {"uv": [5.5, 6.5, 6, 7], "texture": "#1"},
				"up": {"uv": [7, 6, 6.5, 5.5], "texture": "#1"},
				"down": {"uv": [6.5, 6.5, 6, 7], "texture": "#1"}
			}
		},
		{
			"from": [8.5, 3, 7.5],
			"to": [8.75, 3.25, 8.5],
			"faces": {
				"north": {"uv": [6.5, 6, 7, 6.5], "texture": "#1"},
				"east": {"uv": [6.5, 6.5, 7, 7], "texture": "#1"},
				"south": {"uv": [0, 7, 0.5, 7.5], "texture": "#1"},
				"west": {"uv": [7, 0, 7.5, 0.5], "texture": "#1"},
				"up": {"uv": [1, 7.5, 0.5, 7], "texture": "#1"},
				"down": {"uv": [7.5, 0.5, 7, 1], "texture": "#1"}
			}
		},
		{
			"from": [8.5, 1.75, 7.5],
			"to": [8.75, 2, 8.5],
			"faces": {
				"north": {"uv": [1, 7, 1.5, 7.5], "texture": "#1"},
				"east": {"uv": [7, 1, 7.5, 1.5], "texture": "#1"},
				"south": {"uv": [1.5, 7, 2, 7.5], "texture": "#1"},
				"west": {"uv": [7, 1.5, 7.5, 2], "texture": "#1"},
				"up": {"uv": [2.5, 7.5, 2, 7], "texture": "#1"},
				"down": {"uv": [7.5, 2, 7, 2.5], "texture": "#1"}
			}
		},
		{
			"name": "hexadecagon",
			"from": [8.5, 7.10218, 7.5],
			"to": [9.5, 7.89782, 8.5],
			"rotation": {"angle": -45, "axis": "z", "origin": [7.5, 7.5, 8]},
			"faces": {
				"north": {"uv": [2.5, 7, 3, 7.5], "texture": "#1"},
				"east": {"uv": [7, 2.5, 7.5, 3], "texture": "#1"},
				"south": {"uv": [3, 7, 3.5, 7.5], "texture": "#1"},
				"west": {"uv": [7, 3, 7.5, 3.5], "texture": "#1"},
				"up": {"uv": [4, 7.5, 3.5, 7], "texture": "#1"},
				"down": {"uv": [7.5, 3.5, 7, 4], "texture": "#1"}
			}
		},
		{
			"name": "hexadecagon",
			"from": [8.5, 7.10218, 7.5],
			"to": [9.5, 7.89782, 8.5],
			"rotation": {"angle": -22.5, "axis": "z", "origin": [7.5, 7.5, 8]},
			"faces": {
				"north": {"uv": [4, 7, 4.5, 7.5], "texture": "#1"},
				"east": {"uv": [7, 4, 7.5, 4.5], "texture": "#1"},
				"south": {"uv": [4.5, 7, 5, 7.5], "texture": "#1"},
				"west": {"uv": [7, 4.5, 7.5, 5], "texture": "#1"},
				"up": {"uv": [5.5, 7.5, 5, 7], "texture": "#1"},
				"down": {"uv": [7.5, 5, 7, 5.5], "texture": "#1"}
			}
		},
		{
			"name": "hexadecagon",
			"from": [8.5, 7.10218, 7.5],
			"to": [9.5, 7.89782, 8.5],
			"rotation": {"angle": 0, "axis": "x", "origin": [7.5, 7.5, 8]},
			"faces": {
				"north": {"uv": [5.5, 7, 6, 7.5], "texture": "#1"},
				"east": {"uv": [7, 5.5, 7.5, 6], "texture": "#1"},
				"south": {"uv": [6, 7, 6.5, 7.5], "texture": "#1"},
				"west": {"uv": [7, 6, 7.5, 6.5], "texture": "#1"},
				"up": {"uv": [7, 7.5, 6.5, 7], "texture": "#1"},
				"down": {"uv": [7.5, 6.5, 7, 7], "texture": "#1"}
			}
		},
		{
			"name": "hexadecagon",
			"from": [8.5, 7.10218, 7.5],
			"to": [9.5, 7.89782, 8.5],
			"rotation": {"angle": 22.5, "axis": "z", "origin": [7.5, 7.5, 8]},
			"faces": {
				"north": {"uv": [7, 7, 7.5, 7.5], "texture": "#1"},
				"east": {"uv": [0, 7.5, 0.5, 8], "texture": "#1"},
				"south": {"uv": [7.5, 0, 8, 0.5], "texture": "#1"},
				"west": {"uv": [0.5, 7.5, 1, 8], "texture": "#1"},
				"up": {"uv": [8, 1, 7.5, 0.5], "texture": "#1"},
				"down": {"uv": [1.5, 7.5, 1, 8], "texture": "#1"}
			}
		},
		{
			"name": "hexadecagon",
			"from": [8.5, 7.10218, 7.5],
			"to": [9.5, 7.89782, 8.5],
			"rotation": {"angle": 45, "axis": "z", "origin": [7.5, 7.5, 8]},
			"faces": {
				"north": {"uv": [7.5, 1, 8, 1.5], "texture": "#1"},
				"east": {"uv": [1.5, 7.5, 2, 8], "texture": "#1"},
				"south": {"uv": [7.5, 1.5, 8, 2], "texture": "#1"},
				"west": {"uv": [2, 7.5, 2.5, 8], "texture": "#1"},
				"up": {"uv": [8, 2.5, 7.5, 2], "texture": "#1"},
				"down": {"uv": [3, 7.5, 2.5, 8], "texture": "#1"}
			}
		},
		{
			"name": "hexadecagon",
			"from": [5.5, 7.10218, 7.5],
			"to": [6.5, 7.89782, 8.5],
			"rotation": {"angle": -45, "axis": "z", "origin": [7.5, 7.5, 8]},
			"faces": {
				"north": {"uv": [7.5, 2.5, 8, 3], "texture": "#1"},
				"east": {"uv": [3, 7.5, 3.5, 8], "texture": "#1"},
				"south": {"uv": [7.5, 3, 8, 3.5], "texture": "#1"},
				"west": {"uv": [3.5, 7.5, 4, 8], "texture": "#1"},
				"up": {"uv": [8, 4, 7.5, 3.5], "texture": "#1"},
				"down": {"uv": [4.5, 7.5, 4, 8], "texture": "#1"}
			}
		},
		{
			"name": "hexadecagon",
			"from": [5.5, 7.10218, 7.5],
			"to": [6.5, 7.89782, 8.5],
			"rotation": {"angle": -22.5, "axis": "z", "origin": [7.5, 7.5, 8]},
			"faces": {
				"north": {"uv": [7.5, 4, 8, 4.5], "texture": "#1"},
				"east": {"uv": [4.5, 7.5, 5, 8], "texture": "#1"},
				"south": {"uv": [7.5, 4.5, 8, 5], "texture": "#1"},
				"west": {"uv": [5, 7.5, 5.5, 8], "texture": "#1"},
				"up": {"uv": [8, 5.5, 7.5, 5], "texture": "#1"},
				"down": {"uv": [6, 7.5, 5.5, 8], "texture": "#1"}
			}
		},
		{
			"name": "hexadecagon",
			"from": [5.5, 7.10218, 7.5],
			"to": [6.5, 7.89782, 8.5],
			"rotation": {"angle": 0, "axis": "x", "origin": [7.5, 7.5, 8]},
			"faces": {
				"north": {"uv": [7.5, 5.5, 8, 6], "texture": "#1"},
				"east": {"uv": [6, 7.5, 6.5, 8], "texture": "#1"},
				"south": {"uv": [7.5, 6, 8, 6.5], "texture": "#1"},
				"west": {"uv": [6.5, 7.5, 7, 8], "texture": "#1"},
				"up": {"uv": [8, 7, 7.5, 6.5], "texture": "#1"},
				"down": {"uv": [7.5, 7.5, 7, 8], "texture": "#1"}
			}
		},
		{
			"name": "hexadecagon",
			"from": [5.5, 7.10218, 7.5],
			"to": [6.5, 7.89782, 8.5],
			"rotation": {"angle": 22.5, "axis": "z", "origin": [7.5, 7.5, 8]},
			"faces": {
				"north": {"uv": [7.5, 7, 8, 7.5], "texture": "#1"},
				"east": {"uv": [7.5, 7.5, 8, 8], "texture": "#1"},
				"south": {"uv": [0, 8, 0.5, 8.5], "texture": "#1"},
				"west": {"uv": [8, 0, 8.5, 0.5], "texture": "#1"},
				"up": {"uv": [1, 8.5, 0.5, 8], "texture": "#1"},
				"down": {"uv": [8.5, 0.5, 8, 1], "texture": "#1"}
			}
		},
		{
			"name": "hexadecagon",
			"from": [5.5, 7.10218, 7.5],
			"to": [6.5, 7.89782, 8.5],
			"rotation": {"angle": 45, "axis": "z", "origin": [7.5, 7.5, 8]},
			"faces": {
				"north": {"uv": [1, 8, 1.5, 8.5], "texture": "#1"},
				"east": {"uv": [8, 1, 8.5, 1.5], "texture": "#1"},
				"south": {"uv": [1.5, 8, 2, 8.5], "texture": "#1"},
				"west": {"uv": [8, 1.5, 8.5, 2], "texture": "#1"},
				"up": {"uv": [2.5, 8.5, 2, 8], "texture": "#1"},
				"down": {"uv": [8.5, 2, 8, 2.5], "texture": "#1"}
			}
		},
		{
			"name": "hexadecagon",
			"from": [7.10218, 5.5, 7.5],
			"to": [7.89782, 6.5, 8.5],
			"rotation": {"angle": -22.5, "axis": "z", "origin": [7.5, 7.5, 8]},
			"faces": {
				"north": {"uv": [2.5, 8, 3, 8.5], "texture": "#1"},
				"east": {"uv": [8, 2.5, 8.5, 3], "texture": "#1"},
				"south": {"uv": [3, 8, 3.5, 8.5], "texture": "#1"},
				"west": {"uv": [8, 3, 8.5, 3.5], "texture": "#1"},
				"up": {"uv": [4, 8.5, 3.5, 8], "texture": "#1"},
				"down": {"uv": [8.5, 3.5, 8, 4], "texture": "#1"}
			}
		},
		{
			"name": "hexadecagon",
			"from": [7.10218, 5.5, 7.5],
			"to": [7.89782, 6.5, 8.5],
			"rotation": {"angle": 0, "axis": "x", "origin": [7.5, 7.5, 8]},
			"faces": {
				"north": {"uv": [4, 8, 4.5, 8.5], "texture": "#1"},
				"east": {"uv": [8, 4, 8.5, 4.5], "texture": "#1"},
				"south": {"uv": [4.5, 8, 5, 8.5], "texture": "#1"},
				"west": {"uv": [8, 4.5, 8.5, 5], "texture": "#1"},
				"up": {"uv": [5.5, 8.5, 5, 8], "texture": "#1"},
				"down": {"uv": [8.5, 5, 8, 5.5], "texture": "#1"}
			}
		},
		{
			"name": "hexadecagon",
			"from": [7.35218, 6.5, 7.875],
			"to": [7.64782, 7.2, 8.125],
			"rotation": {"angle": 0, "axis": "x", "origin": [7.5, 7.5, 8]},
			"faces": {
				"north": {"uv": [5.5, 8, 6, 8.5], "texture": "#1"},
				"east": {"uv": [8, 5.5, 8.5, 6], "texture": "#1"},
				"south": {"uv": [6, 8, 6.5, 8.5], "texture": "#1"},
				"west": {"uv": [8, 6, 8.5, 6.5], "texture": "#1"},
				"up": {"uv": [7, 8.5, 6.5, 8], "texture": "#1"},
				"down": {"uv": [8.5, 6.5, 8, 7], "texture": "#1"}
			}
		},
		{
			"name": "hexadecagon",
			"from": [7.35218, 7.85, 7.875],
			"to": [7.64782, 8.55, 8.125],
			"rotation": {"angle": 0, "axis": "x", "origin": [7.5, 7.5, 8]},
			"faces": {
				"north": {"uv": [7, 8, 7.5, 8.5], "texture": "#1"},
				"east": {"uv": [8, 7, 8.5, 7.5], "texture": "#1"},
				"south": {"uv": [7.5, 8, 8, 8.5], "texture": "#1"},
				"west": {"uv": [8, 7.5, 8.5, 8], "texture": "#1"},
				"up": {"uv": [8.5, 8.5, 8, 8], "texture": "#1"},
				"down": {"uv": [0.5, 8.5, 0, 9], "texture": "#1"}
			}
		},
		{
			"name": "hexadecagon",
			"from": [7.75, 7.35218, 7.875],
			"to": [8.5, 7.64782, 8.125],
			"rotation": {"angle": 0, "axis": "z", "origin": [7.5, 7.5, 8]},
			"faces": {
				"north": {"uv": [8.5, 0, 9, 0.5], "texture": "#1"},
				"east": {"uv": [0.5, 8.5, 1, 9], "texture": "#1"},
				"south": {"uv": [8.5, 0.5, 9, 1], "texture": "#1"},
				"west": {"uv": [1, 8.5, 1.5, 9], "texture": "#1"},
				"up": {"uv": [9, 1.5, 8.5, 1], "texture": "#1"},
				"down": {"uv": [2, 8.5, 1.5, 9], "texture": "#1"}
			}
		},
		{
			"name": "hexadecagon",
			"from": [6, 7.35218, 7.875],
			"to": [7.25, 7.64782, 8.125],
			"rotation": {"angle": 0, "axis": "z", "origin": [7.5, 7.5, 8]},
			"faces": {
				"north": {"uv": [2, 0, 3, 0.5], "texture": "#1"},
				"east": {"uv": [8.5, 1.5, 9, 2], "texture": "#1"},
				"south": {"uv": [2, 0.5, 3, 1], "texture": "#1"},
				"west": {"uv": [2, 8.5, 2.5, 9], "texture": "#1"},
				"up": {"uv": [3, 1.5, 2, 1], "texture": "#1"},
				"down": {"uv": [3, 1.5, 2, 2], "texture": "#1"}
			}
		},
		{
			"name": "hexadecagon",
			"from": [7.625, 7.125, 7.75],
			"to": [7.875, 7.875, 8.25],
			"rotation": {"angle": 0, "axis": "x", "origin": [7.5, 7.5, 8]},
			"faces": {
				"north": {"uv": [8.5, 2, 9, 2.5], "texture": "#1"},
				"east": {"uv": [2.5, 8.5, 3, 9], "texture": "#1"},
				"south": {"uv": [8.5, 2.5, 9, 3], "texture": "#1"},
				"west": {"uv": [3, 8.5, 3.5, 9], "texture": "#1"},
				"up": {"uv": [9, 3.5, 8.5, 3], "texture": "#1"},
				"down": {"uv": [4, 8.5, 3.5, 9], "texture": "#1"}
			}
		},
		{
			"name": "hexadecagon",
			"from": [7.375, 7.625, 7.75],
			"to": [7.625, 7.875, 8.25],
			"rotation": {"angle": 0, "axis": "x", "origin": [7.5, 7.5, 8]},
			"faces": {
				"north": {"uv": [8.5, 3.5, 9, 4], "texture": "#1"},
				"east": {"uv": [4, 8.5, 4.5, 9], "texture": "#1"},
				"south": {"uv": [8.5, 4, 9, 4.5], "texture": "#1"},
				"west": {"uv": [4.5, 8.5, 5, 9], "texture": "#1"},
				"up": {"uv": [9, 5, 8.5, 4.5], "texture": "#1"},
				"down": {"uv": [5.5, 8.5, 5, 9], "texture": "#1"}
			}
		},
		{
			"name": "hexadecagon",
			"from": [7.375, 7.125, 7.75],
			"to": [7.625, 7.375, 8.25],
			"rotation": {"angle": 0, "axis": "x", "origin": [7.5, 7.5, 8]},
			"faces": {
				"north": {"uv": [8.5, 5, 9, 5.5], "texture": "#1"},
				"east": {"uv": [5.5, 8.5, 6, 9], "texture": "#1"},
				"south": {"uv": [8.5, 5.5, 9, 6], "texture": "#1"},
				"west": {"uv": [6, 8.5, 6.5, 9], "texture": "#1"},
				"up": {"uv": [9, 6.5, 8.5, 6], "texture": "#1"},
				"down": {"uv": [7, 8.5, 6.5, 9], "texture": "#1"}
			}
		},
		{
			"name": "hexadecagon",
			"from": [7.125, 7.125, 7.75],
			"to": [7.375, 7.875, 8.25],
			"rotation": {"angle": 0, "axis": "x", "origin": [7.5, 7.5, 8]},
			"faces": {
				"north": {"uv": [8.5, 6.5, 9, 7], "texture": "#1"},
				"east": {"uv": [7, 8.5, 7.5, 9], "texture": "#1"},
				"south": {"uv": [8.5, 7, 9, 7.5], "texture": "#1"},
				"west": {"uv": [7.5, 8.5, 8, 9], "texture": "#1"},
				"up": {"uv": [9, 8, 8.5, 7.5], "texture": "#1"},
				"down": {"uv": [8.5, 8.5, 8, 9], "texture": "#1"}
			}
		},
		{
			"name": "hexadecagon",
			"from": [7.10218, 5.5, 7.5],
			"to": [7.89782, 6.5, 8.5],
			"rotation": {"angle": 22.5, "axis": "z", "origin": [7.5, 7.5, 8]},
			"faces": {
				"north": {"uv": [8.5, 8, 9, 8.5], "texture": "#1"},
				"east": {"uv": [8.5, 8.5, 9, 9], "texture": "#1"},
				"south": {"uv": [0, 9, 0.5, 9.5], "texture": "#1"},
				"west": {"uv": [9, 0, 9.5, 0.5], "texture": "#1"},
				"up": {"uv": [1, 9.5, 0.5, 9], "texture": "#1"},
				"down": {"uv": [9.5, 0.5, 9, 1], "texture": "#1"}
			}
		},
		{
			"name": "hexadecagon",
			"from": [7.10218, 8.5, 7.5],
			"to": [7.89782, 9.5, 8.5],
			"rotation": {"angle": -22.5, "axis": "z", "origin": [7.5, 7.5, 8]},
			"faces": {
				"north": {"uv": [1, 9, 1.5, 9.5], "texture": "#1"},
				"east": {"uv": [9, 1, 9.5, 1.5], "texture": "#1"},
				"south": {"uv": [1.5, 9, 2, 9.5], "texture": "#1"},
				"west": {"uv": [9, 1.5, 9.5, 2], "texture": "#1"},
				"up": {"uv": [2.5, 9.5, 2, 9], "texture": "#1"},
				"down": {"uv": [9.5, 2, 9, 2.5], "texture": "#1"}
			}
		},
		{
			"name": "hexadecagon",
			"from": [7.1022, 8.5, 7.5],
			"to": [7.89784, 9.5, 8.5],
			"rotation": {"angle": 0, "axis": "x", "origin": [7.5, 7.5, 8]},
			"faces": {
				"north": {"uv": [2.5, 9, 3, 9.5], "texture": "#1"},
				"east": {"uv": [9, 2.5, 9.5, 3], "texture": "#1"},
				"south": {"uv": [3, 9, 3.5, 9.5], "texture": "#1"},
				"west": {"uv": [9, 3, 9.5, 3.5], "texture": "#1"},
				"up": {"uv": [4, 9.5, 3.5, 9], "texture": "#1"},
				"down": {"uv": [9.5, 3.5, 9, 4], "texture": "#1"}
			}
		},
		{
			"name": "hexadecagon",
			"from": [7.10218, 8.5, 7.5],
			"to": [7.89782, 9.5, 8.5],
			"rotation": {"angle": 22.5, "axis": "z", "origin": [7.5, 7.5, 8]},
			"faces": {
				"north": {"uv": [4, 9, 4.5, 9.5], "texture": "#1"},
				"east": {"uv": [9, 4, 9.5, 4.5], "texture": "#1"},
				"south": {"uv": [4.5, 9, 5, 9.5], "texture": "#1"},
				"west": {"uv": [9, 4.5, 9.5, 5], "texture": "#1"},
				"up": {"uv": [5.5, 9.5, 5, 9], "texture": "#1"},
				"down": {"uv": [9.5, 5, 9, 5.5], "texture": "#1"}
			}
		},
		{
			"name": "hexadecagon",
			"from": [7.30109, 0, 7],
			"to": [7.69891, 0.5, 9],
			"rotation": {"angle": -45, "axis": "y", "origin": [7.5, 0.25, 8]},
			"faces": {
				"north": {"uv": [5.5, 9, 6, 9.5], "texture": "#1"},
				"east": {"uv": [2, 2, 3, 2.5], "texture": "#1"},
				"south": {"uv": [9, 5.5, 9.5, 6], "texture": "#1"},
				"west": {"uv": [0, 2.5, 1, 3], "texture": "#1"},
				"up": {"uv": [1.5, 3.5, 1, 2.5], "texture": "#1"},
				"down": {"uv": [2, 2.5, 1.5, 3.5], "texture": "#1"}
			}
		},
		{
			"name": "hexadecagon",
			"from": [7.30109, 0, 7],
			"to": [7.69891, 0.5, 9],
			"rotation": {"angle": -22.5, "axis": "y", "origin": [7.5, 0.25, 8]},
			"faces": {
				"north": {"uv": [6, 9, 6.5, 9.5], "texture": "#1"},
				"east": {"uv": [2, 2.5, 3, 3], "texture": "#1"},
				"south": {"uv": [9, 6, 9.5, 6.5], "texture": "#1"},
				"west": {"uv": [0, 3, 1, 3.5], "texture": "#1"},
				"up": {"uv": [3.5, 1, 3, 0], "texture": "#1"},
				"down": {"uv": [3.5, 1, 3, 2], "texture": "#1"}
			}
		},
		{
			"name": "hexadecagon",
			"from": [7.30109, 0, 7],
			"to": [7.69891, 0.5, 9],
			"rotation": {"angle": 0, "axis": "x", "origin": [7.5, 0.25, 8]},
			"faces": {
				"north": {"uv": [6.5, 9, 7, 9.5], "texture": "#1"},
				"east": {"uv": [2, 3, 3, 3.5], "texture": "#1"},
				"south": {"uv": [9, 6.5, 9.5, 7], "texture": "#1"},
				"west": {"uv": [3, 2, 4, 2.5], "texture": "#1"},
				"up": {"uv": [3.5, 3.5, 3, 2.5], "texture": "#1"},
				"down": {"uv": [0.5, 3.5, 0, 4.5], "texture": "#1"}
			}
		},
		{
			"name": "hexadecagon",
			"from": [7.30109, 0, 7],
			"to": [7.69891, 0.5, 9],
			"rotation": {"angle": 22.5, "axis": "y", "origin": [7.5, 0.25, 8]},
			"faces": {
				"north": {"uv": [7, 9, 7.5, 9.5], "texture": "#1"},
				"east": {"uv": [3.5, 0, 4.5, 0.5], "texture": "#1"},
				"south": {"uv": [9, 7, 9.5, 7.5], "texture": "#1"},
				"west": {"uv": [0.5, 3.5, 1.5, 4], "texture": "#1"},
				"up": {"uv": [4, 1.5, 3.5, 0.5], "texture": "#1"},
				"down": {"uv": [2, 3.5, 1.5, 4.5], "texture": "#1"}
			}
		},
		{
			"name": "hexadecagon",
			"from": [7.30109, 0, 7],
			"to": [7.69891, 0.5, 9],
			"rotation": {"angle": 45, "axis": "y", "origin": [7.5, 0.25, 8]},
			"faces": {
				"north": {"uv": [7.5, 9, 8, 9.5], "texture": "#1"},
				"east": {"uv": [3.5, 1.5, 4.5, 2], "texture": "#1"},
				"south": {"uv": [9, 7.5, 9.5, 8], "texture": "#1"},
				"west": {"uv": [2, 3.5, 3, 4], "texture": "#1"},
				"up": {"uv": [4, 3.5, 3.5, 2.5], "texture": "#1"},
				"down": {"uv": [3.5, 3.5, 3, 4.5], "texture": "#1"}
			}
		},
		{
			"name": "hexadecagon",
			"from": [6.5, 0, 7.80109],
			"to": [8.5, 0.5, 8.19891],
			"rotation": {"angle": -22.5, "axis": "y", "origin": [7.5, 0.25, 8]},
			"faces": {
				"north": {"uv": [3.5, 3.5, 4.5, 4], "texture": "#1"},
				"east": {"uv": [8, 9, 8.5, 9.5], "texture": "#1"},
				"south": {"uv": [0.5, 4, 1.5, 4.5], "texture": "#1"},
				"west": {"uv": [9, 8, 9.5, 8.5], "texture": "#1"},
				"up": {"uv": [5, 1, 4, 0.5], "texture": "#1"},
				"down": {"uv": [5, 1, 4, 1.5], "texture": "#1"}
			}
		},
		{
			"name": "hexadecagon",
			"from": [6.5, 0, 7.80109],
			"to": [8.5, 0.5, 8.19891],
			"rotation": {"angle": 0, "axis": "x", "origin": [7.5, 0.25, 8]},
			"faces": {
				"north": {"uv": [2, 4, 3, 4.5], "texture": "#1"},
				"east": {"uv": [8.5, 9, 9, 9.5], "texture": "#1"},
				"south": {"uv": [4, 2, 5, 2.5], "texture": "#1"},
				"west": {"uv": [9, 8.5, 9.5, 9], "texture": "#1"},
				"up": {"uv": [5, 3, 4, 2.5], "texture": "#1"},
				"down": {"uv": [5, 3, 4, 3.5], "texture": "#1"}
			}
		},
		{
			"name": "hexadecagon",
			"from": [6.5, 0, 7.80109],
			"to": [8.5, 0.5, 8.19891],
			"rotation": {"angle": 22.5, "axis": "y", "origin": [7.5, 0.25, 8]},
			"faces": {
				"north": {"uv": [3.5, 4, 4.5, 4.5], "texture": "#1"},
				"east": {"uv": [9, 9, 9.5, 9.5], "texture": "#1"},
				"south": {"uv": [0, 4.5, 1, 5], "texture": "#1"},
				"west": {"uv": [0, 9.5, 0.5, 10], "texture": "#1"},
				"up": {"uv": [5.5, 0.5, 4.5, 0], "texture": "#1"},
				"down": {"uv": [2, 4.5, 1, 5], "texture": "#1"}
			}
		},
		{
			"name": "hexadecagon",
			"from": [7.30109, 4.5, 7],
			"to": [7.69891, 5, 9],
			"rotation": {"angle": -45, "axis": "y", "origin": [7.5, 4.75, 8]},
			"faces": {
				"north": {"uv": [9.5, 0, 10, 0.5], "texture": "#1"},
				"east": {"uv": [4.5, 1.5, 5.5, 2], "texture": "#1"},
				"south": {"uv": [0.5, 9.5, 1, 10], "texture": "#1"},
				"west": {"uv": [2, 4.5, 3, 5], "texture": "#1"},
				"up": {"uv": [3.5, 5.5, 3, 4.5], "texture": "#1"},
				"down": {"uv": [4, 4.5, 3.5, 5.5], "texture": "#1"}
			}
		},
		{
			"name": "hexadecagon",
			"from": [7.30109, 4.5, 7],
			"to": [7.69891, 5, 9],
			"rotation": {"angle": -22.5, "axis": "y", "origin": [7.5, 4.75, 8]},
			"faces": {
				"north": {"uv": [9.5, 0.5, 10, 1], "texture": "#1"},
				"east": {"uv": [4.5, 3.5, 5.5, 4], "texture": "#1"},
				"south": {"uv": [1, 9.5, 1.5, 10], "texture": "#1"},
				"west": {"uv": [4, 4.5, 5, 5], "texture": "#1"},
				"up": {"uv": [0.5, 6, 0, 5], "texture": "#1"},
				"down": {"uv": [1, 5, 0.5, 6], "texture": "#1"}
			}
		},
		{
			"name": "hexadecagon",
			"from": [7.30109, 4.5, 7],
			"to": [7.69891, 5, 9],
			"rotation": {"angle": 0, "axis": "x", "origin": [7.5, 4.75, 8]},
			"faces": {
				"north": {"uv": [9.5, 1, 10, 1.5], "texture": "#1"},
				"east": {"uv": [4.5, 4, 5.5, 4.5], "texture": "#1"},
				"south": {"uv": [1.5, 9.5, 2, 10], "texture": "#1"},
				"west": {"uv": [5, 0.5, 6, 1], "texture": "#1"},
				"up": {"uv": [1.5, 6, 1, 5], "texture": "#1"},
				"down": {"uv": [2, 5, 1.5, 6], "texture": "#1"}
			}
		},
		{
			"name": "hexadecagon",
			"from": [7.30109, 4.5, 7],
			"to": [7.69891, 5, 9],
			"rotation": {"angle": 22.5, "axis": "y", "origin": [7.5, 4.75, 8]},
			"faces": {
				"north": {"uv": [9.5, 1.5, 10, 2], "texture": "#1"},
				"east": {"uv": [5, 1, 6, 1.5], "texture": "#1"},
				"south": {"uv": [2, 9.5, 2.5, 10], "texture": "#1"},
				"west": {"uv": [2, 5, 3, 5.5], "texture": "#1"},
				"up": {"uv": [5.5, 3, 5, 2], "texture": "#1"},
				"down": {"uv": [4.5, 5, 4, 6], "texture": "#1"}
			}
		},
		{
			"name": "hexadecagon",
			"from": [7.30109, 4.5, 7],
			"to": [7.69891, 5, 9],
			"rotation": {"angle": 45, "axis": "y", "origin": [7.5, 4.75, 8]},
			"faces": {
				"north": {"uv": [9.5, 2, 10, 2.5], "texture": "#1"},
				"east": {"uv": [5, 3, 6, 3.5], "texture": "#1"},
				"south": {"uv": [2.5, 9.5, 3, 10], "texture": "#1"},
				"west": {"uv": [4.5, 5, 5.5, 5.5], "texture": "#1"},
				"up": {"uv": [6, 2.5, 5.5, 1.5], "texture": "#1"},
				"down": {"uv": [2.5, 5.5, 2, 6.5], "texture": "#1"}
			}
		},
		{
			"name": "hexadecagon",
			"from": [6.5, 4.5, 7.80109],
			"to": [8.5, 5, 8.19891],
			"rotation": {"angle": -22.5, "axis": "y", "origin": [7.5, 4.75, 8]},
			"faces": {
				"north": {"uv": [5, 4.5, 6, 5], "texture": "#1"},
				"east": {"uv": [9.5, 2.5, 10, 3], "texture": "#1"},
				"south": {"uv": [5.5, 0, 6.5, 0.5], "texture": "#1"},
				"west": {"uv": [3, 9.5, 3.5, 10], "texture": "#1"},
				"up": {"uv": [3.5, 6, 2.5, 5.5], "texture": "#1"},
				"down": {"uv": [6.5, 2.5, 5.5, 3], "texture": "#1"}
			}
		},
		{
			"name": "hexadecagon",
			"from": [6.5, 4.5, 7.80109],
			"to": [8.5, 5, 8.19891],
			"rotation": {"angle": 0, "axis": "x", "origin": [7.5, 4.75, 8]},
			"faces": {
				"north": {"uv": [5.5, 3.5, 6.5, 4], "texture": "#1"},
				"east": {"uv": [9.5, 3, 10, 3.5], "texture": "#1"},
				"south": {"uv": [5.5, 4, 6.5, 4.5], "texture": "#1"},
				"west": {"uv": [3.5, 9.5, 4, 10], "texture": "#1"},
				"up": {"uv": [5.5, 6, 4.5, 5.5], "texture": "#1"},
				"down": {"uv": [6.5, 5, 5.5, 5.5], "texture": "#1"}
			}
		},
		{
			"name": "hexadecagon",
			"from": [6.5, 4.5, 7.80109],
			"to": [8.5, 5, 8.19891],
			"rotation": {"angle": 22.5, "axis": "y", "origin": [7.5, 4.75, 8]},
			"faces": {
				"north": {"uv": [5.5, 5.5, 6.5, 6], "texture": "#1"},
				"east": {"uv": [9.5, 3.5, 10, 4], "texture": "#1"},
				"south": {"uv": [0, 6, 1, 6.5], "texture": "#1"},
				"west": {"uv": [4, 9.5, 4.5, 10], "texture": "#1"},
				"up": {"uv": [7, 1, 6, 0.5], "texture": "#1"},
				"down": {"uv": [2, 6, 1, 6.5], "texture": "#1"}
			}
		}
	],
	"display": {
		"thirdperson_righthand": {
			"rotation": [145, 90, 0],
			"translation": [0, 0.75, 0.25],
			"scale": [0.75, 0.75, 0.75]
		},
		"thirdperson_lefthand": {
			"rotation": [145, 90, 0],
			"translation": [0, 0.75, 0.25],
			"scale": [0.75, 0.75, 0.75]
		},
		"firstperson_righthand": {
			"rotation": [140, 90, 0],
			"translation": [4.5, 1.5, 0]
		},
		"firstperson_lefthand": {
			"rotation": [140, 90, 0],
			"translation": [4.5, 1.5, 0]
		},
		"ground": {
			"translation": [0, 2, 0],
			"scale": [0.75, 0.75, 0.75]
		},
		"gui": {
			"rotation": [0, -45, -45],
			"translation": [2, 2, 0],
			"scale": [1.5, 1.5, 1.5]
		}
	},
	"groups": [
		{
			"name": "Royal Key",
			"origin": [8, 8, 8],
			"color": 0,
			"children": [
				{
					"name": "Details",
					"origin": [8, 8, 8],
					"color": 0,
					"children": []
				},
				{
					"name": "Body",
					"origin": [8, 8, 8],
					"color": 0,
					"children": [0, 1, 2, 3, 4, 5, 6, 7, 8]
				},
				{
					"name": "Top",
					"origin": [8, 8, 8],
					"color": 0,
					"children": [
						{
							"name": "hexadecagon",
							"origin": [8, 8, 8],
							"color": 0,
							"children": [9, 10, 11, 12, 13, 14, 15, 16, 17, 18, 19, 20, 21, 22, 23, 24, 25, 26, 27, 28, 29, 30, 31, 32]
						}
					]
				},
				{
					"name": "Bottom",
					"origin": [8, 8, 8],
					"color": 0,
					"children": [
						{
							"name": "hexadecagon",
							"origin": [8, 8, 8],
							"color": 0,
							"children": [33, 34, 35, 36, 37, 38, 39, 40]
						},
						{
							"name": "hexadecagon",
							"origin": [8, 8, 8],
							"color": 0,
							"children": [41, 42, 43, 44, 45, 46, 47, 48]
						}
					]
				}
			]
		}
	]
}