{
  "parent": "item/handheld",
  "textures": {
    "layer0": "item/netherite_hoe"
  },
  "overrides": [
    {
      "predicate": {
        "custom_model_data": 2000
      },
      "model": "item/skins/tools/hoe/bronze"
    },
    {
      "predicate": {
        "custom_model_data": 2001
      },
      "model": "item/skins/tools/hoe/oxidized_copper"
    },
    {
      "predicate": {
        "custom_model_data": 2002
      },
      "model": "item/skins/tools/hoe/silver"
    },
    {
      "predicate": {
        "custom_model_data": 2003
      },
      "model": "item/skins/tools/hoe/cobalt"
    },
    {
      "predicate": {
        "custom_model_data": 2004
      },
      "model": "item/skins/tools/hoe/amethyst"
    },
    {
      "predicate": {
        "custom_model_data": 2005
      },
      "model": "item/skins/tools/hoe/ruby"
    },
    {
      "predicate": {
        "custom_model_data": 2006
      },
      "model": "item/skins/tools/hoe/sapphire"
    },
    {
      "predicate": {
        "custom_model_data": 2007
      },
      "model": "item/skins/tools/hoe/emerald"
    },
    {
      "predicate": {
        "custom_model_data": 2008
      },
      "model": "item/skins/tools/hoe/ender"
    },
    {
      "predicate": {
        "custom_model_data": 2009
      },
      "model": "item/skins/tools/hoe/obsidian"
    },
	{
      "predicate": {
        "custom_model_data": 2010
      },
      "model": "item/skins/tools/hoe/leaf"
    },
	{
      "predicate": {
        "custom_model_data": 2011
      },
      "model": "item/skins/tools/hoe/deep_rock"
    },
	{
      "predicate": {
        "custom_model_data": 2012
      },
      "model": "item/skins/tools/hoe/ancient_blood"
    },
	{
      "predicate": {
        "custom_model_data": 2013
      },
      "model": "item/skins/tools/hoe/elderian"
    },
    {
      "predicate": {
        "custom_model_data": 2014
      },
      "model": "item/skins/tools/hoe/firework_hoe"
    }
  ]
}