{
	"credit": "Made by ChainArts",
	"texture_size": [32, 32],
	"textures": {
		"0": "item/seed_bag/seed_bag_type_5",
		"particle": "item/seed_bag/seed_bag_type_5"
	},
	"elements": [
		{
			"from": [6.55, 6.40754, 6.63536],
			"to": [9.45, 7.90754, 7.53536],
			"rotation": {"angle": -45, "axis": "x", "origin": [8, 7.25754, 6.83536]},
			"faces": {
				"north": {"uv": [7, 2, 8.5, 2.75], "texture": "#0"},
				"east": {"uv": [7.5, 8.5, 8, 9.25], "texture": "#0"},
				"south": {"uv": [7, 3, 8.5, 3.75], "texture": "#0"},
				"west": {"uv": [8, 8.5, 8.5, 9.25], "texture": "#0"},
				"up": {"uv": [9.5, 2, 8, 1.5], "texture": "#0"},
				"down": {"uv": [3.5, 8, 2, 8.5], "texture": "#0"}
			}
		},
		{
			"from": [6.55, 6.40754, 8.46464],
			"to": [9.45, 7.90754, 9.36464],
			"rotation": {"angle": 45, "axis": "x", "origin": [8, 7.25754, 9.16464]},
			"faces": {
				"north": {"uv": [7, 4, 8.5, 4.75], "texture": "#0"},
				"east": {"uv": [8.5, 8.5, 9, 9.25], "texture": "#0"},
				"south": {"uv": [7, 5, 8.5, 5.75], "texture": "#0"},
				"west": {"uv": [1, 9, 1.5, 9.75], "texture": "#0"},
				"up": {"uv": [5, 8.5, 3.5, 8], "texture": "#0"},
				"down": {"uv": [6.5, 8, 5, 8.5], "texture": "#0"}
			}
		},
		{
			"from": [6.575, 6.51508, 7.29497],
			"to": [9.45, 7.41508, 8.69497],
			"rotation": {"angle": 0, "axis": "x", "origin": [8, 6.71508, 8.14497]},
			"faces": {
				"north": {"uv": [6.5, 8, 8, 8.5], "texture": "#0"},
				"east": {"uv": [8.5, 6.5, 9.25, 7], "texture": "#0"},
				"south": {"uv": [8, 8, 9.5, 8.5], "texture": "#0"},
				"west": {"uv": [1.5, 9, 2.25, 9.5], "texture": "#0"},
				"up": {"uv": [7.5, 7.75, 6, 7], "texture": "#0"},
				"down": {"uv": [8.5, 6, 7, 6.75], "texture": "#0"}
			}
		},
		{
			"from": [6.79289, 7.825, 6.8],
			"to": [7.59289, 8.625, 9.2],
			"rotation": {"angle": 45, "axis": "z", "origin": [7.7, 7.11789, 8]},
			"faces": {
				"north": {"uv": [4, 9, 4.5, 9.5], "texture": "#0"},
				"east": {"uv": [3, 8.5, 4.25, 9], "texture": "#0"},
				"south": {"uv": [9, 4.5, 9.5, 5], "texture": "#0"},
				"west": {"uv": [8.5, 4, 9.75, 4.5], "texture": "#0"},
				"up": {"uv": [5, 9.75, 4.5, 8.5], "texture": "#0"},
				"down": {"uv": [9, 4.5, 8.5, 5.75], "texture": "#0"}
			}
		},
		{
			"from": [8.40711, 7.85, 6.8],
			"to": [9.20711, 8.65, 9.2],
			"rotation": {"angle": -45, "axis": "z", "origin": [8.3, 7.14289, 8]},
			"faces": {
				"north": {"uv": [3.5, 9, 4, 9.5], "texture": "#0"},
				"east": {"uv": [1, 8.5, 2.25, 9], "texture": "#0"},
				"south": {"uv": [9, 3.5, 9.5, 4], "texture": "#0"},
				"west": {"uv": [8.5, 2, 9.75, 2.5], "texture": "#0"},
				"up": {"uv": [3, 9.75, 2.5, 8.5], "texture": "#0"},
				"down": {"uv": [9, 2.5, 8.5, 3.75], "texture": "#0"}
			}
		},
		{
			"from": [5.5, 0.3, 6.9],
			"to": [6, 5.5, 9.1],
			"rotation": {"angle": 0, "axis": "y", "origin": [7, 1.5, 7]},
			"faces": {
				"north": {"uv": [0, 8.5, 0.25, 11], "texture": "#0"},
				"east": {"uv": [0, 5.5, 1, 8], "texture": "#0"},
				"south": {"uv": [0.5, 8.5, 0.75, 11], "texture": "#0"},
				"west": {"uv": [1, 5.5, 2, 8], "texture": "#0"},
				"up": {"uv": [9.25, 3.5, 9, 2.5], "texture": "#0"},
				"down": {"uv": [3.25, 9, 3, 10], "texture": "#0"}
			}
		},
		{
			"from": [10, 0.3, 6.9],
			"to": [10.5, 5.5, 9.1],
			"rotation": {"angle": 0, "axis": "y", "origin": [11, 1.5, 7]},
			"faces": {
				"north": {"uv": [5, 8.5, 5.25, 11], "texture": "#0"},
				"east": {"uv": [2, 5.5, 3, 8], "texture": "#0"},
				"south": {"uv": [5.5, 8.5, 5.75, 11], "texture": "#0"},
				"west": {"uv": [3, 5.5, 4, 8], "texture": "#0"},
				"up": {"uv": [9.25, 6, 9, 5], "texture": "#0"},
				"down": {"uv": [6.25, 9, 6, 10], "texture": "#0"}
			}
		},
		{
			"from": [6, 0.3, 8.5],
			"to": [10, 5.5, 9.5],
			"rotation": {"angle": 0, "axis": "y", "origin": [8, 2.9, 7]},
			"faces": {
				"north": {"uv": [4, 0, 6, 2.5], "texture": "#0"},
				"east": {"uv": [6.5, 2, 7, 4.5], "texture": "#0"},
				"south": {"uv": [4, 2.5, 6, 5], "texture": "#0"},
				"west": {"uv": [6.5, 4.5, 7, 7], "texture": "#0"},
				"up": {"uv": [2, 8.5, 0, 8], "texture": "#0"},
				"down": {"uv": [10, 0, 8, 0.5], "texture": "#0"}
			}
		},
		{
			"from": [6, 0.3, 6.5],
			"to": [10, 5.5, 7.5],
			"rotation": {"angle": 0, "axis": "y", "origin": [8, 2.9, 9]},
			"faces": {
				"north": {"uv": [0, 3, 2, 5.5], "texture": "#0"},
				"east": {"uv": [6, 2, 6.5, 4.5], "texture": "#0"},
				"south": {"uv": [2, 3, 4, 5.5], "texture": "#0"},
				"west": {"uv": [6, 4.5, 6.5, 7], "texture": "#0"},
				"up": {"uv": [9.5, 7.5, 7.5, 7], "texture": "#0"},
				"down": {"uv": [9.5, 7.5, 7.5, 8], "texture": "#0"}
			}
		},
		{
			"from": [6, 0, 6.9],
			"to": [10, 6, 9.1],
			"rotation": {"angle": 0, "axis": "y", "origin": [7, 6.5, 6.9]},
			"faces": {
				"north": {"uv": [0, 0, 2, 3], "texture": "#0"},
				"east": {"uv": [4, 5, 5, 8], "texture": "#0"},
				"south": {"uv": [2, 0, 4, 3], "texture": "#0"},
				"west": {"uv": [5, 5, 6, 8], "texture": "#0"},
				"up": {"uv": [8, 1, 6, 0], "texture": "#0"},
				"down": {"uv": [8, 1, 6, 2], "texture": "#0"}
			}
		},
		{
			"from": [6.6, 6, 7.4],
			"to": [9.4, 6.525, 8.6],
			"rotation": {"angle": 0, "axis": "y", "origin": [7, 7, 6.9]},
			"faces": {
				"north": {"uv": [6, 8.5, 7.5, 8.75], "texture": "#0"},
				"east": {"uv": [9.5, 3.5, 10, 3.75], "texture": "#0"},
				"south": {"uv": [8.5, 6, 10, 6.25], "texture": "#0"},
				"west": {"uv": [4, 9.5, 4.5, 9.75], "texture": "#0"},
				"up": {"uv": [9.5, 1, 8, 0.5], "texture": "#0"},
				"down": {"uv": [9.5, 1, 8, 1.5], "texture": "#0"}
			}
		},
		{
			"from": [7.4, 5, 8.4],
			"to": [7.8, 5.6, 9.7],
			"rotation": {"angle": 22.5, "axis": "x", "origin": [6.9, 6.2, 10.6]},
			"faces": {
				"north": {"uv": [9.5, 7.5, 9.75, 7.75], "texture": "#0"},
				"east": {"uv": [6.5, 9, 7.25, 9.25], "texture": "#0"},
				"south": {"uv": [8, 9.5, 8.25, 9.75], "texture": "#0"},
				"west": {"uv": [9, 8.5, 9.75, 8.75], "texture": "#0"},
				"up": {"uv": [9.25, 9.75, 9, 9], "texture": "#0"},
				"down": {"uv": [9.75, 0.5, 9.5, 1.25], "texture": "#0"}
			}
		},
		{
			"from": [8.23352, 4.97409, 9.4097],
			"to": [8.63352, 5.39909, 9.9097],
			"rotation": {"angle": 22.5, "axis": "x", "origin": [7.73352, 5.97409, 11.6097]},
			"faces": {
				"north": {"uv": [10, 0, 10.25, 0.25], "texture": "#0"},
				"east": {"uv": [10, 0.5, 10.25, 0.75], "texture": "#0"},
				"south": {"uv": [1, 10, 1.25, 10.25], "texture": "#0"},
				"west": {"uv": [10, 1, 10.25, 1.25], "texture": "#0"},
				"up": {"uv": [1.75, 10.25, 1.5, 10], "texture": "#0"},
				"down": {"uv": [2.25, 10, 2, 10.25], "texture": "#0"}
			}
		},
		{
			"from": [8.23352, 5.19342, 9.39406],
			"to": [8.63352, 6.09342, 9.81906],
			"rotation": {"angle": 0, "axis": "x", "origin": [8.43352, 5.84342, 9.60656]},
			"faces": {
				"north": {"uv": [9.5, 6.5, 9.75, 7], "texture": "#0"},
				"east": {"uv": [7, 9.5, 7.25, 10], "texture": "#0"},
				"south": {"uv": [9.5, 7, 9.75, 7.5], "texture": "#0"},
				"west": {"uv": [7.5, 9.5, 7.75, 10], "texture": "#0"},
				"up": {"uv": [10.25, 2.25, 10, 2], "texture": "#0"},
				"down": {"uv": [2.75, 10, 2.5, 10.25], "texture": "#0"}
			}
		},
		{
			"from": [8.43352, 4.89342, 9.49406],
			"to": [8.83352, 5.49342, 9.91906],
			"rotation": {"angle": 0, "axis": "x", "origin": [8.63352, 5.54342, 9.70656]},
			"faces": {
				"north": {"uv": [10, 2.5, 10.25, 2.75], "texture": "#0"},
				"east": {"uv": [3, 10, 3.25, 10.25], "texture": "#0"},
				"south": {"uv": [10, 3, 10.25, 3.25], "texture": "#0"},
				"west": {"uv": [10, 3.5, 10.25, 3.75], "texture": "#0"},
				"up": {"uv": [4.25, 10.25, 4, 10], "texture": "#0"},
				"down": {"uv": [10.25, 4, 10, 4.25], "texture": "#0"}
			}
		},
		{
			"from": [7.23352, 5.09342, 9.49406],
			"to": [7.73352, 5.49342, 9.91906],
			"rotation": {"angle": 0, "axis": "x", "origin": [7.53352, 5.54342, 9.70656]},
			"faces": {
				"north": {"uv": [4.5, 10, 4.75, 10.25], "texture": "#0"},
				"east": {"uv": [10, 4.5, 10.25, 4.75], "texture": "#0"},
				"south": {"uv": [10, 5, 10.25, 5.25], "texture": "#0"},
				"west": {"uv": [10, 5.5, 10.25, 5.75], "texture": "#0"},
				"up": {"uv": [6.25, 10.25, 6, 10], "texture": "#0"},
				"down": {"uv": [10.25, 6, 10, 6.25], "texture": "#0"}
			}
		},
		{
			"from": [8, 5.86167, 8.17357],
			"to": [8.4, 6.26167, 9.47357],
			"rotation": {"angle": 22.5, "axis": "y", "origin": [8.2, 5.96167, 8.82357]},
			"faces": {
				"north": {"uv": [9.5, 9, 9.75, 9.25], "texture": "#0"},
				"east": {"uv": [1.5, 9.5, 2.25, 9.75], "texture": "#0"},
				"south": {"uv": [9.5, 9.5, 9.75, 9.75], "texture": "#0"},
				"west": {"uv": [9.5, 1.5, 10.25, 1.75], "texture": "#0"},
				"up": {"uv": [9.75, 3.25, 9.5, 2.5], "texture": "#0"},
				"down": {"uv": [3.75, 9.5, 3.5, 10.25], "texture": "#0"}
			}
		},
		{
			"from": [7.4, 5.16303, 9.40287],
			"to": [7.8, 5.96303, 9.80287],
			"rotation": {"angle": -22.5, "axis": "x", "origin": [7.6, 5.31303, 9.60287]},
			"faces": {
				"north": {"uv": [9.5, 4.5, 9.75, 5], "texture": "#0"},
				"east": {"uv": [9.5, 5, 9.75, 5.5], "texture": "#0"},
				"south": {"uv": [9.5, 5.5, 9.75, 6], "texture": "#0"},
				"west": {"uv": [6.5, 9.5, 6.75, 10], "texture": "#0"},
				"up": {"uv": [9.75, 8.25, 9.5, 8], "texture": "#0"},
				"down": {"uv": [8.75, 9.5, 8.5, 9.75], "texture": "#0"}
			}
		}
	],
	"display": {
		"thirdperson_righthand": {
			"rotation": [90, -137, 0],
			"translation": [-0.25, -0.5, 1.25],
			"scale": [0.65, 0.65, 0.65]
		},
		"thirdperson_lefthand": {
			"rotation": [90, -137, 0],
			"translation": [-0.25, -0.5, 1.25],
			"scale": [0.65, 0.65, 0.65]
		},
		"firstperson_righthand": {
			"rotation": [0, -71.75, 0],
			"translation": [1.5, 5.5, 1.75],
			"scale": [0.66, 0.66, 0.66]
		},
		"firstperson_lefthand": {
			"rotation": [0, -71.75, 0],
			"translation": [1.5, 5.5, 1.75],
			"scale": [0.66, 0.66, 0.66]
		},
		"ground": {
			"translation": [0, 6, 0]
		},
		"gui": {
			"rotation": [38, -33.5, 0],
			"translation": [0, 4.75, 0],
			"scale": [1.56, 1.56, 1.56]
		}
	}
}