{
	"credit": "Made by ChainArts",
	"texture_size": [64, 64],
	"textures": {
		"0": "item/omnitool/fish_stick",
		"particle": "item/omnitool/fish_stick"
	},
	"elements": [
		{
			"from": [7.55, 21.02108, 7.55],
			"to": [8.45, 28.52108, 8.45],
			"rotation": {"angle": 0, "axis": "y", "origin": [-3.25, 0.02108, -4]},
			"faces": {
				"north": {"uv": [1.75, 5.5, 2, 7.375], "texture": "#0"},
				"east": {"uv": [5.5, 2, 5.75, 3.875], "texture": "#0"},
				"south": {"uv": [4, 5.5, 4.25, 7.375], "texture": "#0"},
				"west": {"uv": [5.5, 4, 5.75, 5.875], "texture": "#0"},
				"up": {"uv": [8, 1.5, 7.75, 1.25], "texture": "#0"},
				"down": {"uv": [8, 1.5, 7.75, 1.75], "texture": "#0"}
			}
		},
		{
			"from": [7.99854, 27.10642, 7.81488],
			"to": [8.59854, 29.10642, 8.11488],
			"rotation": {"angle": -45, "axis": "z", "origin": [8.01975, 27.31598, 7.96488]},
			"faces": {
				"north": {"uv": [8, 1, 8.125, 1.5], "texture": "#0"},
				"east": {"uv": [8, 2, 8.125, 2.5], "texture": "#0"},
				"south": {"uv": [2.75, 8, 2.875, 8.5], "texture": "#0"},
				"west": {"uv": [3, 8, 3.125, 8.5], "texture": "#0"},
				"up": {"uv": [8.875, 5.875, 8.75, 5.75], "texture": "#0"},
				"down": {"uv": [6.125, 8.75, 6, 8.875], "texture": "#0"}
			}
		},
		{
			"from": [6.9293, 26.59478, 7.81488],
			"to": [7.5293, 28.59478, 8.11488],
			"rotation": {"angle": 45, "axis": "z", "origin": [8.01975, 27.31598, 7.96488]},
			"faces": {
				"north": {"uv": [7.75, 7.75, 7.875, 8.25], "texture": "#0"},
				"east": {"uv": [8, 0, 8.125, 0.5], "texture": "#0"},
				"south": {"uv": [0.5, 8, 0.625, 8.5], "texture": "#0"},
				"west": {"uv": [8, 0.5, 8.125, 1], "texture": "#0"},
				"up": {"uv": [8.875, 5.625, 8.75, 5.5], "texture": "#0"},
				"down": {"uv": [5.875, 8.75, 5.75, 8.875], "texture": "#0"}
			}
		},
		{
			"from": [7.25, 5.02108, 7.25],
			"to": [8.75, 13.52108, 8.75],
			"rotation": {"angle": 0, "axis": "y", "origin": [-3.25, 0.02108, -4]},
			"faces": {
				"north": {"uv": [2, 4.5, 2.375, 6.625], "texture": "#0"},
				"east": {"uv": [2.5, 4.5, 2.875, 6.625], "texture": "#0"},
				"south": {"uv": [5, 2.25, 5.375, 4.375], "texture": "#0"},
				"west": {"uv": [5, 4.5, 5.375, 6.625], "texture": "#0"},
				"up": {"uv": [4.875, 3.875, 4.5, 3.5], "texture": "#0"},
				"down": {"uv": [3.875, 6.5, 3.5, 6.875], "texture": "#0"}
			}
		},
		{
			"from": [7.4, 13.52108, 7.4],
			"to": [8.6, 21.02108, 8.6],
			"rotation": {"angle": 0, "axis": "y", "origin": [-3.25, 0.02108, -4]},
			"faces": {
				"north": {"uv": [5.5, 0, 5.75, 1.875], "texture": "#0"},
				"east": {"uv": [1, 5.5, 1.25, 7.375], "texture": "#0"},
				"south": {"uv": [1.25, 5.5, 1.5, 7.375], "texture": "#0"},
				"west": {"uv": [1.5, 5.5, 1.75, 7.375], "texture": "#0"},
				"up": {"uv": [0.75, 8, 0.5, 7.75], "texture": "#0"},
				"down": {"uv": [8, 1, 7.75, 1.25], "texture": "#0"}
			}
		},
		{
			"from": [7.99311, 8.56469, 7.75447],
			"to": [8.49036, 11.84654, 8.25172],
			"rotation": {"angle": -45, "axis": "z", "origin": [8.24174, 9.31056, 8.00309]},
			"faces": {
				"north": {"uv": [5.5, 7.25, 5.625, 8.125], "texture": "#0"},
				"east": {"uv": [5.75, 7.25, 5.875, 8.125], "texture": "#0"},
				"south": {"uv": [6, 7.25, 6.125, 8.125], "texture": "#0"},
				"west": {"uv": [6.25, 7.25, 6.375, 8.125], "texture": "#0"},
				"up": {"uv": [2.875, 9.625, 2.75, 9.5], "texture": "#0"},
				"down": {"uv": [9.625, 2.75, 9.5, 2.875], "texture": "#0"}
			}
		},
		{
			"from": [10.00655, 10.85161, 7.80419],
			"to": [10.40435, 12.84061, 8.20199],
			"rotation": {"angle": -22.5, "axis": "z", "origin": [10.37948, 11.44831, 8.00309]},
			"faces": {
				"north": {"uv": [3.25, 8, 3.375, 8.5], "texture": "#0"},
				"east": {"uv": [3.75, 8, 3.875, 8.5], "texture": "#0"},
				"south": {"uv": [8, 3.75, 8.125, 4.25], "texture": "#0"},
				"west": {"uv": [4, 8, 4.125, 8.5], "texture": "#0"},
				"up": {"uv": [2.625, 9.625, 2.5, 9.5], "texture": "#0"},
				"down": {"uv": [9.625, 2.5, 9.5, 2.625], "texture": "#0"}
			}
		},
		{
			"from": [10.10655, 12.82661, 7.90419],
			"to": [10.30435, 12.94061, 8.10199],
			"rotation": {"angle": -22.5, "axis": "z", "origin": [10.37948, 11.44831, 8.00309]},
			"faces": {
				"north": {"uv": [8, 10, 8.125, 10.125], "texture": "#0"},
				"east": {"uv": [10, 8, 10.125, 8.125], "texture": "#0"},
				"south": {"uv": [8.25, 10, 8.375, 10.125], "texture": "#0"},
				"west": {"uv": [10, 8.25, 10.125, 8.375], "texture": "#0"},
				"up": {"uv": [8.625, 10.125, 8.5, 10], "texture": "#0"},
				"down": {"uv": [10.125, 8.5, 10, 8.625], "texture": "#0"}
			}
		},
		{
			"from": [7.86975, 12.71199, 10.61473],
			"to": [8.26975, 12.91199, 11.01473],
			"rotation": {"angle": 22.5, "axis": "x", "origin": [8.06975, 9.35991, 10.30309]},
			"faces": {
				"north": {"uv": [7.25, 10, 7.375, 10.125], "texture": "#0"},
				"east": {"uv": [10, 7.25, 10.125, 7.375], "texture": "#0"},
				"south": {"uv": [7.5, 10, 7.625, 10.125], "texture": "#0"},
				"west": {"uv": [10, 7.5, 10.125, 7.625], "texture": "#0"},
				"up": {"uv": [7.875, 10.125, 7.75, 10], "texture": "#0"},
				"down": {"uv": [10.125, 7.75, 10, 7.875], "texture": "#0"}
			}
		},
		{
			"from": [7.76975, 9.71199, 10.51473],
			"to": [8.36975, 12.71199, 11.11473],
			"rotation": {"angle": 22.5, "axis": "x", "origin": [8.06975, 9.35991, 10.30309]},
			"faces": {
				"north": {"uv": [0, 7.5, 0.125, 8.25], "texture": "#0"},
				"east": {"uv": [1, 7.5, 1.125, 8.25], "texture": "#0"},
				"south": {"uv": [7.5, 1, 7.625, 1.75], "texture": "#0"},
				"west": {"uv": [1.25, 7.5, 1.375, 8.25], "texture": "#0"},
				"up": {"uv": [8.875, 5.375, 8.75, 5.25], "texture": "#0"},
				"down": {"uv": [5.625, 8.75, 5.5, 8.875], "texture": "#0"}
			}
		},
		{
			"from": [7.69475, 5.52801, 10.16415],
			"to": [8.44475, 10.07801, 10.91415],
			"rotation": {"angle": 45, "axis": "x", "origin": [8.06975, 9.35991, 10.30309]},
			"faces": {
				"north": {"uv": [2.75, 6.75, 2.875, 7.875], "texture": "#0"},
				"east": {"uv": [2, 7, 2.125, 8.125], "texture": "#0"},
				"south": {"uv": [2.25, 7, 2.375, 8.125], "texture": "#0"},
				"west": {"uv": [2.5, 7, 2.625, 8.125], "texture": "#0"},
				"up": {"uv": [8.875, 5.125, 8.75, 5], "texture": "#0"},
				"down": {"uv": [5.375, 8.75, 5.25, 8.875], "texture": "#0"}
			}
		},
		{
			"from": [11.20161, 4.82043, 7.70309],
			"to": [11.80161, 7.82043, 8.30309],
			"rotation": {"angle": -22.5, "axis": "z", "origin": [11.76411, 5.72043, 8.00309]},
			"faces": {
				"north": {"uv": [6.5, 7.25, 6.625, 8], "texture": "#0"},
				"east": {"uv": [6.75, 7.25, 6.875, 8], "texture": "#0"},
				"south": {"uv": [7.25, 6.75, 7.375, 7.5], "texture": "#0"},
				"west": {"uv": [7, 7.25, 7.125, 8], "texture": "#0"},
				"up": {"uv": [8.875, 0.875, 8.75, 0.75], "texture": "#0"},
				"down": {"uv": [1.125, 8.75, 1, 8.875], "texture": "#0"}
			}
		},
		{
			"from": [11.30161, 7.82043, 7.80309],
			"to": [11.70161, 8.02043, 8.20309],
			"rotation": {"angle": -22.5, "axis": "z", "origin": [11.76411, 5.72043, 8.00309]},
			"faces": {
				"north": {"uv": [6.5, 10, 6.625, 10.125], "texture": "#0"},
				"east": {"uv": [10, 6.5, 10.125, 6.625], "texture": "#0"},
				"south": {"uv": [6.75, 10, 6.875, 10.125], "texture": "#0"},
				"west": {"uv": [10, 6.75, 10.125, 6.875], "texture": "#0"},
				"up": {"uv": [7.125, 10.125, 7, 10], "texture": "#0"},
				"down": {"uv": [10.125, 7, 10, 7.125], "texture": "#0"}
			}
		},
		{
			"from": [5.77602, 11.86576, 7.85009],
			"to": [6.08202, 13.39576, 8.15609],
			"rotation": {"angle": 22.5, "axis": "z", "origin": [5.79514, 12.32476, 8.00309]},
			"faces": {
				"north": {"uv": [8.25, 2.75, 8.375, 3.125], "texture": "#0"},
				"east": {"uv": [8.25, 3.25, 8.375, 3.625], "texture": "#0"},
				"south": {"uv": [3.5, 8.25, 3.625, 8.625], "texture": "#0"},
				"west": {"uv": [8.25, 3.75, 8.375, 4.125], "texture": "#0"},
				"up": {"uv": [2.125, 9.625, 2, 9.5], "texture": "#0"},
				"down": {"uv": [9.625, 2, 9.5, 2.125], "texture": "#0"}
			}
		},
		{
			"from": [7.24831, 10.10659, 7.81184],
			"to": [7.63081, 12.63109, 8.19434],
			"rotation": {"angle": 45, "axis": "z", "origin": [7.43956, 10.68034, 8.00309]},
			"faces": {
				"north": {"uv": [7.5, 6.5, 7.625, 7.125], "texture": "#0"},
				"east": {"uv": [7.25, 7.5, 7.375, 8.125], "texture": "#0"},
				"south": {"uv": [7.5, 7.25, 7.625, 7.875], "texture": "#0"},
				"west": {"uv": [0.25, 7.75, 0.375, 8.375], "texture": "#0"},
				"up": {"uv": [2.375, 9.625, 2.25, 9.5], "texture": "#0"},
				"down": {"uv": [9.625, 2.25, 9.5, 2.375], "texture": "#0"}
			}
		},
		{
			"from": [7.4, 0.02108, 7.4],
			"to": [8.6, 5.02108, 8.6],
			"rotation": {"angle": 0, "axis": "y", "origin": [-3.25, -15.97892, -4]},
			"faces": {
				"north": {"uv": [6, 3.5, 6.25, 4.75], "texture": "#0"},
				"east": {"uv": [5.5, 6, 5.75, 7.25], "texture": "#0"},
				"south": {"uv": [5.75, 6, 6, 7.25], "texture": "#0"},
				"west": {"uv": [6, 6, 6.25, 7.25], "texture": "#0"},
				"up": {"uv": [8.25, 1.75, 8, 1.5], "texture": "#0"},
				"down": {"uv": [8.25, 2.5, 8, 2.75], "texture": "#0"}
			}
		},
		{
			"from": [8.16476, 1.37108, 7.62809],
			"to": [8.91476, 6.32108, 8.37809],
			"rotation": {"angle": -45, "axis": "z", "origin": [8.53976, 2.49608, 8.00309]},
			"faces": {
				"north": {"uv": [0.25, 6.5, 0.375, 7.75], "texture": "#0"},
				"east": {"uv": [0.5, 6.5, 0.625, 7.75], "texture": "#0"},
				"south": {"uv": [3, 6.5, 3.125, 7.75], "texture": "#0"},
				"west": {"uv": [3.25, 6.5, 3.375, 7.75], "texture": "#0"},
				"up": {"uv": [8.875, 0.625, 8.75, 0.5], "texture": "#0"},
				"down": {"uv": [0.875, 8.75, 0.75, 8.875], "texture": "#0"}
			}
		},
		{
			"from": [3.7, 16.8, 5.1],
			"to": [10.7, 22.8, 10.1],
			"rotation": {"angle": 22.5, "axis": "y", "origin": [8.9, 19.55, 7.6]},
			"faces": {
				"north": {"uv": [0, 0, 1.75, 1.5], "texture": "#0"},
				"east": {"uv": [0, 3, 1.5, 4.5], "texture": "#0"},
				"south": {"uv": [0, 1.5, 1.75, 3], "texture": "#0"},
				"west": {"uv": [1.5, 3, 3, 4.5], "texture": "#0"},
				"up": {"uv": [3.5, 1.5, 1.75, 0], "texture": "#0"},
				"down": {"uv": [3.5, 1.5, 1.75, 3], "texture": "#0"}
			}
		},
		{
			"from": [4.7, 22.8, 5.6],
			"to": [10.7, 23.8, 9.6],
			"rotation": {"angle": 22.5, "axis": "y", "origin": [8.9, 19.55, 7.6]},
			"faces": {
				"north": {"uv": [5.75, 2.5, 7.25, 2.75], "texture": "#0"},
				"east": {"uv": [5.75, 5, 7, 5.25], "texture": "#0"},
				"south": {"uv": [5.75, 2.75, 7.25, 3], "texture": "#0"},
				"west": {"uv": [5.75, 5.25, 7, 5.5], "texture": "#0"},
				"up": {"uv": [4.5, 4.25, 3, 3], "texture": "#0"},
				"down": {"uv": [5, 0, 3.5, 1.25], "texture": "#0"}
			}
		},
		{
			"from": [4.7, 15.3, 5.6],
			"to": [8.7, 16.8, 9.6],
			"rotation": {"angle": 22.5, "axis": "y", "origin": [8.9, 19.55, 7.6]},
			"faces": {
				"north": {"uv": [3, 5.75, 4, 6.125], "texture": "#0"},
				"east": {"uv": [5.75, 0, 7, 0.375], "texture": "#0"},
				"south": {"uv": [5.75, 3, 6.75, 3.375], "texture": "#0"},
				"west": {"uv": [5.75, 0.5, 7, 0.875], "texture": "#0"},
				"up": {"uv": [5, 5.5, 4, 4.25], "texture": "#0"},
				"down": {"uv": [1, 4.5, 0, 5.75], "texture": "#0"}
			}
		},
		{
			"from": [8.7, 15.8, 5.6],
			"to": [10.7, 16.8, 9.6],
			"rotation": {"angle": 22.5, "axis": "y", "origin": [8.9, 19.55, 7.6]},
			"faces": {
				"north": {"uv": [4.5, 4, 5, 4.25], "texture": "#0"},
				"east": {"uv": [5.75, 5.5, 7, 5.75], "texture": "#0"},
				"south": {"uv": [7, 0, 7.5, 0.25], "texture": "#0"},
				"west": {"uv": [5.75, 5.75, 7, 6], "texture": "#0"},
				"up": {"uv": [5, 3.5, 4.5, 2.25], "texture": "#0"},
				"down": {"uv": [5.5, 0, 5, 1.25], "texture": "#0"}
			}
		},
		{
			"from": [6.7, 23.8, 7.1],
			"to": [10.7, 24.8, 8.1],
			"rotation": {"angle": 22.5, "axis": "y", "origin": [8.9, 19.55, 7.6]},
			"faces": {
				"north": {"uv": [3.5, 2.75, 4.5, 3], "texture": "#0"},
				"east": {"uv": [7.75, 2, 8, 2.25], "texture": "#0"},
				"south": {"uv": [6, 4.75, 7, 5], "texture": "#0"},
				"west": {"uv": [7.75, 2.25, 8, 2.5], "texture": "#0"},
				"up": {"uv": [4, 6.5, 3, 6.25], "texture": "#0"},
				"down": {"uv": [7.25, 3.5, 6.25, 3.75], "texture": "#0"}
			}
		},
		{
			"from": [7.4, 24.5, 7.2],
			"to": [11.4, 25.2, 8],
			"rotation": {"angle": 22.5, "axis": "y", "origin": [8.9, 19.55, 7.6]},
			"faces": {
				"north": {"uv": [7, 0.25, 8, 0.375], "texture": "#0"},
				"east": {"uv": [5.5, 8.25, 5.75, 8.375], "texture": "#0"},
				"south": {"uv": [7, 0.5, 8, 0.625], "texture": "#0"},
				"west": {"uv": [5.75, 8.25, 6, 8.375], "texture": "#0"},
				"up": {"uv": [7.25, 4, 6.25, 3.75], "texture": "#0"},
				"down": {"uv": [7.25, 4, 6.25, 4.25], "texture": "#0"}
			}
		},
		{
			"from": [5.7, 14.3, 7.1],
			"to": [9.7, 15.3, 8.1],
			"rotation": {"angle": 22.5, "axis": "y", "origin": [8.9, 19.55, 7.6]},
			"faces": {
				"north": {"uv": [6.25, 4.25, 7.25, 4.5], "texture": "#0"},
				"east": {"uv": [7.75, 2.5, 8, 2.75], "texture": "#0"},
				"south": {"uv": [6.25, 4.5, 7.25, 4.75], "texture": "#0"},
				"west": {"uv": [3, 7.75, 3.25, 8], "texture": "#0"},
				"up": {"uv": [7.25, 6.25, 6.25, 6], "texture": "#0"},
				"down": {"uv": [7.25, 6.25, 6.25, 6.5], "texture": "#0"}
			}
		},
		{
			"from": [6.4, 13.9, 7.2],
			"to": [10.4, 14.6, 8],
			"rotation": {"angle": 22.5, "axis": "y", "origin": [8.9, 19.55, 7.6]},
			"faces": {
				"north": {"uv": [7, 0.75, 8, 0.875], "texture": "#0"},
				"east": {"uv": [8.25, 5.75, 8.5, 5.875], "texture": "#0"},
				"south": {"uv": [7, 4.75, 8, 4.875], "texture": "#0"},
				"west": {"uv": [6, 8.25, 6.25, 8.375], "texture": "#0"},
				"up": {"uv": [7.5, 1.25, 6.5, 1], "texture": "#0"},
				"down": {"uv": [7.5, 1.25, 6.5, 1.5], "texture": "#0"}
			}
		},
		{
			"from": [2.7, 19.7, 6.55],
			"to": [3.7, 20.2, 8.65],
			"rotation": {"angle": 22.5, "axis": "y", "origin": [8.9, 19.55, 7.6]},
			"faces": {
				"north": {"uv": [8.25, 6, 8.5, 6.125], "texture": "#0"},
				"east": {"uv": [7.75, 3.5, 8.25, 3.625], "texture": "#0"},
				"south": {"uv": [6.25, 8.25, 6.5, 8.375], "texture": "#0"},
				"west": {"uv": [3.75, 7.75, 4.25, 7.875], "texture": "#0"},
				"up": {"uv": [3.75, 7.5, 3.5, 7], "texture": "#0"},
				"down": {"uv": [4, 7, 3.75, 7.5], "texture": "#0"}
			}
		},
		{
			"from": [0.84129, 19.45, 5.15348],
			"to": [1.84129, 20.45, 6.15348],
			"rotation": {"angle": 22.5, "axis": "y", "origin": [12.24129, 19.15, 7.25348]},
			"faces": {
				"north": {"uv": [4.75, 8, 5, 8.25], "texture": "#0"},
				"east": {"uv": [8, 4.75, 8.25, 5], "texture": "#0"},
				"south": {"uv": [5, 8, 5.25, 8.25], "texture": "#0"},
				"west": {"uv": [6.5, 8, 6.75, 8.25], "texture": "#0"},
				"up": {"uv": [7, 8.25, 6.75, 8], "texture": "#0"},
				"down": {"uv": [7.25, 8, 7, 8.25], "texture": "#0"}
			}
		},
		{
			"from": [0.14261, 23.66, 9.16656],
			"to": [0.72261, 24.24, 9.74656],
			"rotation": {"angle": 22.5, "axis": "y", "origin": [6.75461, 23.486, 10.38456]},
			"faces": {
				"north": {"uv": [8.75, 10, 8.875, 10.125], "texture": "#0"},
				"east": {"uv": [10, 8.75, 10.125, 8.875], "texture": "#0"},
				"south": {"uv": [9, 10, 9.125, 10.125], "texture": "#0"},
				"west": {"uv": [10, 9, 10.125, 9.125], "texture": "#0"},
				"up": {"uv": [9.375, 10.125, 9.25, 10], "texture": "#0"},
				"down": {"uv": [10.125, 9.25, 10, 9.375], "texture": "#0"}
			}
		},
		{
			"from": [1.26328, 20.7441, 10.97275],
			"to": [1.67508, 21.1559, 11.38455],
			"rotation": {"angle": 22.5, "axis": "y", "origin": [5.9578, 20.62056, 11.83753]},
			"faces": {
				"north": {"uv": [9.5, 10, 9.625, 10.125], "texture": "#0"},
				"east": {"uv": [10, 9.5, 10.125, 9.625], "texture": "#0"},
				"south": {"uv": [9.75, 10, 9.875, 10.125], "texture": "#0"},
				"west": {"uv": [10, 9.75, 10.125, 9.875], "texture": "#0"},
				"up": {"uv": [10.125, 10.125, 10, 10], "texture": "#0"},
				"down": {"uv": [0.125, 10.25, 0, 10.375], "texture": "#0"}
			}
		},
		{
			"from": [1.14261, 20.66, 5.16656],
			"to": [1.72261, 21.24, 5.74656],
			"rotation": {"angle": 22.5, "axis": "y", "origin": [7.75461, 20.486, 6.38456]},
			"faces": {
				"north": {"uv": [10.25, 0, 10.375, 0.125], "texture": "#0"},
				"east": {"uv": [0.25, 10.25, 0.375, 10.375], "texture": "#0"},
				"south": {"uv": [10.25, 0.25, 10.375, 0.375], "texture": "#0"},
				"west": {"uv": [0.5, 10.25, 0.625, 10.375], "texture": "#0"},
				"up": {"uv": [10.375, 0.625, 10.25, 0.5], "texture": "#0"},
				"down": {"uv": [0.875, 10.25, 0.75, 10.375], "texture": "#0"}
			}
		},
		{
			"from": [-0.97806, 22.5759, 4.36037],
			"to": [-0.22986, 23.3241, 5.10857],
			"rotation": {"angle": 22.5, "axis": "y", "origin": [7.55142, 22.35144, 5.93159]},
			"faces": {
				"north": {"uv": [10.25, 0.75, 10.375, 0.875], "texture": "#0"},
				"east": {"uv": [1, 10.25, 1.125, 10.375], "texture": "#0"},
				"south": {"uv": [10.25, 1, 10.375, 1.125], "texture": "#0"},
				"west": {"uv": [1.25, 10.25, 1.375, 10.375], "texture": "#0"},
				"up": {"uv": [10.375, 1.375, 10.25, 1.25], "texture": "#0"},
				"down": {"uv": [1.625, 10.25, 1.5, 10.375], "texture": "#0"}
			}
		},
		{
			"from": [2.02194, 22.5759, 10.36037],
			"to": [2.77014, 23.3241, 11.10857],
			"rotation": {"angle": 22.5, "axis": "y", "origin": [10.55142, 22.35144, 11.93159]},
			"faces": {
				"north": {"uv": [10.25, 1.5, 10.375, 1.625], "texture": "#0"},
				"east": {"uv": [1.75, 10.25, 1.875, 10.375], "texture": "#0"},
				"south": {"uv": [10.25, 1.75, 10.375, 1.875], "texture": "#0"},
				"west": {"uv": [2, 10.25, 2.125, 10.375], "texture": "#0"},
				"up": {"uv": [10.375, 2.125, 10.25, 2], "texture": "#0"},
				"down": {"uv": [2.375, 10.25, 2.25, 10.375], "texture": "#0"}
			}
		},
		{
			"from": [2.7, 18.5, 8.15],
			"to": [3.7, 19.7, 8.65],
			"rotation": {"angle": 22.5, "axis": "y", "origin": [8.9, 19.55, 7.6]},
			"faces": {
				"north": {"uv": [3.25, 7.75, 3.5, 8], "texture": "#0"},
				"east": {"uv": [8.25, 6.25, 8.375, 6.5], "texture": "#0"},
				"south": {"uv": [7.75, 3.75, 8, 4], "texture": "#0"},
				"west": {"uv": [6.5, 8.25, 6.625, 8.5], "texture": "#0"},
				"up": {"uv": [8.5, 6.625, 8.25, 6.5], "texture": "#0"},
				"down": {"uv": [7, 8.25, 6.75, 8.375], "texture": "#0"}
			}
		},
		{
			"from": [2.7, 18.5, 6.55],
			"to": [3.7, 19.7, 7.05],
			"rotation": {"angle": 22.5, "axis": "y", "origin": [8.9, 19.55, 7.6]},
			"faces": {
				"north": {"uv": [7.75, 4, 8, 4.25], "texture": "#0"},
				"east": {"uv": [8.25, 6.75, 8.375, 7], "texture": "#0"},
				"south": {"uv": [4.25, 7.75, 4.5, 8], "texture": "#0"},
				"west": {"uv": [7, 8.25, 7.125, 8.5], "texture": "#0"},
				"up": {"uv": [8.5, 7.125, 8.25, 7], "texture": "#0"},
				"down": {"uv": [7.5, 8.25, 7.25, 8.375], "texture": "#0"}
			}
		},
		{
			"from": [2.7, 18, 6.55],
			"to": [3.7, 18.5, 8.65],
			"rotation": {"angle": 22.5, "axis": "y", "origin": [8.9, 19.55, 7.6]},
			"faces": {
				"north": {"uv": [8.25, 7.25, 8.5, 7.375], "texture": "#0"},
				"east": {"uv": [4.5, 7.75, 5, 7.875], "texture": "#0"},
				"south": {"uv": [7.75, 8.25, 8, 8.375], "texture": "#0"},
				"west": {"uv": [7.75, 4.5, 8.25, 4.625], "texture": "#0"},
				"up": {"uv": [7.25, 5.5, 7, 5], "texture": "#0"},
				"down": {"uv": [7.25, 5.5, 7, 6], "texture": "#0"}
			}
		},
		{
			"from": [4.7, 19.4, 10.1],
			"to": [6.2, 20.9, 10.6],
			"rotation": {"angle": 22.5, "axis": "y", "origin": [8.9, 19.55, 7.6]},
			"faces": {
				"north": {"uv": [6.75, 3, 7.125, 3.375], "texture": "#0"},
				"east": {"uv": [8, 7, 8.125, 7.375], "texture": "#0"},
				"south": {"uv": [5, 6.75, 5.375, 7.125], "texture": "#0"},
				"west": {"uv": [7.5, 8, 7.625, 8.375], "texture": "#0"},
				"up": {"uv": [8.375, 7.625, 8, 7.5], "texture": "#0"},
				"down": {"uv": [8.375, 7.75, 8, 7.875], "texture": "#0"}
			}
		},
		{
			"from": [4.95, 19.6, 10.6],
			"to": [5.95, 20.6, 10.85],
			"rotation": {"angle": 22.5, "axis": "y", "origin": [8.9, 19.55, 7.6]},
			"faces": {
				"north": {"uv": [7.75, 7.25, 8, 7.5], "texture": "#0"},
				"east": {"uv": [3, 8.5, 3.125, 8.75], "texture": "#0"},
				"south": {"uv": [7.75, 7.5, 8, 7.75], "texture": "#0"},
				"west": {"uv": [8.5, 3, 8.625, 3.25], "texture": "#0"},
				"up": {"uv": [3.5, 8.625, 3.25, 8.5], "texture": "#0"},
				"down": {"uv": [8.75, 3.25, 8.5, 3.375], "texture": "#0"}
			}
		},
		{
			"from": [5.55, 20.2, 10.85],
			"to": [5.8, 20.45, 10.9],
			"rotation": {"angle": 22.5, "axis": "y", "origin": [8.9, 19.55, 7.6]},
			"faces": {
				"north": {"uv": [8.75, 2, 8.875, 2.125], "texture": "#0"},
				"east": {"uv": [2.25, 8.75, 2.375, 8.875], "texture": "#0"},
				"south": {"uv": [8.75, 2.25, 8.875, 2.375], "texture": "#0"},
				"west": {"uv": [2.5, 8.75, 2.625, 8.875], "texture": "#0"},
				"up": {"uv": [8.875, 2.625, 8.75, 2.5], "texture": "#0"},
				"down": {"uv": [2.875, 8.75, 2.75, 8.875], "texture": "#0"}
			}
		},
		{
			"from": [5.3, 20.1, 10.85],
			"to": [5.45, 20.25, 10.9],
			"rotation": {"angle": 22.5, "axis": "y", "origin": [8.9, 19.55, 7.6]},
			"faces": {
				"north": {"uv": [8.75, 2.75, 8.875, 2.875], "texture": "#0"},
				"east": {"uv": [3, 8.75, 3.125, 8.875], "texture": "#0"},
				"south": {"uv": [8.75, 3, 8.875, 3.125], "texture": "#0"},
				"west": {"uv": [3.25, 8.75, 3.375, 8.875], "texture": "#0"},
				"up": {"uv": [8.875, 3.375, 8.75, 3.25], "texture": "#0"},
				"down": {"uv": [3.625, 8.75, 3.5, 8.875], "texture": "#0"}
			}
		},
		{
			"from": [5.55, 20.2, 4.3],
			"to": [5.8, 20.45, 4.35],
			"rotation": {"angle": 22.5, "axis": "y", "origin": [8.9, 19.55, 7.6]},
			"faces": {
				"north": {"uv": [8.75, 4.25, 8.875, 4.375], "texture": "#0"},
				"east": {"uv": [4.5, 8.75, 4.625, 8.875], "texture": "#0"},
				"south": {"uv": [8.75, 4.5, 8.875, 4.625], "texture": "#0"},
				"west": {"uv": [4.75, 8.75, 4.875, 8.875], "texture": "#0"},
				"up": {"uv": [8.875, 4.875, 8.75, 4.75], "texture": "#0"},
				"down": {"uv": [5.125, 8.75, 5, 8.875], "texture": "#0"}
			}
		},
		{
			"from": [5.3, 20.1, 4.3],
			"to": [5.45, 20.25, 4.35],
			"rotation": {"angle": 22.5, "axis": "y", "origin": [8.9, 19.55, 7.6]},
			"faces": {
				"north": {"uv": [8.75, 3.5, 8.875, 3.625], "texture": "#0"},
				"east": {"uv": [3.75, 8.75, 3.875, 8.875], "texture": "#0"},
				"south": {"uv": [8.75, 3.75, 8.875, 3.875], "texture": "#0"},
				"west": {"uv": [4, 8.75, 4.125, 8.875], "texture": "#0"},
				"up": {"uv": [8.875, 4.125, 8.75, 4], "texture": "#0"},
				"down": {"uv": [4.375, 8.75, 4.25, 8.875], "texture": "#0"}
			}
		},
		{
			"from": [4.95, 19.6, 4.35],
			"to": [5.95, 20.6, 4.6],
			"rotation": {"angle": 22.5, "axis": "y", "origin": [8.9, 19.55, 7.6]},
			"faces": {
				"north": {"uv": [5, 7.75, 5.25, 8], "texture": "#0"},
				"east": {"uv": [8.5, 2.25, 8.625, 2.5], "texture": "#0"},
				"south": {"uv": [7.75, 7, 8, 7.25], "texture": "#0"},
				"west": {"uv": [2.5, 8.5, 2.625, 8.75], "texture": "#0"},
				"up": {"uv": [3, 8.625, 2.75, 8.5], "texture": "#0"},
				"down": {"uv": [8.75, 2.75, 8.5, 2.875], "texture": "#0"}
			}
		},
		{
			"from": [4.7, 19.4, 4.6],
			"to": [6.2, 20.9, 5.1],
			"rotation": {"angle": 22.5, "axis": "y", "origin": [8.9, 19.55, 7.6]},
			"faces": {
				"north": {"uv": [6.25, 6.75, 6.625, 7.125], "texture": "#0"},
				"east": {"uv": [0, 8.25, 0.125, 8.625], "texture": "#0"},
				"south": {"uv": [6.75, 6.75, 7.125, 7.125], "texture": "#0"},
				"west": {"uv": [8.25, 2, 8.375, 2.375], "texture": "#0"},
				"up": {"uv": [2.625, 8.375, 2.25, 8.25], "texture": "#0"},
				"down": {"uv": [8.625, 2.5, 8.25, 2.625], "texture": "#0"}
			}
		},
		{
			"from": [10.7, 17.8, 7.1],
			"to": [14.9, 21.8, 8.1],
			"rotation": {"angle": 22.5, "axis": "y", "origin": [8.9, 19.55, 7.6]},
			"faces": {
				"north": {"uv": [1, 4.5, 2, 5.5], "texture": "#0"},
				"east": {"uv": [4.25, 6.25, 4.5, 7.25], "texture": "#0"},
				"south": {"uv": [4.5, 1.25, 5.5, 2.25], "texture": "#0"},
				"west": {"uv": [4.5, 6.25, 4.75, 7.25], "texture": "#0"},
				"up": {"uv": [7.5, 1.75, 6.5, 1.5], "texture": "#0"},
				"down": {"uv": [7.5, 1.75, 6.5, 2], "texture": "#0"}
			}
		},
		{
			"from": [12.5, 21.8, 7.2],
			"to": [14.7, 22.3, 8],
			"rotation": {"angle": 22.5, "axis": "y", "origin": [8.9, 19.55, 7.6]},
			"faces": {
				"north": {"uv": [7.75, 6, 8.25, 6.125], "texture": "#0"},
				"east": {"uv": [8, 8.25, 8.25, 8.375], "texture": "#0"},
				"south": {"uv": [7.75, 6.25, 8.25, 6.375], "texture": "#0"},
				"west": {"uv": [8.25, 8.25, 8.5, 8.375], "texture": "#0"},
				"up": {"uv": [7.5, 6.75, 7, 6.5], "texture": "#0"},
				"down": {"uv": [7.75, 2, 7.25, 2.25], "texture": "#0"}
			}
		},
		{
			"from": [12.5, 22.3, 7.3],
			"to": [14.2, 22.6, 7.9],
			"rotation": {"angle": 22.5, "axis": "y", "origin": [8.9, 19.55, 7.6]},
			"faces": {
				"north": {"uv": [8, 8, 8.375, 8.125], "texture": "#0"},
				"east": {"uv": [8.75, 1, 8.875, 1.125], "texture": "#0"},
				"south": {"uv": [8.25, 0, 8.625, 0.125], "texture": "#0"},
				"west": {"uv": [1.25, 8.75, 1.375, 8.875], "texture": "#0"},
				"up": {"uv": [8.625, 0.375, 8.25, 0.25], "texture": "#0"},
				"down": {"uv": [8.625, 0.5, 8.25, 0.625], "texture": "#0"}
			}
		},
		{
			"from": [12.5, 17.3, 7.2],
			"to": [14.7, 17.8, 8],
			"rotation": {"angle": 22.5, "axis": "y", "origin": [8.9, 19.55, 7.6]},
			"faces": {
				"north": {"uv": [7.75, 6.5, 8.25, 6.625], "texture": "#0"},
				"east": {"uv": [0.25, 8.5, 0.5, 8.625], "texture": "#0"},
				"south": {"uv": [7.75, 6.75, 8.25, 6.875], "texture": "#0"},
				"west": {"uv": [0.5, 8.5, 0.75, 8.625], "texture": "#0"},
				"up": {"uv": [7.75, 2.5, 7.25, 2.25], "texture": "#0"},
				"down": {"uv": [7.75, 2.5, 7.25, 2.75], "texture": "#0"}
			}
		},
		{
			"from": [12.5, 17, 7.3],
			"to": [14.2, 17.3, 7.9],
			"rotation": {"angle": 22.5, "axis": "y", "origin": [8.9, 19.55, 7.6]},
			"faces": {
				"north": {"uv": [0.75, 8.25, 1.125, 8.375], "texture": "#0"},
				"east": {"uv": [8.75, 1.25, 8.875, 1.375], "texture": "#0"},
				"south": {"uv": [8.25, 0.75, 8.625, 0.875], "texture": "#0"},
				"west": {"uv": [1.5, 8.75, 1.625, 8.875], "texture": "#0"},
				"up": {"uv": [8.625, 1.125, 8.25, 1], "texture": "#0"},
				"down": {"uv": [1.625, 8.25, 1.25, 8.375], "texture": "#0"}
			}
		},
		{
			"from": [10.7, 18.7, 8.1],
			"to": [13.4, 21.2, 8.4],
			"rotation": {"angle": 22.5, "axis": "y", "origin": [8.9, 19.55, 7.6]},
			"faces": {
				"north": {"uv": [4.25, 5.5, 4.875, 6.125], "texture": "#0"},
				"east": {"uv": [1.5, 7.5, 1.625, 8.125], "texture": "#0"},
				"south": {"uv": [0, 5.75, 0.625, 6.375], "texture": "#0"},
				"west": {"uv": [1.75, 7.5, 1.875, 8.125], "texture": "#0"},
				"up": {"uv": [8.125, 1.875, 7.5, 1.75], "texture": "#0"},
				"down": {"uv": [8.125, 3.25, 7.5, 3.375], "texture": "#0"}
			}
		},
		{
			"from": [11.7, 18.7, 6.8],
			"to": [14.4, 21.2, 7.1],
			"rotation": {"angle": 22.5, "axis": "y", "origin": [8.9, 19.55, 7.6]},
			"faces": {
				"north": {"uv": [5.75, 1, 6.375, 1.625], "texture": "#0"},
				"east": {"uv": [3.5, 7.5, 3.625, 8.125], "texture": "#0"},
				"south": {"uv": [5.75, 1.75, 6.375, 2.375], "texture": "#0"},
				"west": {"uv": [7.5, 3.5, 7.625, 4.125], "texture": "#0"},
				"up": {"uv": [4.375, 7.625, 3.75, 7.5], "texture": "#0"},
				"down": {"uv": [5.125, 7.5, 4.5, 7.625], "texture": "#0"}
			}
		},
		{
			"from": [10.7, 16.8, 5.6],
			"to": [11.7, 22.3, 9.6],
			"rotation": {"angle": 22.5, "axis": "y", "origin": [8.9, 19.55, 7.6]},
			"faces": {
				"north": {"uv": [0.75, 5.75, 1, 7.125], "texture": "#0"},
				"east": {"uv": [3.5, 1.25, 4.5, 2.625], "texture": "#0"},
				"south": {"uv": [5.75, 3.5, 6, 4.875], "texture": "#0"},
				"west": {"uv": [3, 4.25, 4, 5.625], "texture": "#0"},
				"up": {"uv": [5, 7.25, 4.75, 6.25], "texture": "#0"},
				"down": {"uv": [0.25, 6.5, 0, 7.5], "texture": "#0"}
			}
		},
		{
			"from": [10.7, 22.3, 5.6],
			"to": [11.2, 22.8, 9.6],
			"rotation": {"angle": 22.5, "axis": "y", "origin": [8.9, 19.55, 7.6]},
			"faces": {
				"north": {"uv": [8.75, 1.5, 8.875, 1.625], "texture": "#0"},
				"east": {"uv": [7.25, 2.75, 8.25, 2.875], "texture": "#0"},
				"south": {"uv": [1.75, 8.75, 1.875, 8.875], "texture": "#0"},
				"west": {"uv": [7.25, 3, 8.25, 3.125], "texture": "#0"},
				"up": {"uv": [0.875, 8.25, 0.75, 7.25], "texture": "#0"},
				"down": {"uv": [7.375, 3.25, 7.25, 4.25], "texture": "#0"}
			}
		},
		{
			"from": [10.7, 16.3, 5.6],
			"to": [11.2, 16.8, 9.6],
			"rotation": {"angle": 22.5, "axis": "y", "origin": [8.9, 19.55, 7.6]},
			"faces": {
				"north": {"uv": [8.75, 1.75, 8.875, 1.875], "texture": "#0"},
				"east": {"uv": [4.25, 7.25, 5.25, 7.375], "texture": "#0"},
				"south": {"uv": [2, 8.75, 2.125, 8.875], "texture": "#0"},
				"west": {"uv": [7.25, 4.25, 8.25, 4.375], "texture": "#0"},
				"up": {"uv": [7.375, 6, 7.25, 5], "texture": "#0"},
				"down": {"uv": [5.375, 7.25, 5.25, 8.25], "texture": "#0"}
			}
		},
		{
			"from": [7.18731, 16.8, 10.4772],
			"to": [8.68731, 17.8, 10.9772],
			"rotation": {"angle": 0, "axis": "y", "origin": [8.9, 19.55, 7.6]},
			"faces": {
				"north": {"uv": [7.25, 4.5, 7.625, 4.75], "texture": "#0"},
				"east": {"uv": [0.75, 8.5, 0.875, 8.75], "texture": "#0"},
				"south": {"uv": [7.25, 6, 7.625, 6.25], "texture": "#0"},
				"west": {"uv": [1, 8.5, 1.125, 8.75], "texture": "#0"},
				"up": {"uv": [8.625, 1.375, 8.25, 1.25], "texture": "#0"},
				"down": {"uv": [8.625, 1.5, 8.25, 1.625], "texture": "#0"}
			}
		},
		{
			"from": [7.18731, 17.8, 10.4772],
			"to": [9.68731, 18.8, 10.9772],
			"rotation": {"angle": 0, "axis": "y", "origin": [8.9, 19.55, 7.6]},
			"faces": {
				"north": {"uv": [6.5, 2, 7.125, 2.25], "texture": "#0"},
				"east": {"uv": [1.25, 8.5, 1.375, 8.75], "texture": "#0"},
				"south": {"uv": [6.5, 2.25, 7.125, 2.5], "texture": "#0"},
				"west": {"uv": [1.5, 8.5, 1.625, 8.75], "texture": "#0"},
				"up": {"uv": [8.125, 5.125, 7.5, 5], "texture": "#0"},
				"down": {"uv": [8.125, 5.25, 7.5, 5.375], "texture": "#0"}
			}
		},
		{
			"from": [7.18731, 16.8, 4.2228],
			"to": [8.68731, 17.8, 4.7228],
			"rotation": {"angle": 45, "axis": "y", "origin": [8.9, 19.55, 7.6]},
			"faces": {
				"north": {"uv": [7.25, 6.25, 7.625, 6.5], "texture": "#0"},
				"east": {"uv": [1.75, 8.5, 1.875, 8.75], "texture": "#0"},
				"south": {"uv": [7.5, 0, 7.875, 0.25], "texture": "#0"},
				"west": {"uv": [2, 8.5, 2.125, 8.75], "texture": "#0"},
				"up": {"uv": [2.125, 8.375, 1.75, 8.25], "texture": "#0"},
				"down": {"uv": [8.625, 1.75, 8.25, 1.875], "texture": "#0"}
			}
		},
		{
			"from": [7.18731, 17.8, 4.2228],
			"to": [9.68731, 18.8, 4.7228],
			"rotation": {"angle": 45, "axis": "y", "origin": [8.9, 19.55, 7.6]},
			"faces": {
				"north": {"uv": [6.25, 6.5, 6.875, 6.75], "texture": "#0"},
				"east": {"uv": [8.5, 2, 8.625, 2.25], "texture": "#0"},
				"south": {"uv": [2, 6.75, 2.625, 7], "texture": "#0"},
				"west": {"uv": [2.25, 8.5, 2.375, 8.75], "texture": "#0"},
				"up": {"uv": [8.125, 5.625, 7.5, 5.5], "texture": "#0"},
				"down": {"uv": [8.125, 5.75, 7.5, 5.875], "texture": "#0"}
			}
		},
		{
			"from": [8.08739, 28.14525, 7.56739],
			"to": [8.22907, 28.57033, 7.99247],
			"rotation": {"angle": -22.5, "axis": "y", "origin": [8.15823, 28.64117, 7.49655]},
			"faces": {
				"north": {"uv": [8.75, 6, 8.875, 6.125], "texture": "#0"},
				"east": {"uv": [6.25, 8.75, 6.375, 8.875], "texture": "#0"},
				"south": {"uv": [8.75, 6.25, 8.875, 6.375], "texture": "#0"},
				"west": {"uv": [6.5, 8.75, 6.625, 8.875], "texture": "#0"},
				"up": {"uv": [8.875, 6.625, 8.75, 6.5], "texture": "#0"},
				"down": {"uv": [6.875, 8.75, 6.75, 8.875], "texture": "#0"}
			}
		},
		{
			"from": [8.10155, 28.14525, 7.4257],
			"to": [8.21491, 28.71201, 7.56739],
			"rotation": {"angle": -22.5, "axis": "y", "origin": [8.15823, 28.64117, 7.49655]},
			"faces": {
				"north": {"uv": [8.75, 6.75, 8.875, 6.875], "texture": "#0"},
				"east": {"uv": [7, 8.75, 7.125, 8.875], "texture": "#0"},
				"south": {"uv": [8.75, 7, 8.875, 7.125], "texture": "#0"},
				"west": {"uv": [7.25, 8.75, 7.375, 8.875], "texture": "#0"},
				"up": {"uv": [8.875, 7.375, 8.75, 7.25], "texture": "#0"},
				"down": {"uv": [7.625, 8.75, 7.5, 8.875], "texture": "#0"}
			}
		},
		{
			"from": [8.11572, 28.71201, 7.4257],
			"to": [8.18657, 28.85371, 7.85078],
			"rotation": {"angle": -22.5, "axis": "y", "origin": [8.15823, 28.64117, 7.49655]},
			"faces": {
				"north": {"uv": [8.75, 7.5, 8.875, 7.625], "texture": "#0"},
				"east": {"uv": [7.75, 8.75, 7.875, 8.875], "texture": "#0"},
				"south": {"uv": [8.75, 7.75, 8.875, 7.875], "texture": "#0"},
				"west": {"uv": [8, 8.75, 8.125, 8.875], "texture": "#0"},
				"up": {"uv": [8.875, 8.125, 8.75, 8], "texture": "#0"},
				"down": {"uv": [8.375, 8.75, 8.25, 8.875], "texture": "#0"}
			}
		},
		{
			"from": [8.11572, 28.57033, 7.56739],
			"to": [8.21491, 28.71201, 7.99247],
			"rotation": {"angle": -22.5, "axis": "y", "origin": [8.15823, 28.64117, 7.49655]},
			"faces": {
				"north": {"uv": [8.75, 8.25, 8.875, 8.375], "texture": "#0"},
				"east": {"uv": [8.5, 8.75, 8.625, 8.875], "texture": "#0"},
				"south": {"uv": [8.75, 8.5, 8.875, 8.625], "texture": "#0"},
				"west": {"uv": [8.75, 8.75, 8.875, 8.875], "texture": "#0"},
				"up": {"uv": [0.125, 9.125, 0, 9], "texture": "#0"},
				"down": {"uv": [9.125, 0, 9, 0.125], "texture": "#0"}
			}
		},
		{
			"from": [8.12989, 28.28694, 7.28401],
			"to": [8.18657, 28.85371, 7.4257],
			"rotation": {"angle": -22.5, "axis": "y", "origin": [8.15823, 28.64117, 7.49655]},
			"faces": {
				"north": {"uv": [0.25, 9, 0.375, 9.125], "texture": "#0"},
				"east": {"uv": [9, 0.25, 9.125, 0.375], "texture": "#0"},
				"south": {"uv": [0.5, 9, 0.625, 9.125], "texture": "#0"},
				"west": {"uv": [9, 0.5, 9.125, 0.625], "texture": "#0"},
				"up": {"uv": [0.875, 9.125, 0.75, 9], "texture": "#0"},
				"down": {"uv": [9.125, 0.75, 9, 0.875], "texture": "#0"}
			}
		},
		{
			"from": [8.14406, 28.85371, 7.14231],
			"to": [8.1724, 28.9954, 7.56739],
			"rotation": {"angle": -22.5, "axis": "y", "origin": [8.15823, 28.64117, 7.49655]},
			"faces": {
				"north": {"uv": [1, 9, 1.125, 9.125], "texture": "#0"},
				"east": {"uv": [9, 1, 9.125, 1.125], "texture": "#0"},
				"south": {"uv": [1.25, 9, 1.375, 9.125], "texture": "#0"},
				"west": {"uv": [9, 1.25, 9.125, 1.375], "texture": "#0"},
				"up": {"uv": [1.625, 9.125, 1.5, 9], "texture": "#0"},
				"down": {"uv": [9.125, 1.5, 9, 1.625], "texture": "#0"}
			}
		},
		{
			"from": [8.14406, 28.57033, 7.14231],
			"to": [8.18657, 28.85371, 7.28401],
			"rotation": {"angle": -22.5, "axis": "y", "origin": [8.15823, 28.64117, 7.49655]},
			"faces": {
				"north": {"uv": [1.75, 9, 1.875, 9.125], "texture": "#0"},
				"east": {"uv": [9, 1.75, 9.125, 1.875], "texture": "#0"},
				"south": {"uv": [2, 9, 2.125, 9.125], "texture": "#0"},
				"west": {"uv": [9, 2, 9.125, 2.125], "texture": "#0"},
				"up": {"uv": [2.375, 9.125, 2.25, 9], "texture": "#0"},
				"down": {"uv": [9.125, 2.25, 9, 2.375], "texture": "#0"}
			}
		},
		{
			"from": [7.41989, 28.12584, 7.96074],
			"to": [8.13926, 28.36562, 8.68011],
			"rotation": {"angle": 0, "axis": "y", "origin": [7.3, 28.24573, 8.8]},
			"faces": {
				"north": {"uv": [2.5, 9, 2.625, 9.125], "texture": "#0"},
				"east": {"uv": [9, 2.5, 9.125, 2.625], "texture": "#0"},
				"south": {"uv": [2.75, 9, 2.875, 9.125], "texture": "#0"},
				"west": {"uv": [9, 2.75, 9.125, 2.875], "texture": "#0"},
				"up": {"uv": [3.125, 9.125, 3, 9], "texture": "#0"},
				"down": {"uv": [9.125, 3, 9, 3.125], "texture": "#0"}
			}
		},
		{
			"from": [7.18011, 28.14981, 8.68011],
			"to": [8.13926, 28.34165, 8.91989],
			"rotation": {"angle": 0, "axis": "y", "origin": [7.3, 28.24573, 8.8]},
			"faces": {
				"north": {"uv": [8.5, 3.5, 8.75, 3.625], "texture": "#0"},
				"east": {"uv": [3.25, 9, 3.375, 9.125], "texture": "#0"},
				"south": {"uv": [3.75, 8.5, 4, 8.625], "texture": "#0"},
				"west": {"uv": [9, 3.25, 9.125, 3.375], "texture": "#0"},
				"up": {"uv": [8.75, 3.875, 8.5, 3.75], "texture": "#0"},
				"down": {"uv": [4.25, 8.5, 4, 8.625], "texture": "#0"}
			}
		},
		{
			"from": [6.94032, 28.19777, 8.20053],
			"to": [7.18011, 28.31767, 8.91989],
			"rotation": {"angle": 0, "axis": "y", "origin": [7.3, 28.24573, 8.8]},
			"faces": {
				"north": {"uv": [3.5, 9, 3.625, 9.125], "texture": "#0"},
				"east": {"uv": [9, 3.5, 9.125, 3.625], "texture": "#0"},
				"south": {"uv": [3.75, 9, 3.875, 9.125], "texture": "#0"},
				"west": {"uv": [9, 3.75, 9.125, 3.875], "texture": "#0"},
				"up": {"uv": [4.125, 9.125, 4, 9], "texture": "#0"},
				"down": {"uv": [9.125, 4, 9, 4.125], "texture": "#0"}
			}
		},
		{
			"from": [7.18011, 28.14981, 7.96074],
			"to": [7.41989, 28.31767, 8.68011],
			"rotation": {"angle": 0, "axis": "y", "origin": [7.3, 28.24573, 8.8]},
			"faces": {
				"north": {"uv": [4.25, 9, 4.375, 9.125], "texture": "#0"},
				"east": {"uv": [9, 4.25, 9.125, 4.375], "texture": "#0"},
				"south": {"uv": [4.5, 9, 4.625, 9.125], "texture": "#0"},
				"west": {"uv": [9, 4.5, 9.125, 4.625], "texture": "#0"},
				"up": {"uv": [4.875, 9.125, 4.75, 9], "texture": "#0"},
				"down": {"uv": [9.125, 4.75, 9, 4.875], "texture": "#0"}
			}
		},
		{
			"from": [6.94032, 28.19777, 8.91989],
			"to": [7.89947, 28.29369, 9.15968],
			"rotation": {"angle": 0, "axis": "y", "origin": [7.3, 28.24573, 8.8]},
			"faces": {
				"north": {"uv": [8.5, 4, 8.75, 4.125], "texture": "#0"},
				"east": {"uv": [5, 9, 5.125, 9.125], "texture": "#0"},
				"south": {"uv": [8.5, 4.25, 8.75, 4.375], "texture": "#0"},
				"west": {"uv": [9, 5, 9.125, 5.125], "texture": "#0"},
				"up": {"uv": [8.75, 4.625, 8.5, 4.5], "texture": "#0"},
				"down": {"uv": [8.75, 4.75, 8.5, 4.875], "texture": "#0"}
			}
		},
		{
			"from": [6.70053, 28.22175, 8.68011],
			"to": [6.94032, 28.26971, 9.39947],
			"rotation": {"angle": 0, "axis": "y", "origin": [7.3, 28.24573, 8.8]},
			"faces": {
				"north": {"uv": [5.25, 9, 5.375, 9.125], "texture": "#0"},
				"east": {"uv": [9, 5.25, 9.125, 5.375], "texture": "#0"},
				"south": {"uv": [5.5, 9, 5.625, 9.125], "texture": "#0"},
				"west": {"uv": [9, 5.5, 9.125, 5.625], "texture": "#0"},
				"up": {"uv": [5.875, 9.125, 5.75, 9], "texture": "#0"},
				"down": {"uv": [9.125, 5.75, 9, 5.875], "texture": "#0"}
			}
		},
		{
			"from": [6.94032, 28.19777, 9.15968],
			"to": [7.41989, 28.26971, 9.39947],
			"rotation": {"angle": 0, "axis": "y", "origin": [7.3, 28.24573, 8.8]},
			"faces": {
				"north": {"uv": [6, 9, 6.125, 9.125], "texture": "#0"},
				"east": {"uv": [9, 6, 9.125, 6.125], "texture": "#0"},
				"south": {"uv": [6.25, 9, 6.375, 9.125], "texture": "#0"},
				"west": {"uv": [9, 6.25, 9.125, 6.375], "texture": "#0"},
				"up": {"uv": [6.625, 9.125, 6.5, 9], "texture": "#0"},
				"down": {"uv": [9.125, 6.5, 9, 6.625], "texture": "#0"}
			}
		},
		{
			"from": [7.48152, 25.76421, 8.12931],
			"to": [7.97069, 25.92725, 8.61848],
			"rotation": {"angle": -45, "axis": "z", "origin": [7.4, 25.84573, 8.7]},
			"faces": {
				"north": {"uv": [9.25, 1.75, 9.375, 1.875], "texture": "#0"},
				"east": {"uv": [2, 9.25, 2.125, 9.375], "texture": "#0"},
				"south": {"uv": [9.25, 2, 9.375, 2.125], "texture": "#0"},
				"west": {"uv": [2.25, 9.25, 2.375, 9.375], "texture": "#0"},
				"up": {"uv": [9.375, 2.375, 9.25, 2.25], "texture": "#0"},
				"down": {"uv": [2.625, 9.25, 2.5, 9.375], "texture": "#0"}
			}
		},
		{
			"from": [7.31848, 25.7805, 8.61848],
			"to": [7.97069, 25.91096, 8.78152],
			"rotation": {"angle": -45, "axis": "z", "origin": [7.4, 25.84573, 8.7]},
			"faces": {
				"north": {"uv": [9.25, 2.5, 9.375, 2.625], "texture": "#0"},
				"east": {"uv": [2.75, 9.25, 2.875, 9.375], "texture": "#0"},
				"south": {"uv": [9.25, 2.75, 9.375, 2.875], "texture": "#0"},
				"west": {"uv": [3, 9.25, 3.125, 9.375], "texture": "#0"},
				"up": {"uv": [9.375, 3.125, 9.25, 3], "texture": "#0"},
				"down": {"uv": [3.375, 9.25, 3.25, 9.375], "texture": "#0"}
			}
		},
		{
			"from": [7.15542, 25.81312, 8.29236],
			"to": [7.31848, 25.89465, 8.78152],
			"rotation": {"angle": -45, "axis": "z", "origin": [7.4, 25.84573, 8.7]},
			"faces": {
				"north": {"uv": [9.25, 3.25, 9.375, 3.375], "texture": "#0"},
				"east": {"uv": [3.5, 9.25, 3.625, 9.375], "texture": "#0"},
				"south": {"uv": [9.25, 3.5, 9.375, 3.625], "texture": "#0"},
				"west": {"uv": [3.75, 9.25, 3.875, 9.375], "texture": "#0"},
				"up": {"uv": [9.375, 3.875, 9.25, 3.75], "texture": "#0"},
				"down": {"uv": [4.125, 9.25, 4, 9.375], "texture": "#0"}
			}
		},
		{
			"from": [7.31848, 25.7805, 8.12931],
			"to": [7.48152, 25.89465, 8.61848],
			"rotation": {"angle": -45, "axis": "z", "origin": [7.4, 25.84573, 8.7]},
			"faces": {
				"north": {"uv": [9.25, 4, 9.375, 4.125], "texture": "#0"},
				"east": {"uv": [4.25, 9.25, 4.375, 9.375], "texture": "#0"},
				"south": {"uv": [9.25, 4.25, 9.375, 4.375], "texture": "#0"},
				"west": {"uv": [4.5, 9.25, 4.625, 9.375], "texture": "#0"},
				"up": {"uv": [9.375, 4.625, 9.25, 4.5], "texture": "#0"},
				"down": {"uv": [4.875, 9.25, 4.75, 9.375], "texture": "#0"}
			}
		},
		{
			"from": [7.15542, 25.81312, 8.78152],
			"to": [7.80764, 25.87834, 8.94458],
			"rotation": {"angle": -45, "axis": "z", "origin": [7.4, 25.84573, 8.7]},
			"faces": {
				"north": {"uv": [9.25, 4.75, 9.375, 4.875], "texture": "#0"},
				"east": {"uv": [5, 9.25, 5.125, 9.375], "texture": "#0"},
				"south": {"uv": [9.25, 5, 9.375, 5.125], "texture": "#0"},
				"west": {"uv": [5.25, 9.25, 5.375, 9.375], "texture": "#0"},
				"up": {"uv": [9.375, 5.375, 9.25, 5.25], "texture": "#0"},
				"down": {"uv": [5.625, 9.25, 5.5, 9.375], "texture": "#0"}
			}
		},
		{
			"from": [6.99236, 25.82942, 8.61848],
			"to": [7.15542, 25.86204, 9.10764],
			"rotation": {"angle": -45, "axis": "z", "origin": [7.4, 25.84573, 8.7]},
			"faces": {
				"north": {"uv": [9.25, 5.5, 9.375, 5.625], "texture": "#0"},
				"east": {"uv": [5.75, 9.25, 5.875, 9.375], "texture": "#0"},
				"south": {"uv": [9.25, 5.75, 9.375, 5.875], "texture": "#0"},
				"west": {"uv": [6, 9.25, 6.125, 9.375], "texture": "#0"},
				"up": {"uv": [9.375, 6.125, 9.25, 6], "texture": "#0"},
				"down": {"uv": [6.375, 9.25, 6.25, 9.375], "texture": "#0"}
			}
		},
		{
			"from": [7.15542, 25.81312, 8.94458],
			"to": [7.48152, 25.86204, 9.10764],
			"rotation": {"angle": -45, "axis": "z", "origin": [7.4, 25.84573, 8.7]},
			"faces": {
				"north": {"uv": [9.25, 6.25, 9.375, 6.375], "texture": "#0"},
				"east": {"uv": [6.5, 9.25, 6.625, 9.375], "texture": "#0"},
				"south": {"uv": [9.25, 6.5, 9.375, 6.625], "texture": "#0"},
				"west": {"uv": [6.75, 9.25, 6.875, 9.375], "texture": "#0"},
				"up": {"uv": [9.375, 6.875, 9.25, 6.75], "texture": "#0"},
				"down": {"uv": [7.125, 9.25, 7, 9.375], "texture": "#0"}
			}
		},
		{
			"from": [7.60899, 11.33674, 11.63704],
			"to": [8.26296, 11.55472, 12.29101],
			"rotation": {"angle": 0, "axis": "y", "origin": [7.5, 11.44573, 12.4]},
			"faces": {
				"north": {"uv": [6.75, 9, 6.875, 9.125], "texture": "#0"},
				"east": {"uv": [9, 6.75, 9.125, 6.875], "texture": "#0"},
				"south": {"uv": [7, 9, 7.125, 9.125], "texture": "#0"},
				"west": {"uv": [9, 7, 9.125, 7.125], "texture": "#0"},
				"up": {"uv": [7.375, 9.125, 7.25, 9], "texture": "#0"},
				"down": {"uv": [9.125, 7.25, 9, 7.375], "texture": "#0"}
			}
		},
		{
			"from": [7.39101, 11.35853, 12.29101],
			"to": [8.26296, 11.53293, 12.50899],
			"rotation": {"angle": 0, "axis": "y", "origin": [7.5, 11.44573, 12.4]},
			"faces": {
				"north": {"uv": [8.5, 5, 8.75, 5.125], "texture": "#0"},
				"east": {"uv": [7.5, 9, 7.625, 9.125], "texture": "#0"},
				"south": {"uv": [8.5, 5.25, 8.75, 5.375], "texture": "#0"},
				"west": {"uv": [9, 7.5, 9.125, 7.625], "texture": "#0"},
				"up": {"uv": [5.75, 8.625, 5.5, 8.5], "texture": "#0"},
				"down": {"uv": [8.75, 5.5, 8.5, 5.625], "texture": "#0"}
			}
		},
		{
			"from": [7.17302, 11.40213, 11.85503],
			"to": [7.39101, 11.51113, 12.50899],
			"rotation": {"angle": 0, "axis": "y", "origin": [7.5, 11.44573, 12.4]},
			"faces": {
				"north": {"uv": [7.75, 9, 7.875, 9.125], "texture": "#0"},
				"east": {"uv": [9, 7.75, 9.125, 7.875], "texture": "#0"},
				"south": {"uv": [8, 9, 8.125, 9.125], "texture": "#0"},
				"west": {"uv": [9, 8, 9.125, 8.125], "texture": "#0"},
				"up": {"uv": [8.375, 9.125, 8.25, 9], "texture": "#0"},
				"down": {"uv": [9.125, 8.25, 9, 8.375], "texture": "#0"}
			}
		},
		{
			"from": [7.39101, 11.35853, 11.63704],
			"to": [7.60899, 11.51113, 12.29101],
			"rotation": {"angle": 0, "axis": "y", "origin": [7.5, 11.44573, 12.4]},
			"faces": {
				"north": {"uv": [8.5, 9, 8.625, 9.125], "texture": "#0"},
				"east": {"uv": [9, 8.5, 9.125, 8.625], "texture": "#0"},
				"south": {"uv": [8.75, 9, 8.875, 9.125], "texture": "#0"},
				"west": {"uv": [9, 8.75, 9.125, 8.875], "texture": "#0"},
				"up": {"uv": [9.125, 9.125, 9, 9], "texture": "#0"},
				"down": {"uv": [0.125, 9.25, 0, 9.375], "texture": "#0"}
			}
		},
		{
			"from": [7.17302, 11.40213, 12.50899],
			"to": [8.04497, 11.48933, 12.72698],
			"rotation": {"angle": 0, "axis": "y", "origin": [7.5, 11.44573, 12.4]},
			"faces": {
				"north": {"uv": [5.75, 8.5, 6, 8.625], "texture": "#0"},
				"east": {"uv": [9.25, 0, 9.375, 0.125], "texture": "#0"},
				"south": {"uv": [8.5, 5.75, 8.75, 5.875], "texture": "#0"},
				"west": {"uv": [0.25, 9.25, 0.375, 9.375], "texture": "#0"},
				"up": {"uv": [6.25, 8.625, 6, 8.5], "texture": "#0"},
				"down": {"uv": [8.75, 6, 8.5, 6.125], "texture": "#0"}
			}
		},
		{
			"from": [6.95503, 11.42393, 12.29101],
			"to": [7.17302, 11.46753, 12.94497],
			"rotation": {"angle": 0, "axis": "y", "origin": [7.5, 11.44573, 12.4]},
			"faces": {
				"north": {"uv": [9.25, 0.25, 9.375, 0.375], "texture": "#0"},
				"east": {"uv": [0.5, 9.25, 0.625, 9.375], "texture": "#0"},
				"south": {"uv": [9.25, 0.5, 9.375, 0.625], "texture": "#0"},
				"west": {"uv": [0.75, 9.25, 0.875, 9.375], "texture": "#0"},
				"up": {"uv": [9.375, 0.875, 9.25, 0.75], "texture": "#0"},
				"down": {"uv": [1.125, 9.25, 1, 9.375], "texture": "#0"}
			}
		},
		{
			"from": [7.17302, 11.40213, 12.72698],
			"to": [7.60899, 11.46753, 12.94497],
			"rotation": {"angle": 0, "axis": "y", "origin": [7.5, 11.44573, 12.4]},
			"faces": {
				"north": {"uv": [9.25, 1, 9.375, 1.125], "texture": "#0"},
				"east": {"uv": [1.25, 9.25, 1.375, 9.375], "texture": "#0"},
				"south": {"uv": [9.25, 1.25, 9.375, 1.375], "texture": "#0"},
				"west": {"uv": [1.5, 9.25, 1.625, 9.375], "texture": "#0"},
				"up": {"uv": [9.375, 1.625, 9.25, 1.5], "texture": "#0"},
				"down": {"uv": [1.875, 9.25, 1.75, 9.375], "texture": "#0"}
			}
		},
		{
			"from": [5.22469, 12.51603, 7.95214],
			"to": [5.61053, 12.90188, 8.08075],
			"rotation": {"angle": 22.5, "axis": "z", "origin": [5.16038, 12.96618, 8.01644]},
			"faces": {
				"north": {"uv": [3, 9.5, 3.125, 9.625], "texture": "#0"},
				"east": {"uv": [9.5, 3, 9.625, 3.125], "texture": "#0"},
				"south": {"uv": [3.25, 9.5, 3.375, 9.625], "texture": "#0"},
				"west": {"uv": [9.5, 3.25, 9.625, 3.375], "texture": "#0"},
				"up": {"uv": [3.625, 9.625, 3.5, 9.5], "texture": "#0"},
				"down": {"uv": [9.625, 3.5, 9.5, 3.625], "texture": "#0"}
			}
		},
		{
			"from": [5.09608, 12.51603, 7.96499],
			"to": [5.22469, 13.03048, 8.06789],
			"rotation": {"angle": 22.5, "axis": "z", "origin": [5.16038, 12.96618, 8.01644]},
			"faces": {
				"north": {"uv": [3.75, 9.5, 3.875, 9.625], "texture": "#0"},
				"east": {"uv": [9.5, 3.75, 9.625, 3.875], "texture": "#0"},
				"south": {"uv": [4, 9.5, 4.125, 9.625], "texture": "#0"},
				"west": {"uv": [9.5, 4, 9.625, 4.125], "texture": "#0"},
				"up": {"uv": [4.375, 9.625, 4.25, 9.5], "texture": "#0"},
				"down": {"uv": [9.625, 4.25, 9.5, 4.375], "texture": "#0"}
			}
		},
		{
			"from": [5.09608, 13.03048, 7.99072],
			"to": [5.48192, 13.1591, 8.05503],
			"rotation": {"angle": 22.5, "axis": "z", "origin": [5.16038, 12.96618, 8.01644]},
			"faces": {
				"north": {"uv": [4.5, 9.5, 4.625, 9.625], "texture": "#0"},
				"east": {"uv": [9.5, 4.5, 9.625, 4.625], "texture": "#0"},
				"south": {"uv": [4.75, 9.5, 4.875, 9.625], "texture": "#0"},
				"west": {"uv": [9.5, 4.75, 9.625, 4.875], "texture": "#0"},
				"up": {"uv": [5.125, 9.625, 5, 9.5], "texture": "#0"},
				"down": {"uv": [9.625, 5, 9.5, 5.125], "texture": "#0"}
			}
		},
		{
			"from": [5.22469, 12.90188, 7.96499],
			"to": [5.61053, 13.03048, 8.05503],
			"rotation": {"angle": 22.5, "axis": "z", "origin": [5.16038, 12.96618, 8.01644]},
			"faces": {
				"north": {"uv": [5.25, 9.5, 5.375, 9.625], "texture": "#0"},
				"east": {"uv": [9.5, 5.25, 9.625, 5.375], "texture": "#0"},
				"south": {"uv": [5.5, 9.5, 5.625, 9.625], "texture": "#0"},
				"west": {"uv": [9.5, 5.5, 9.625, 5.625], "texture": "#0"},
				"up": {"uv": [5.875, 9.625, 5.75, 9.5], "texture": "#0"},
				"down": {"uv": [9.625, 5.75, 9.5, 5.875], "texture": "#0"}
			}
		},
		{
			"from": [4.96747, 12.64465, 7.99072],
			"to": [5.09608, 13.1591, 8.04216],
			"rotation": {"angle": 22.5, "axis": "z", "origin": [5.16038, 12.96618, 8.01644]},
			"faces": {
				"north": {"uv": [6, 9.5, 6.125, 9.625], "texture": "#0"},
				"east": {"uv": [9.5, 6, 9.625, 6.125], "texture": "#0"},
				"south": {"uv": [6.25, 9.5, 6.375, 9.625], "texture": "#0"},
				"west": {"uv": [9.5, 6.25, 9.625, 6.375], "texture": "#0"},
				"up": {"uv": [6.625, 9.625, 6.5, 9.5], "texture": "#0"},
				"down": {"uv": [9.625, 6.5, 9.5, 6.625], "texture": "#0"}
			}
		},
		{
			"from": [4.83885, 13.1591, 8.00358],
			"to": [5.22469, 13.28771, 8.0293],
			"rotation": {"angle": 22.5, "axis": "z", "origin": [5.16038, 12.96618, 8.01644]},
			"faces": {
				"north": {"uv": [6.75, 9.5, 6.875, 9.625], "texture": "#0"},
				"east": {"uv": [9.5, 6.75, 9.625, 6.875], "texture": "#0"},
				"south": {"uv": [7, 9.5, 7.125, 9.625], "texture": "#0"},
				"west": {"uv": [9.5, 7, 9.625, 7.125], "texture": "#0"},
				"up": {"uv": [7.375, 9.625, 7.25, 9.5], "texture": "#0"},
				"down": {"uv": [9.625, 7.25, 9.5, 7.375], "texture": "#0"}
			}
		},
		{
			"from": [4.83885, 12.90188, 7.99072],
			"to": [4.96747, 13.1591, 8.0293],
			"rotation": {"angle": 22.5, "axis": "z", "origin": [5.16038, 12.96618, 8.01644]},
			"faces": {
				"north": {"uv": [7.5, 9.5, 7.625, 9.625], "texture": "#0"},
				"east": {"uv": [9.5, 7.5, 9.625, 7.625], "texture": "#0"},
				"south": {"uv": [7.75, 9.5, 7.875, 9.625], "texture": "#0"},
				"west": {"uv": [9.5, 7.75, 9.625, 7.875], "texture": "#0"},
				"up": {"uv": [8.125, 9.625, 8, 9.5], "texture": "#0"},
				"down": {"uv": [9.625, 8, 9.5, 8.125], "texture": "#0"}
			}
		},
		{
			"from": [6.87344, 3.7057, 7.83768],
			"to": [7.94609, 4.77834, 8.19521],
			"rotation": {"angle": 22.5, "axis": "z", "origin": [6.69468, 4.95711, 8.01644]},
			"faces": {
				"north": {"uv": [4.25, 8, 4.5, 8.25], "texture": "#0"},
				"east": {"uv": [7.25, 8.5, 7.375, 8.75], "texture": "#0"},
				"south": {"uv": [4.5, 8, 4.75, 8.25], "texture": "#0"},
				"west": {"uv": [8.5, 7.25, 8.625, 7.5], "texture": "#0"},
				"up": {"uv": [7.75, 8.625, 7.5, 8.5], "texture": "#0"},
				"down": {"uv": [8.75, 7.5, 8.5, 7.625], "texture": "#0"}
			}
		},
		{
			"from": [6.51591, 3.7057, 7.87342],
			"to": [6.87344, 5.13588, 8.15947],
			"rotation": {"angle": 22.5, "axis": "z", "origin": [6.69468, 4.95711, 8.01644]},
			"faces": {
				"north": {"uv": [4.25, 8.25, 4.375, 8.625], "texture": "#0"},
				"east": {"uv": [8.25, 4.25, 8.375, 4.625], "texture": "#0"},
				"south": {"uv": [4.5, 8.25, 4.625, 8.625], "texture": "#0"},
				"west": {"uv": [4.75, 8.25, 4.875, 8.625], "texture": "#0"},
				"up": {"uv": [9.875, 9.125, 9.75, 9], "texture": "#0"},
				"down": {"uv": [9.375, 9.75, 9.25, 9.875], "texture": "#0"}
			}
		},
		{
			"from": [6.51591, 5.13588, 7.94493],
			"to": [7.58854, 5.49342, 8.12371],
			"rotation": {"angle": 22.5, "axis": "z", "origin": [6.69468, 4.95711, 8.01644]},
			"faces": {
				"north": {"uv": [7.75, 8.5, 8, 8.625], "texture": "#0"},
				"east": {"uv": [9.75, 9.25, 9.875, 9.375], "texture": "#0"},
				"south": {"uv": [8.5, 7.75, 8.75, 7.875], "texture": "#0"},
				"west": {"uv": [9.5, 9.75, 9.625, 9.875], "texture": "#0"},
				"up": {"uv": [8.25, 8.625, 8, 8.5], "texture": "#0"},
				"down": {"uv": [8.75, 8, 8.5, 8.125], "texture": "#0"}
			}
		},
		{
			"from": [6.87344, 4.77834, 7.87342],
			"to": [7.94609, 5.13588, 8.12371],
			"rotation": {"angle": 22.5, "axis": "z", "origin": [6.69468, 4.95711, 8.01644]},
			"faces": {
				"north": {"uv": [8.25, 8.5, 8.5, 8.625], "texture": "#0"},
				"east": {"uv": [9.75, 9.5, 9.875, 9.625], "texture": "#0"},
				"south": {"uv": [8.5, 8.25, 8.75, 8.375], "texture": "#0"},
				"west": {"uv": [9.75, 9.75, 9.875, 9.875], "texture": "#0"},
				"up": {"uv": [8.75, 8.625, 8.5, 8.5], "texture": "#0"},
				"down": {"uv": [0.25, 8.75, 0, 8.875], "texture": "#0"}
			}
		},
		{
			"from": [6.15837, 4.06325, 7.94493],
			"to": [6.51591, 5.49342, 8.08795],
			"rotation": {"angle": 22.5, "axis": "z", "origin": [6.69468, 4.95711, 8.01644]},
			"faces": {
				"north": {"uv": [8.25, 4.75, 8.375, 5.125], "texture": "#0"},
				"east": {"uv": [5, 8.25, 5.125, 8.625], "texture": "#0"},
				"south": {"uv": [5.25, 8.25, 5.375, 8.625], "texture": "#0"},
				"west": {"uv": [8.25, 5.25, 8.375, 5.625], "texture": "#0"},
				"up": {"uv": [0.125, 10.125, 0, 10], "texture": "#0"},
				"down": {"uv": [10.125, 0, 10, 0.125], "texture": "#0"}
			}
		},
		{
			"from": [5.80082, 5.49342, 7.98068],
			"to": [6.87344, 5.85097, 8.0522],
			"rotation": {"angle": 22.5, "axis": "z", "origin": [6.69468, 4.95711, 8.01644]},
			"faces": {
				"north": {"uv": [8.75, 0, 9, 0.125], "texture": "#0"},
				"east": {"uv": [0.25, 10, 0.375, 10.125], "texture": "#0"},
				"south": {"uv": [0.25, 8.75, 0.5, 8.875], "texture": "#0"},
				"west": {"uv": [10, 0.25, 10.125, 0.375], "texture": "#0"},
				"up": {"uv": [9, 0.375, 8.75, 0.25], "texture": "#0"},
				"down": {"uv": [0.75, 8.75, 0.5, 8.875], "texture": "#0"}
			}
		},
		{
			"from": [5.80082, 4.77834, 7.94493],
			"to": [6.15837, 5.49342, 8.0522],
			"rotation": {"angle": 22.5, "axis": "z", "origin": [6.69468, 4.95711, 8.01644]},
			"faces": {
				"north": {"uv": [0.5, 10, 0.625, 10.125], "texture": "#0"},
				"east": {"uv": [10, 0.5, 10.125, 0.625], "texture": "#0"},
				"south": {"uv": [0.75, 10, 0.875, 10.125], "texture": "#0"},
				"west": {"uv": [10, 0.75, 10.125, 0.875], "texture": "#0"},
				"up": {"uv": [1.125, 10.125, 1, 10], "texture": "#0"},
				"down": {"uv": [10.125, 1, 10, 1.125], "texture": "#0"}
			}
		},
		{
			"from": [11.62536, 5.95394, 8.23712],
			"to": [12.09733, 6.42591, 8.39443],
			"rotation": {"angle": 0, "axis": "z", "origin": [12.17598, 6.50456, 8.31578]},
			"faces": {
				"north": {"uv": [1.25, 10, 1.375, 10.125], "texture": "#0"},
				"east": {"uv": [10, 1.25, 10.125, 1.375], "texture": "#0"},
				"south": {"uv": [1.5, 10, 1.625, 10.125], "texture": "#0"},
				"west": {"uv": [10, 1.5, 10.125, 1.625], "texture": "#0"},
				"up": {"uv": [1.875, 10.125, 1.75, 10], "texture": "#0"},
				"down": {"uv": [10.125, 1.75, 10, 1.875], "texture": "#0"}
			}
		},
		{
			"from": [11.62536, 6.42591, 8.25285],
			"to": [12.25464, 6.58322, 8.37871],
			"rotation": {"angle": 0, "axis": "z", "origin": [12.17598, 6.50456, 8.31578]},
			"faces": {
				"north": {"uv": [2, 10, 2.125, 10.125], "texture": "#0"},
				"east": {"uv": [10, 2, 10.125, 2.125], "texture": "#0"},
				"south": {"uv": [2.25, 10, 2.375, 10.125], "texture": "#0"},
				"west": {"uv": [10, 2.25, 10.125, 2.375], "texture": "#0"},
				"up": {"uv": [2.625, 10.125, 2.5, 10], "texture": "#0"},
				"down": {"uv": [10.125, 2.5, 10, 2.625], "texture": "#0"}
			}
		},
		{
			"from": [12.25464, 6.11126, 8.28431],
			"to": [12.41196, 6.58322, 8.36298],
			"rotation": {"angle": 0, "axis": "z", "origin": [12.17598, 6.50456, 8.31578]},
			"faces": {
				"north": {"uv": [2.75, 10, 2.875, 10.125], "texture": "#0"},
				"east": {"uv": [10, 2.75, 10.125, 2.875], "texture": "#0"},
				"south": {"uv": [3, 10, 3.125, 10.125], "texture": "#0"},
				"west": {"uv": [10, 3, 10.125, 3.125], "texture": "#0"},
				"up": {"uv": [3.375, 10.125, 3.25, 10], "texture": "#0"},
				"down": {"uv": [10.125, 3.25, 10, 3.375], "texture": "#0"}
			}
		},
		{
			"from": [12.09733, 5.95394, 8.25285],
			"to": [12.25464, 6.42591, 8.36298],
			"rotation": {"angle": 0, "axis": "z", "origin": [12.17598, 6.50456, 8.31578]},
			"faces": {
				"north": {"uv": [3.5, 10, 3.625, 10.125], "texture": "#0"},
				"east": {"uv": [10, 3.5, 10.125, 3.625], "texture": "#0"},
				"south": {"uv": [3.75, 10, 3.875, 10.125], "texture": "#0"},
				"west": {"uv": [10, 3.75, 10.125, 3.875], "texture": "#0"},
				"up": {"uv": [4.125, 10.125, 4, 10], "texture": "#0"},
				"down": {"uv": [10.125, 4, 10, 4.125], "texture": "#0"}
			}
		},
		{
			"from": [11.78268, 6.58322, 8.28431],
			"to": [12.41196, 6.74054, 8.34724],
			"rotation": {"angle": 0, "axis": "z", "origin": [12.17598, 6.50456, 8.31578]},
			"faces": {
				"north": {"uv": [4.25, 10, 4.375, 10.125], "texture": "#0"},
				"east": {"uv": [10, 4.25, 10.125, 4.375], "texture": "#0"},
				"south": {"uv": [4.5, 10, 4.625, 10.125], "texture": "#0"},
				"west": {"uv": [10, 4.5, 10.125, 4.625], "texture": "#0"},
				"up": {"uv": [4.875, 10.125, 4.75, 10], "texture": "#0"},
				"down": {"uv": [10.125, 4.75, 10, 4.875], "texture": "#0"}
			}
		},
		{
			"from": [12.41196, 6.42591, 8.30004],
			"to": [12.56928, 6.89786, 8.33151],
			"rotation": {"angle": 0, "axis": "z", "origin": [12.17598, 6.50456, 8.31578]},
			"faces": {
				"north": {"uv": [5, 10, 5.125, 10.125], "texture": "#0"},
				"east": {"uv": [10, 5, 10.125, 5.125], "texture": "#0"},
				"south": {"uv": [5.25, 10, 5.375, 10.125], "texture": "#0"},
				"west": {"uv": [10, 5.25, 10.125, 5.375], "texture": "#0"},
				"up": {"uv": [5.625, 10.125, 5.5, 10], "texture": "#0"},
				"down": {"uv": [10.125, 5.5, 10, 5.625], "texture": "#0"}
			}
		},
		{
			"from": [12.09733, 6.74054, 8.28431],
			"to": [12.41196, 6.89786, 8.33151],
			"rotation": {"angle": 0, "axis": "z", "origin": [12.17598, 6.50456, 8.31578]},
			"faces": {
				"north": {"uv": [5.75, 10, 5.875, 10.125], "texture": "#0"},
				"east": {"uv": [10, 5.75, 10.125, 5.875], "texture": "#0"},
				"south": {"uv": [6, 10, 6.125, 10.125], "texture": "#0"},
				"west": {"uv": [10, 6, 10.125, 6.125], "texture": "#0"},
				"up": {"uv": [6.375, 10.125, 6.25, 10], "texture": "#0"},
				"down": {"uv": [10.125, 6.25, 10, 6.375], "texture": "#0"}
			}
		},
		{
			"from": [6.31024, 11.51603, 7.95214],
			"to": [6.69608, 11.90188, 8.08075],
			"rotation": {"angle": 0, "axis": "z", "origin": [6.76038, 11.96618, 8.01644]},
			"faces": {
				"north": {"uv": [8.25, 9.5, 8.375, 9.625], "texture": "#0"},
				"east": {"uv": [9.5, 8.25, 9.625, 8.375], "texture": "#0"},
				"south": {"uv": [8.5, 9.5, 8.625, 9.625], "texture": "#0"},
				"west": {"uv": [9.5, 8.5, 9.625, 8.625], "texture": "#0"},
				"up": {"uv": [8.875, 9.625, 8.75, 9.5], "texture": "#0"},
				"down": {"uv": [9.625, 8.75, 9.5, 8.875], "texture": "#0"}
			}
		},
		{
			"from": [6.31024, 11.90188, 7.96499],
			"to": [6.82469, 12.03048, 8.06789],
			"rotation": {"angle": 0, "axis": "z", "origin": [6.76038, 11.96618, 8.01644]},
			"faces": {
				"north": {"uv": [9, 9.5, 9.125, 9.625], "texture": "#0"},
				"east": {"uv": [9.5, 9, 9.625, 9.125], "texture": "#0"},
				"south": {"uv": [9.25, 9.5, 9.375, 9.625], "texture": "#0"},
				"west": {"uv": [9.5, 9.25, 9.625, 9.375], "texture": "#0"},
				"up": {"uv": [9.625, 9.625, 9.5, 9.5], "texture": "#0"},
				"down": {"uv": [0.125, 9.75, 0, 9.875], "texture": "#0"}
			}
		},
		{
			"from": [6.82469, 11.64465, 7.99072],
			"to": [6.9533, 12.03048, 8.05503],
			"rotation": {"angle": 0, "axis": "z", "origin": [6.76038, 11.96618, 8.01644]},
			"faces": {
				"north": {"uv": [9.75, 0, 9.875, 0.125], "texture": "#0"},
				"east": {"uv": [0.25, 9.75, 0.375, 9.875], "texture": "#0"},
				"south": {"uv": [9.75, 0.25, 9.875, 0.375], "texture": "#0"},
				"west": {"uv": [0.5, 9.75, 0.625, 9.875], "texture": "#0"},
				"up": {"uv": [9.875, 0.625, 9.75, 0.5], "texture": "#0"},
				"down": {"uv": [0.875, 9.75, 0.75, 9.875], "texture": "#0"}
			}
		},
		{
			"from": [6.69608, 11.51603, 7.96499],
			"to": [6.82469, 11.90188, 8.05503],
			"rotation": {"angle": 0, "axis": "z", "origin": [6.76038, 11.96618, 8.01644]},
			"faces": {
				"north": {"uv": [9.75, 0.75, 9.875, 0.875], "texture": "#0"},
				"east": {"uv": [1, 9.75, 1.125, 9.875], "texture": "#0"},
				"south": {"uv": [9.75, 1, 9.875, 1.125], "texture": "#0"},
				"west": {"uv": [1.25, 9.75, 1.375, 9.875], "texture": "#0"},
				"up": {"uv": [9.875, 1.375, 9.75, 1.25], "texture": "#0"},
				"down": {"uv": [1.625, 9.75, 1.5, 9.875], "texture": "#0"}
			}
		},
		{
			"from": [6.43885, 12.03048, 7.99072],
			"to": [6.9533, 12.1591, 8.04216],
			"rotation": {"angle": 0, "axis": "z", "origin": [6.76038, 11.96618, 8.01644]},
			"faces": {
				"north": {"uv": [9.75, 1.5, 9.875, 1.625], "texture": "#0"},
				"east": {"uv": [1.75, 9.75, 1.875, 9.875], "texture": "#0"},
				"south": {"uv": [9.75, 1.75, 9.875, 1.875], "texture": "#0"},
				"west": {"uv": [2, 9.75, 2.125, 9.875], "texture": "#0"},
				"up": {"uv": [9.875, 2.125, 9.75, 2], "texture": "#0"},
				"down": {"uv": [2.375, 9.75, 2.25, 9.875], "texture": "#0"}
			}
		},
		{
			"from": [6.9533, 11.90188, 8.00358],
			"to": [7.08192, 12.28771, 8.0293],
			"rotation": {"angle": 0, "axis": "z", "origin": [6.76038, 11.96618, 8.01644]},
			"faces": {
				"north": {"uv": [9.75, 2.25, 9.875, 2.375], "texture": "#0"},
				"east": {"uv": [2.5, 9.75, 2.625, 9.875], "texture": "#0"},
				"south": {"uv": [9.75, 2.5, 9.875, 2.625], "texture": "#0"},
				"west": {"uv": [2.75, 9.75, 2.875, 9.875], "texture": "#0"},
				"up": {"uv": [9.875, 2.875, 9.75, 2.75], "texture": "#0"},
				"down": {"uv": [3.125, 9.75, 3, 9.875], "texture": "#0"}
			}
		},
		{
			"from": [6.69608, 12.1591, 7.99072],
			"to": [6.9533, 12.28771, 8.0293],
			"rotation": {"angle": 0, "axis": "z", "origin": [6.76038, 11.96618, 8.01644]},
			"faces": {
				"north": {"uv": [9.75, 3, 9.875, 3.125], "texture": "#0"},
				"east": {"uv": [3.25, 9.75, 3.375, 9.875], "texture": "#0"},
				"south": {"uv": [9.75, 3.25, 9.875, 3.375], "texture": "#0"},
				"west": {"uv": [3.5, 9.75, 3.625, 9.875], "texture": "#0"},
				"up": {"uv": [9.875, 3.625, 9.75, 3.5], "texture": "#0"},
				"down": {"uv": [3.875, 9.75, 3.75, 9.875], "texture": "#0"}
			}
		},
		{
			"from": [10.41024, 11.83048, 7.95214],
			"to": [10.79608, 12.21633, 8.08075],
			"rotation": {"angle": 22.5, "axis": "z", "origin": [10.86038, 11.76618, 8.01644]},
			"faces": {
				"north": {"uv": [9.75, 3.75, 9.875, 3.875], "texture": "#0"},
				"east": {"uv": [4, 9.75, 4.125, 9.875], "texture": "#0"},
				"south": {"uv": [9.75, 4, 9.875, 4.125], "texture": "#0"},
				"west": {"uv": [4.25, 9.75, 4.375, 9.875], "texture": "#0"},
				"up": {"uv": [9.875, 4.375, 9.75, 4.25], "texture": "#0"},
				"down": {"uv": [4.625, 9.75, 4.5, 9.875], "texture": "#0"}
			}
		},
		{
			"from": [10.79608, 11.70188, 7.96499],
			"to": [10.92469, 12.21633, 8.06789],
			"rotation": {"angle": 22.5, "axis": "z", "origin": [10.86038, 11.76618, 8.01644]},
			"faces": {
				"north": {"uv": [9.75, 4.5, 9.875, 4.625], "texture": "#0"},
				"east": {"uv": [4.75, 9.75, 4.875, 9.875], "texture": "#0"},
				"south": {"uv": [9.75, 4.75, 9.875, 4.875], "texture": "#0"},
				"west": {"uv": [5, 9.75, 5.125, 9.875], "texture": "#0"},
				"up": {"uv": [9.875, 5.125, 9.75, 5], "texture": "#0"},
				"down": {"uv": [5.375, 9.75, 5.25, 9.875], "texture": "#0"}
			}
		},
		{
			"from": [10.53885, 11.57326, 7.99072],
			"to": [10.92469, 11.70188, 8.05503],
			"rotation": {"angle": 22.5, "axis": "z", "origin": [10.86038, 11.76618, 8.01644]},
			"faces": {
				"north": {"uv": [9.75, 5.25, 9.875, 5.375], "texture": "#0"},
				"east": {"uv": [5.5, 9.75, 5.625, 9.875], "texture": "#0"},
				"south": {"uv": [9.75, 5.5, 9.875, 5.625], "texture": "#0"},
				"west": {"uv": [5.75, 9.75, 5.875, 9.875], "texture": "#0"},
				"up": {"uv": [9.875, 5.875, 9.75, 5.75], "texture": "#0"},
				"down": {"uv": [6.125, 9.75, 6, 9.875], "texture": "#0"}
			}
		},
		{
			"from": [10.41024, 11.70188, 7.96499],
			"to": [10.79608, 11.83048, 8.05503],
			"rotation": {"angle": 22.5, "axis": "z", "origin": [10.86038, 11.76618, 8.01644]},
			"faces": {
				"north": {"uv": [9.75, 6, 9.875, 6.125], "texture": "#0"},
				"east": {"uv": [6.25, 9.75, 6.375, 9.875], "texture": "#0"},
				"south": {"uv": [9.75, 6.25, 9.875, 6.375], "texture": "#0"},
				"west": {"uv": [6.5, 9.75, 6.625, 9.875], "texture": "#0"},
				"up": {"uv": [9.875, 6.625, 9.75, 6.5], "texture": "#0"},
				"down": {"uv": [6.875, 9.75, 6.75, 9.875], "texture": "#0"}
			}
		},
		{
			"from": [10.92469, 11.57326, 7.99072],
			"to": [11.0533, 12.08771, 8.04216],
			"rotation": {"angle": 22.5, "axis": "z", "origin": [10.86038, 11.76618, 8.01644]},
			"faces": {
				"north": {"uv": [9.75, 6.75, 9.875, 6.875], "texture": "#0"},
				"east": {"uv": [7, 9.75, 7.125, 9.875], "texture": "#0"},
				"south": {"uv": [9.75, 7, 9.875, 7.125], "texture": "#0"},
				"west": {"uv": [7.25, 9.75, 7.375, 9.875], "texture": "#0"},
				"up": {"uv": [9.875, 7.375, 9.75, 7.25], "texture": "#0"},
				"down": {"uv": [7.625, 9.75, 7.5, 9.875], "texture": "#0"}
			}
		},
		{
			"from": [10.79608, 11.44465, 8.00358],
			"to": [11.18192, 11.57326, 8.0293],
			"rotation": {"angle": 22.5, "axis": "z", "origin": [10.86038, 11.76618, 8.01644]},
			"faces": {
				"north": {"uv": [9.75, 7.5, 9.875, 7.625], "texture": "#0"},
				"east": {"uv": [7.75, 9.75, 7.875, 9.875], "texture": "#0"},
				"south": {"uv": [9.75, 7.75, 9.875, 7.875], "texture": "#0"},
				"west": {"uv": [8, 9.75, 8.125, 9.875], "texture": "#0"},
				"up": {"uv": [9.875, 8.125, 9.75, 8], "texture": "#0"},
				"down": {"uv": [8.375, 9.75, 8.25, 9.875], "texture": "#0"}
			}
		},
		{
			"from": [11.0533, 11.57326, 7.99072],
			"to": [11.18192, 11.83048, 8.0293],
			"rotation": {"angle": 22.5, "axis": "z", "origin": [10.86038, 11.76618, 8.01644]},
			"faces": {
				"north": {"uv": [9.75, 8.25, 9.875, 8.375], "texture": "#0"},
				"east": {"uv": [8.5, 9.75, 8.625, 9.875], "texture": "#0"},
				"south": {"uv": [9.75, 8.5, 9.875, 8.625], "texture": "#0"},
				"west": {"uv": [8.75, 9.75, 8.875, 9.875], "texture": "#0"},
				"up": {"uv": [9.875, 8.875, 9.75, 8.75], "texture": "#0"},
				"down": {"uv": [9.125, 9.75, 9, 9.875], "texture": "#0"}
			}
		},
		{
			"from": [8.19101, 10.18277, 10.70899],
			"to": [8.40899, 10.83674, 11.36296],
			"rotation": {"angle": -22.5, "axis": "z", "origin": [8.3, 10.94573, 10.6]},
			"faces": {
				"north": {"uv": [9.25, 7, 9.375, 7.125], "texture": "#0"},
				"east": {"uv": [7.25, 9.25, 7.375, 9.375], "texture": "#0"},
				"south": {"uv": [9.25, 7.25, 9.375, 7.375], "texture": "#0"},
				"west": {"uv": [7.5, 9.25, 7.625, 9.375], "texture": "#0"},
				"up": {"uv": [9.375, 7.625, 9.25, 7.5], "texture": "#0"},
				"down": {"uv": [7.875, 9.25, 7.75, 9.375], "texture": "#0"}
			}
		},
		{
			"from": [8.2128, 10.83674, 10.49101],
			"to": [8.3872, 11.05472, 11.36296],
			"rotation": {"angle": -22.5, "axis": "z", "origin": [8.3, 10.94573, 10.6]},
			"faces": {
				"north": {"uv": [9.25, 7.75, 9.375, 7.875], "texture": "#0"},
				"east": {"uv": [6.25, 8.5, 6.5, 8.625], "texture": "#0"},
				"south": {"uv": [8, 9.25, 8.125, 9.375], "texture": "#0"},
				"west": {"uv": [8.5, 6.25, 8.75, 6.375], "texture": "#0"},
				"up": {"uv": [6.625, 8.75, 6.5, 8.5], "texture": "#0"},
				"down": {"uv": [8.625, 6.5, 8.5, 6.75], "texture": "#0"}
			}
		},
		{
			"from": [8.2564, 10.40076, 10.27302],
			"to": [8.3654, 11.05472, 10.49101],
			"rotation": {"angle": -22.5, "axis": "z", "origin": [8.3, 10.94573, 10.6]},
			"faces": {
				"north": {"uv": [9.25, 8, 9.375, 8.125], "texture": "#0"},
				"east": {"uv": [8.25, 9.25, 8.375, 9.375], "texture": "#0"},
				"south": {"uv": [9.25, 8.25, 9.375, 8.375], "texture": "#0"},
				"west": {"uv": [8.5, 9.25, 8.625, 9.375], "texture": "#0"},
				"up": {"uv": [9.375, 8.625, 9.25, 8.5], "texture": "#0"},
				"down": {"uv": [8.875, 9.25, 8.75, 9.375], "texture": "#0"}
			}
		},
		{
			"from": [8.2128, 10.18277, 10.49101],
			"to": [8.3654, 10.83674, 10.70899],
			"rotation": {"angle": -22.5, "axis": "z", "origin": [8.3, 10.94573, 10.6]},
			"faces": {
				"north": {"uv": [9.25, 8.75, 9.375, 8.875], "texture": "#0"},
				"east": {"uv": [9, 9.25, 9.125, 9.375], "texture": "#0"},
				"south": {"uv": [9.25, 9, 9.375, 9.125], "texture": "#0"},
				"west": {"uv": [9.25, 9.25, 9.375, 9.375], "texture": "#0"},
				"up": {"uv": [0.125, 9.625, 0, 9.5], "texture": "#0"},
				"down": {"uv": [9.625, 0, 9.5, 0.125], "texture": "#0"}
			}
		},
		{
			"from": [8.2564, 11.05472, 10.27302],
			"to": [8.3436, 11.27271, 11.14497],
			"rotation": {"angle": -22.5, "axis": "z", "origin": [8.3, 10.94573, 10.6]},
			"faces": {
				"north": {"uv": [0.25, 9.5, 0.375, 9.625], "texture": "#0"},
				"east": {"uv": [6.75, 8.5, 7, 8.625], "texture": "#0"},
				"south": {"uv": [9.5, 0.25, 9.625, 0.375], "texture": "#0"},
				"west": {"uv": [8.5, 6.75, 8.75, 6.875], "texture": "#0"},
				"up": {"uv": [7.125, 8.75, 7, 8.5], "texture": "#0"},
				"down": {"uv": [8.625, 7, 8.5, 7.25], "texture": "#0"}
			}
		},
		{
			"from": [8.2782, 10.83674, 10.05503],
			"to": [8.3218, 11.4907, 10.27302],
			"rotation": {"angle": -22.5, "axis": "z", "origin": [8.3, 10.94573, 10.6]},
			"faces": {
				"north": {"uv": [0.5, 9.5, 0.625, 9.625], "texture": "#0"},
				"east": {"uv": [9.5, 0.5, 9.625, 0.625], "texture": "#0"},
				"south": {"uv": [0.75, 9.5, 0.875, 9.625], "texture": "#0"},
				"west": {"uv": [9.5, 0.75, 9.625, 0.875], "texture": "#0"},
				"up": {"uv": [1.125, 9.625, 1, 9.5], "texture": "#0"},
				"down": {"uv": [9.625, 1, 9.5, 1.125], "texture": "#0"}
			}
		},
		{
			"from": [8.2564, 11.27271, 10.27302],
			"to": [8.3218, 11.4907, 10.70899],
			"rotation": {"angle": -22.5, "axis": "z", "origin": [8.3, 10.94573, 10.6]},
			"faces": {
				"north": {"uv": [1.25, 9.5, 1.375, 9.625], "texture": "#0"},
				"east": {"uv": [9.5, 1.25, 9.625, 1.375], "texture": "#0"},
				"south": {"uv": [1.5, 9.5, 1.625, 9.625], "texture": "#0"},
				"west": {"uv": [9.5, 1.5, 9.625, 1.625], "texture": "#0"},
				"up": {"uv": [1.875, 9.625, 1.75, 9.5], "texture": "#0"},
				"down": {"uv": [9.625, 1.75, 9.5, 1.875], "texture": "#0"}
			}
		}
	],
	"display": {
		"thirdperson_righthand": {
			"rotation": [0, -90, 0],
			"translation": [0, 0, 2.25]
		},
		"thirdperson_lefthand": {
			"rotation": [0, 90, 0],
			"translation": [0, 0, 2.25]
		},
		"firstperson_righthand": {
			"rotation": [0, -90, 0],
			"translation": [8, -7.5, -10]
		},
		"firstperson_lefthand": {
			"rotation": [180, 50.25, -180],
			"translation": [8, -7.5, -10]
		},
		"ground": {
			"rotation": [45, 0, 0],
			"translation": [0, 6.25, 0]
		},
		"gui": {
			"rotation": [0, 5, -45],
			"translation": [-3.25, -3, 0],
			"scale": [0.7, 0.7, 0.7]
		}
	},
	"groups": [
		{
			"name": "Stem",
			"origin": [8.53976, 2.49608, 8.00309],
			"color": 0,
			"children": [0, 1, 2, 3, 4, 5, 6, 7, 8, 9, 10, 11, 12, 13, 14, 15, 16]
		},
		{
			"name": "Fish",
			"origin": [4.8, 2.5, 4.75],
			"color": 0,
			"children": [17, 18, 19, 20, 21, 22, 23, 24, 25, 26, 27, 28, 29, 30, 31, 32, 33, 34, 35, 36, 37, 38, 39, 40, 41, 42, 43, 44, 45, 46, 47, 48, 49, 50, 51, 52, 53, 54, 55, 56]
		},
		{
			"name": "Leaf",
			"origin": [11.11445, 0.5, 14.69806],
			"color": 0,
			"children": [57, 58, 59, 60, 61, 62, 63]
		},
		{
			"name": "Leaf",
			"origin": [11.11445, 0.5, 14.69806],
			"color": 0,
			"children": [64, 65, 66, 67, 68, 69, 70]
		},
		{
			"name": "Leaf",
			"origin": [11.11445, 0.5, 14.69806],
			"color": 0,
			"children": [71, 72, 73, 74, 75, 76, 77]
		},
		{
			"name": "Leaf",
			"origin": [11.11445, 0.5, 14.69806],
			"color": 0,
			"children": [78, 79, 80, 81, 82, 83, 84]
		},
		{
			"name": "Leaf",
			"origin": [11.11445, 0.5, 14.69806],
			"color": 0,
			"children": [85, 86, 87, 88, 89, 90, 91]
		},
		{
			"name": "Leaf",
			"origin": [11.11445, 0.5, 14.69806],
			"color": 0,
			"children": [92, 93, 94, 95, 96, 97, 98]
		},
		{
			"name": "Leaf",
			"origin": [11.11445, 0.5, 14.69806],
			"color": 0,
			"children": [99, 100, 101, 102, 103, 104, 105]
		},
		{
			"name": "Leaf",
			"origin": [11.11445, 0.5, 14.69806],
			"color": 0,
			"children": [106, 107, 108, 109, 110, 111, 112]
		},
		{
			"name": "Leaf",
			"origin": [11.11445, 0.5, 14.69806],
			"color": 0,
			"children": [113, 114, 115, 116, 117, 118, 119]
		},
		{
			"name": "Leaf",
			"origin": [11.11445, 0.5, 14.69806],
			"color": 0,
			"children": [120, 121, 122, 123, 124, 125, 126]
		}
	]
}