{
    "parent": "minecraft:item/generated",
    "textures": {
      "layer0": "minecraft:block/poppy"
    },
    "overrides": [
      {"predicate": {"custom_model_data":1}, "model": "item/valentines/heart"},
      {"predicate": {"custom_model_data":2}, "model": "item/valentines/heart_lb_anim/heart_lb"},
      {"predicate": {"custom_model_data":3}, "model": "item/valentines/heart_lb_anim/heart_lb_1"},
      {"predicate": {"custom_model_data":4}, "model": "item/valentines/heart_lb_anim/heart_lb_2"},
      {"predicate": {"custom_model_data":5}, "model": "item/valentines/heart_lb_anim/heart_lb_3"},
      {"predicate": {"custom_model_data":100}, "model": "item/misc/santa_hat"},
      {"predicate": {"custom_model_data":101}, "model": "item/misc/cone_hat"},
      {"predicate": {"custom_model_data":102}, "model": "item/misc/axolotl_hat"}
    ]
  }