{
	"credit": "Made by ChainArts",
	"texture_size": [32, 32],
	"textures": {
		"0": "item/misc/clover",
		"1": "item/misc/mchub_coin",
		"particle": "item/misc/mchub_coin"
	},
	"elements": [
		{
			"from": [7.79547, 7.92932, 3.97293],
			"to": [8.54547, 8.42932, 7.72293],
			"rotation": {"angle": -22.5, "axis": "x", "origin": [8.17047, 8.17932, 8.09793]},
			"faces": {
				"north": {"uv": [2, 9.5, 2.5, 9.75], "texture": "#0"},
				"east": {"uv": [5, 0, 7, 0.25], "texture": "#0"},
				"south": {"uv": [1, 10, 1.5, 10.25], "texture": "#0"},
				"west": {"uv": [5, 0.5, 7, 0.75], "texture": "#0"},
				"up": {"uv": [0.5, 2, 0, 0], "texture": "#0"},
				"down": {"uv": [1, 0, 0.5, 2], "texture": "#0"}
			}
		},
		{
			"from": [7.79547, 7.92932, 8.22293],
			"to": [8.54547, 8.42932, 11.97293],
			"rotation": {"angle": 0, "axis": "y", "origin": [8.17047, 8.17932, 12.34793]},
			"faces": {
				"north": {"uv": [1.5, 10, 2, 10.25], "texture": "#0"},
				"east": {"uv": [5, 1, 7, 1.25], "texture": "#0"},
				"south": {"uv": [2, 10, 2.5, 10.25], "texture": "#0"},
				"west": {"uv": [5, 4.5, 7, 4.75], "texture": "#0"},
				"up": {"uv": [1.5, 2, 1, 0], "texture": "#0"},
				"down": {"uv": [2, 0, 1.5, 2], "texture": "#0"}
			}
		},
		{
			"from": [4.29547, 7.67932, 8.22293],
			"to": [8.04547, 8.17932, 8.97293],
			"rotation": {"angle": 22.5, "axis": "y", "origin": [5.60797, 7.92932, 8.59793]},
			"faces": {
				"north": {"uv": [5, 5, 7, 5.25], "texture": "#0"},
				"east": {"uv": [10.5, 4, 10.75, 4.25], "texture": "#0"},
				"south": {"uv": [5.5, 1.5, 7.5, 1.75], "texture": "#0"},
				"west": {"uv": [4.5, 10.5, 4.75, 10.75], "texture": "#0"},
				"up": {"uv": [4, 5.75, 2, 5.5], "texture": "#0"},
				"down": {"uv": [7.5, 2, 5.5, 2.25], "texture": "#0"}
			}
		},
		{
			"from": [8.54547, 7.42932, 7.47293],
			"to": [12.29547, 7.92932, 8.22293],
			"rotation": {"angle": 0, "axis": "z", "origin": [8.17047, 7.67932, 7.84793]},
			"faces": {
				"north": {"uv": [6, 5.5, 7.75, 5.75], "texture": "#0"},
				"east": {"uv": [10.5, 4.5, 10.75, 4.75], "texture": "#0"},
				"south": {"uv": [4, 6.5, 5.75, 6.75], "texture": "#0"},
				"west": {"uv": [5, 10.5, 5.25, 10.75], "texture": "#0"},
				"up": {"uv": [7.75, 6.75, 6, 6.5], "texture": "#0"},
				"down": {"uv": [8.75, 0, 7, 0.25], "texture": "#0"}
			}
		},
		{
			"from": [8.54547, 6.92932, 7.47293],
			"to": [10.09547, 7.42932, 8.22293],
			"rotation": {"angle": 0, "axis": "z", "origin": [8.17047, 7.17932, 7.84793]},
			"faces": {
				"north": {"uv": [7, 9.5, 7.75, 9.75], "texture": "#0"},
				"east": {"uv": [10.5, 8, 10.75, 8.25], "texture": "#0"},
				"south": {"uv": [9.5, 7, 10.25, 7.25], "texture": "#0"},
				"west": {"uv": [8.5, 10.5, 8.75, 10.75], "texture": "#0"},
				"up": {"uv": [10.25, 7.75, 9.5, 7.5], "texture": "#0"},
				"down": {"uv": [8.75, 9.5, 8, 9.75], "texture": "#0"}
			}
		},
		{
			"from": [9.29547, 7.42932, 6.72293],
			"to": [13.04547, 7.92932, 7.47293],
			"rotation": {"angle": 0, "axis": "z", "origin": [8.17047, 7.67932, 7.84793]},
			"faces": {
				"north": {"uv": [7, 0.5, 8.75, 0.75], "texture": "#0"},
				"east": {"uv": [2.5, 10, 3, 10.25], "texture": "#0"},
				"south": {"uv": [7, 1, 8.75, 1.25], "texture": "#0"},
				"west": {"uv": [3, 10, 3.5, 10.25], "texture": "#0"},
				"up": {"uv": [3.25, 2.5, 1.5, 2], "texture": "#0"},
				"down": {"uv": [4.25, 0, 2.5, 0.5], "texture": "#0"}
			}
		},
		{
			"from": [9.29547, 7.42932, 8.22293],
			"to": [13.04547, 7.92932, 8.97293],
			"rotation": {"angle": 0, "axis": "z", "origin": [8.17047, 7.67932, 7.84793]},
			"faces": {
				"north": {"uv": [4, 7, 5.75, 7.25], "texture": "#0"},
				"east": {"uv": [10.5, 5, 10.75, 5.25], "texture": "#0"},
				"south": {"uv": [7, 4.5, 8.75, 4.75], "texture": "#0"},
				"west": {"uv": [5.5, 10.5, 5.75, 10.75], "texture": "#0"},
				"up": {"uv": [8.75, 5.25, 7, 5], "texture": "#0"},
				"down": {"uv": [7.75, 7, 6, 7.25], "texture": "#0"}
			}
		},
		{
			"from": [3.54547, 7.67932, 7.47293],
			"to": [7.29547, 8.17932, 8.22293],
			"rotation": {"angle": 22.5, "axis": "y", "origin": [5.60797, 7.92932, 8.59793]},
			"faces": {
				"north": {"uv": [7, 6, 8.75, 6.25], "texture": "#0"},
				"east": {"uv": [3.5, 10, 4, 10.25], "texture": "#0"},
				"south": {"uv": [7.5, 1.5, 9.25, 1.75], "texture": "#0"},
				"west": {"uv": [10, 3.5, 10.5, 3.75], "texture": "#0"},
				"up": {"uv": [4.25, 1, 2.5, 0.5], "texture": "#0"},
				"down": {"uv": [4.25, 1, 2.5, 1.5], "texture": "#0"}
			}
		},
		{
			"from": [3.54547, 7.67932, 6.72293],
			"to": [6.54547, 8.17932, 7.47293],
			"rotation": {"angle": 22.5, "axis": "y", "origin": [5.60797, 7.92932, 8.59793]},
			"faces": {
				"north": {"uv": [7.5, 3.5, 9, 3.75], "texture": "#0"},
				"east": {"uv": [4, 10, 4.5, 10.25], "texture": "#0"},
				"south": {"uv": [4, 7.5, 5.5, 7.75], "texture": "#0"},
				"west": {"uv": [10, 4, 10.5, 4.25], "texture": "#0"},
				"up": {"uv": [3, 3, 1.5, 2.5], "texture": "#0"},
				"down": {"uv": [4, 1.5, 2.5, 2], "texture": "#0"}
			}
		},
		{
			"from": [4.29547, 7.67932, 5.97293],
			"to": [5.79547, 8.17932, 6.72293],
			"rotation": {"angle": 22.5, "axis": "y", "origin": [5.60797, 7.92932, 8.59793]},
			"faces": {
				"north": {"uv": [9, 3.5, 9.75, 3.75], "texture": "#0"},
				"east": {"uv": [10.5, 5.5, 10.75, 5.75], "texture": "#0"},
				"south": {"uv": [6, 9, 6.75, 9.25], "texture": "#0"},
				"west": {"uv": [6, 10.5, 6.25, 10.75], "texture": "#0"},
				"up": {"uv": [9.75, 6.25, 9, 6], "texture": "#0"},
				"down": {"uv": [7.75, 9, 7, 9.25], "texture": "#0"}
			}
		},
		{
			"from": [4.29547, 7.67932, 10.47293],
			"to": [5.79547, 8.17932, 11.22293],
			"rotation": {"angle": 22.5, "axis": "y", "origin": [5.60797, 7.92932, 8.59793]},
			"faces": {
				"north": {"uv": [8, 9, 8.75, 9.25], "texture": "#0"},
				"east": {"uv": [4.5, 10, 5, 10.25], "texture": "#0"},
				"south": {"uv": [9, 9, 9.75, 9.25], "texture": "#0"},
				"west": {"uv": [5, 10, 5.5, 10.25], "texture": "#0"},
				"up": {"uv": [0.75, 8, 0, 7.5], "texture": "#0"},
				"down": {"uv": [8.25, 4, 7.5, 4.5], "texture": "#0"}
			}
		},
		{
			"from": [10.04547, 7.92932, 3.97293],
			"to": [10.79547, 8.42932, 5.47293],
			"rotation": {"angle": -22.5, "axis": "x", "origin": [8.17047, 8.17932, 8.09793]},
			"faces": {
				"north": {"uv": [5.5, 10, 6, 10.25], "texture": "#0"},
				"east": {"uv": [0, 9.5, 0.75, 9.75], "texture": "#0"},
				"south": {"uv": [6, 10, 6.5, 10.25], "texture": "#0"},
				"west": {"uv": [1, 9.5, 1.75, 9.75], "texture": "#0"},
				"up": {"uv": [6, 8.25, 5.5, 7.5], "texture": "#0"},
				"down": {"uv": [6.5, 7.5, 6, 8.25], "texture": "#0"}
			}
		},
		{
			"from": [9.29547, 7.92932, 3.22293],
			"to": [10.04547, 8.42932, 6.22293],
			"rotation": {"angle": -22.5, "axis": "x", "origin": [8.17047, 8.17932, 8.09793]},
			"faces": {
				"north": {"uv": [10, 6, 10.5, 6.25], "texture": "#0"},
				"east": {"uv": [6.5, 7.5, 8, 7.75], "texture": "#0"},
				"south": {"uv": [6.5, 10, 7, 10.25], "texture": "#0"},
				"west": {"uv": [2, 8, 3.5, 8.25], "texture": "#0"},
				"up": {"uv": [2, 4.5, 1.5, 3], "texture": "#0"},
				"down": {"uv": [2.5, 3, 2, 4.5], "texture": "#0"}
			}
		},
		{
			"from": [8.54547, 7.92932, 3.22293],
			"to": [9.29547, 8.42932, 6.97293],
			"rotation": {"angle": -22.5, "axis": "x", "origin": [8.17047, 8.17932, 8.09793]},
			"faces": {
				"north": {"uv": [10.5, 6, 10.75, 6.25], "texture": "#0"},
				"east": {"uv": [5.5, 2.5, 7.5, 2.75], "texture": "#0"},
				"south": {"uv": [6.5, 10.5, 6.75, 10.75], "texture": "#0"},
				"west": {"uv": [5.5, 3, 7.5, 3.25], "texture": "#0"},
				"up": {"uv": [0.25, 7.5, 0, 5.5], "texture": "#0"},
				"down": {"uv": [0.75, 5.5, 0.5, 7.5], "texture": "#0"}
			}
		},
		{
			"from": [7.04547, 7.92932, 3.22293],
			"to": [7.79547, 8.42932, 6.97293],
			"rotation": {"angle": -22.5, "axis": "x", "origin": [8.17047, 8.17932, 8.09793]},
			"faces": {
				"north": {"uv": [7, 10, 7.5, 10.25], "texture": "#0"},
				"east": {"uv": [5.5, 3.5, 7.5, 3.75], "texture": "#0"},
				"south": {"uv": [7.5, 10, 8, 10.25], "texture": "#0"},
				"west": {"uv": [4, 5.5, 6, 5.75], "texture": "#0"},
				"up": {"uv": [0.5, 4, 0, 2], "texture": "#0"},
				"down": {"uv": [2.5, 0, 2, 2], "texture": "#0"}
			}
		},
		{
			"from": [6.29547, 7.92932, 3.22293],
			"to": [7.04547, 8.42932, 6.22293],
			"rotation": {"angle": -22.5, "axis": "x", "origin": [8.17047, 8.17932, 8.09793]},
			"faces": {
				"north": {"uv": [8, 10, 8.5, 10.25], "texture": "#0"},
				"east": {"uv": [3.5, 8, 5, 8.25], "texture": "#0"},
				"south": {"uv": [10, 8, 10.5, 8.25], "texture": "#0"},
				"west": {"uv": [8, 5.5, 9.5, 5.75], "texture": "#0"},
				"up": {"uv": [3, 4.5, 2.5, 3], "texture": "#0"},
				"down": {"uv": [3.5, 2.5, 3, 4], "texture": "#0"}
			}
		},
		{
			"from": [5.54547, 7.92932, 3.97293],
			"to": [6.29547, 8.42932, 5.47293],
			"rotation": {"angle": -22.5, "axis": "x", "origin": [8.17047, 8.17932, 8.09793]},
			"faces": {
				"north": {"uv": [8.5, 10, 9, 10.25], "texture": "#0"},
				"east": {"uv": [9.5, 1, 10.25, 1.25], "texture": "#0"},
				"south": {"uv": [10, 8.5, 10.5, 8.75], "texture": "#0"},
				"west": {"uv": [9.5, 1.5, 10.25, 1.75], "texture": "#0"},
				"up": {"uv": [0.5, 8.75, 0, 8], "texture": "#0"},
				"down": {"uv": [1, 8, 0.5, 8.75], "texture": "#0"}
			}
		},
		{
			"from": [5.54547, 7.92932, 10.47293],
			"to": [6.29547, 8.42932, 11.97293],
			"rotation": {"angle": 0, "axis": "y", "origin": [8.17047, 8.17932, 7.84793]},
			"faces": {
				"north": {"uv": [9, 10, 9.5, 10.25], "texture": "#0"},
				"east": {"uv": [9.5, 2, 10.25, 2.25], "texture": "#0"},
				"south": {"uv": [10, 9, 10.5, 9.25], "texture": "#0"},
				"west": {"uv": [9.5, 2.5, 10.25, 2.75], "texture": "#0"},
				"up": {"uv": [5.5, 8.75, 5, 8], "texture": "#0"},
				"down": {"uv": [7, 8, 6.5, 8.75], "texture": "#0"}
			}
		},
		{
			"from": [6.29547, 7.92932, 9.72293],
			"to": [7.04547, 8.42932, 12.72293],
			"rotation": {"angle": 0, "axis": "y", "origin": [8.17047, 8.17932, 7.84793]},
			"faces": {
				"north": {"uv": [9.5, 10, 10, 10.25], "texture": "#0"},
				"east": {"uv": [8, 6.5, 9.5, 6.75], "texture": "#0"},
				"south": {"uv": [10, 9.5, 10.5, 9.75], "texture": "#0"},
				"west": {"uv": [7, 8, 8.5, 8.25], "texture": "#0"},
				"up": {"uv": [4, 3.5, 3.5, 2], "texture": "#0"},
				"down": {"uv": [4, 3.5, 3.5, 5], "texture": "#0"}
			}
		},
		{
			"from": [7.04547, 7.92932, 8.97293],
			"to": [7.79547, 8.42932, 12.72293],
			"rotation": {"angle": 0, "axis": "y", "origin": [8.17047, 8.17932, 7.84793]},
			"faces": {
				"north": {"uv": [10, 10, 10.5, 10.25], "texture": "#0"},
				"east": {"uv": [5.5, 4, 7.5, 4.25], "texture": "#0"},
				"south": {"uv": [0, 10.5, 0.5, 10.75], "texture": "#0"},
				"west": {"uv": [1, 6, 3, 6.25], "texture": "#0"},
				"up": {"uv": [1, 4, 0.5, 2], "texture": "#0"},
				"down": {"uv": [1.5, 2, 1, 4], "texture": "#0"}
			}
		},
		{
			"from": [8.54547, 7.92932, 8.97293],
			"to": [9.29547, 8.42932, 12.72293],
			"rotation": {"angle": 0, "axis": "y", "origin": [8.17047, 8.17932, 7.84793]},
			"faces": {
				"north": {"uv": [10.5, 6.5, 10.75, 6.75], "texture": "#0"},
				"east": {"uv": [3, 6, 5, 6.25], "texture": "#0"},
				"south": {"uv": [7, 10.5, 7.25, 10.75], "texture": "#0"},
				"west": {"uv": [5, 6, 7, 6.25], "texture": "#0"},
				"up": {"uv": [1.25, 8.5, 1, 6.5], "texture": "#0"},
				"down": {"uv": [1.75, 6.5, 1.5, 8.5], "texture": "#0"}
			}
		},
		{
			"from": [9.29547, 7.92932, 9.72293],
			"to": [10.04547, 8.42932, 12.72293],
			"rotation": {"angle": 0, "axis": "y", "origin": [8.17047, 8.17932, 7.84793]},
			"faces": {
				"north": {"uv": [0.5, 10.5, 1, 10.75], "texture": "#0"},
				"east": {"uv": [8, 7, 9.5, 7.25], "texture": "#0"},
				"south": {"uv": [1, 10.5, 1.5, 10.75], "texture": "#0"},
				"west": {"uv": [8, 7.5, 9.5, 7.75], "texture": "#0"},
				"up": {"uv": [0.5, 5.5, 0, 4], "texture": "#0"},
				"down": {"uv": [1, 4, 0.5, 5.5], "texture": "#0"}
			}
		},
		{
			"from": [10.04547, 7.92932, 10.47293],
			"to": [10.79547, 8.42932, 11.97293],
			"rotation": {"angle": 0, "axis": "y", "origin": [8.17047, 8.17932, 7.84793]},
			"faces": {
				"north": {"uv": [10.5, 1, 11, 1.25], "texture": "#0"},
				"east": {"uv": [9.5, 3, 10.25, 3.25], "texture": "#0"},
				"south": {"uv": [1.5, 10.5, 2, 10.75], "texture": "#0"},
				"west": {"uv": [9.5, 4.5, 10.25, 4.75], "texture": "#0"},
				"up": {"uv": [1.5, 9.25, 1, 8.5], "texture": "#0"},
				"down": {"uv": [2, 8.5, 1.5, 9.25], "texture": "#0"}
			}
		},
		{
			"from": [3.54547, 7.67932, 9.72293],
			"to": [6.54547, 8.17932, 10.47293],
			"rotation": {"angle": 22.5, "axis": "y", "origin": [5.60797, 7.92932, 8.59793]},
			"faces": {
				"north": {"uv": [2, 8.5, 3.5, 8.75], "texture": "#0"},
				"east": {"uv": [10.5, 1.5, 11, 1.75], "texture": "#0"},
				"south": {"uv": [3.5, 8.5, 5, 8.75], "texture": "#0"},
				"west": {"uv": [2, 10.5, 2.5, 10.75], "texture": "#0"},
				"up": {"uv": [5.5, 2, 4, 1.5], "texture": "#0"},
				"down": {"uv": [5.5, 2, 4, 2.5], "texture": "#0"}
			}
		},
		{
			"from": [3.54547, 7.67932, 8.97293],
			"to": [7.29547, 8.17932, 9.72293],
			"rotation": {"angle": 22.5, "axis": "y", "origin": [5.60797, 7.92932, 8.59793]},
			"faces": {
				"north": {"uv": [2, 7.5, 3.75, 7.75], "texture": "#0"},
				"east": {"uv": [10.5, 7, 10.75, 7.25], "texture": "#0"},
				"south": {"uv": [7.5, 2, 9.25, 2.25], "texture": "#0"},
				"west": {"uv": [7.5, 10.5, 7.75, 10.75], "texture": "#0"},
				"up": {"uv": [9.25, 2.75, 7.5, 2.5], "texture": "#0"},
				"down": {"uv": [9.25, 3, 7.5, 3.25], "texture": "#0"}
			}
		},
		{
			"from": [10.04547, 7.42932, 5.97293],
			"to": [13.04547, 7.92932, 6.72293],
			"rotation": {"angle": 0, "axis": "z", "origin": [8.17047, 7.67932, 7.84793]},
			"faces": {
				"north": {"uv": [8.5, 4, 10, 4.25], "texture": "#0"},
				"east": {"uv": [10.5, 2, 11, 2.25], "texture": "#0"},
				"south": {"uv": [7, 8.5, 8.5, 8.75], "texture": "#0"},
				"west": {"uv": [2.5, 10.5, 3, 10.75], "texture": "#0"},
				"up": {"uv": [5.5, 3, 4, 2.5], "texture": "#0"},
				"down": {"uv": [5.5, 3, 4, 3.5], "texture": "#0"}
			}
		},
		{
			"from": [10.04547, 7.42932, 8.97293],
			"to": [13.04547, 7.92932, 9.72293],
			"rotation": {"angle": 0, "axis": "z", "origin": [8.17047, 7.67932, 7.84793]},
			"faces": {
				"north": {"uv": [8.5, 8, 10, 8.25], "texture": "#0"},
				"east": {"uv": [10.5, 2.5, 11, 2.75], "texture": "#0"},
				"south": {"uv": [8.5, 8.5, 10, 8.75], "texture": "#0"},
				"west": {"uv": [3, 10.5, 3.5, 10.75], "texture": "#0"},
				"up": {"uv": [5.5, 4, 4, 3.5], "texture": "#0"},
				"down": {"uv": [5.5, 4, 4, 4.5], "texture": "#0"}
			}
		},
		{
			"from": [10.79547, 7.42932, 5.22293],
			"to": [12.29547, 7.92932, 5.97293],
			"rotation": {"angle": 0, "axis": "z", "origin": [8.17047, 7.67932, 7.84793]},
			"faces": {
				"north": {"uv": [9.5, 5, 10.25, 5.25], "texture": "#0"},
				"east": {"uv": [10.5, 3, 11, 3.25], "texture": "#0"},
				"south": {"uv": [9.5, 5.5, 10.25, 5.75], "texture": "#0"},
				"west": {"uv": [3.5, 10.5, 4, 10.75], "texture": "#0"},
				"up": {"uv": [6.25, 9, 5.5, 8.5], "texture": "#0"},
				"down": {"uv": [0.75, 9, 0, 9.5], "texture": "#0"}
			}
		},
		{
			"from": [10.79547, 7.42932, 9.72293],
			"to": [12.29547, 7.92932, 10.47293],
			"rotation": {"angle": 0, "axis": "z", "origin": [8.17047, 7.67932, 7.84793]},
			"faces": {
				"north": {"uv": [6, 9.5, 6.75, 9.75], "texture": "#0"},
				"east": {"uv": [10.5, 3.5, 11, 3.75], "texture": "#0"},
				"south": {"uv": [9.5, 6.5, 10.25, 6.75], "texture": "#0"},
				"west": {"uv": [4, 10.5, 4.5, 10.75], "texture": "#0"},
				"up": {"uv": [9.75, 0.5, 9, 0], "texture": "#0"},
				"down": {"uv": [9.75, 0.5, 9, 1], "texture": "#0"}
			}
		},
		{
			"from": [8.60943, -0.05407, 8.41013],
			"to": [9.00943, 2.04593, 8.81013],
			"rotation": {"angle": 0, "axis": "y", "origin": [8.80943, 0.99593, 8.61013]},
			"faces": {
				"north": {"uv": [4.5, 9, 4.75, 10], "texture": "#0"},
				"east": {"uv": [9, 4.5, 9.25, 5.5], "texture": "#0"},
				"south": {"uv": [5, 9, 5.25, 10], "texture": "#0"},
				"west": {"uv": [5.5, 9, 5.75, 10], "texture": "#0"},
				"up": {"uv": [10.75, 8.75, 10.5, 8.5], "texture": "#0"},
				"down": {"uv": [9.25, 10.5, 9, 10.75], "texture": "#0"}
			}
		},
		{
			"from": [7.6, 5.4, 7.4],
			"to": [8.6, 7.9, 8.4],
			"rotation": {"angle": 0, "axis": "y", "origin": [6.6, 5.9, 6.4]},
			"faces": {
				"north": {"uv": [1, 4, 1.5, 5.25], "texture": "#0"},
				"east": {"uv": [3, 4, 3.5, 5.25], "texture": "#0"},
				"south": {"uv": [4.5, 0, 5, 1.25], "texture": "#0"},
				"west": {"uv": [1.5, 4.5, 2, 5.75], "texture": "#0"},
				"up": {"uv": [4, 5.5, 3.5, 5], "texture": "#0"},
				"down": {"uv": [1.5, 5.5, 1, 6], "texture": "#0"}
			}
		},
		{
			"from": [7.4, 7.9, 7.3],
			"to": [8.9, 8.4, 8.6],
			"rotation": {"angle": 0, "axis": "y", "origin": [6.6, 5.9, 6.4]},
			"faces": {
				"north": {"uv": [9, 9.5, 9.75, 9.75], "texture": "#0"},
				"east": {"uv": [0, 10, 0.75, 10.25], "texture": "#0"},
				"south": {"uv": [10, 0, 10.75, 0.25], "texture": "#0"},
				"west": {"uv": [10, 0.5, 10.75, 0.75], "texture": "#0"},
				"up": {"uv": [2.75, 5.25, 2, 4.5], "texture": "#0"},
				"down": {"uv": [4.75, 4.5, 4, 5.25], "texture": "#0"}
			}
		},
		{
			"from": [7.7, 3.12284, 8.60937],
			"to": [8.5, 5.22284, 9.40937],
			"rotation": {"angle": -22.5, "axis": "x", "origin": [6.6, 2.52284, 7.50937]},
			"faces": {
				"north": {"uv": [2, 6.5, 2.5, 7.5], "texture": "#0"},
				"east": {"uv": [2.5, 6.5, 3, 7.5], "texture": "#0"},
				"south": {"uv": [3, 6.5, 3.5, 7.5], "texture": "#0"},
				"west": {"uv": [3.5, 6.5, 4, 7.5], "texture": "#0"},
				"up": {"uv": [9.5, 1.5, 9, 1], "texture": "#0"},
				"down": {"uv": [2.5, 9, 2, 9.5], "texture": "#0"}
			}
		},
		{
			"from": [8.2, 2.00427, 8.31013],
			"to": [8.6, 4.10427, 8.91013],
			"rotation": {"angle": 22.5, "axis": "z", "origin": [8.7, 3.05427, 8.61013]},
			"faces": {
				"north": {"uv": [2.5, 9, 2.75, 10], "texture": "#0"},
				"east": {"uv": [3, 9, 3.25, 10], "texture": "#0"},
				"south": {"uv": [3.5, 9, 3.75, 10], "texture": "#0"},
				"west": {"uv": [4, 9, 4.25, 10], "texture": "#0"},
				"up": {"uv": [10.75, 7.75, 10.5, 7.5], "texture": "#0"},
				"down": {"uv": [8.25, 10.5, 8, 10.75], "texture": "#0"}
			}
		},
		{
			"from": [11.43457, 0.21435, 10.30172],
			"to": [11.78457, 0.49435, 11.00172],
			"rotation": {"angle": -45, "axis": "y", "origin": [10.025, 0.35763, 10.65172]},
			"faces": {
				"north": {"uv": [4, 8, 4.5, 8.5], "rotation": 180, "texture": "#1"},
				"east": {"uv": [4.5, 5.5, 5.5, 6], "rotation": 180, "texture": "#1"},
				"south": {"uv": [0.5, 6.75, 1, 7.25], "rotation": 180, "texture": "#1"},
				"west": {"uv": [5.5, 5.5, 6.5, 6], "rotation": 180, "texture": "#1"},
				"up": {"uv": [1, 5.75, 0.5, 6.75], "texture": "#1"},
				"down": {"uv": [0.5, 6.75, 0, 5.75], "texture": "#1"}
			}
		},
		{
			"from": [9.675, 0.21435, 12.06129],
			"to": [10.375, 0.49435, 12.41129],
			"rotation": {"angle": 22.5, "axis": "y", "origin": [10.025, 0.35763, 10.65172]},
			"faces": {
				"north": {"uv": [2, 5.75, 3, 6.25], "rotation": 180, "texture": "#1"},
				"east": {"uv": [8.5, 3.75, 9, 4.25], "rotation": 180, "texture": "#1"},
				"south": {"uv": [1, 5.75, 2, 6.25], "rotation": 180, "texture": "#1"},
				"west": {"uv": [8.5, 1.5, 9, 2], "rotation": 180, "texture": "#1"},
				"up": {"uv": [4, 5.75, 3.5, 6.75], "rotation": 90, "texture": "#1"},
				"down": {"uv": [3.5, 6.75, 3, 5.75], "rotation": 270, "texture": "#1"}
			}
		},
		{
			"from": [9.675, 0.21435, 12.06129],
			"to": [10.375, 0.49435, 12.41129],
			"rotation": {"angle": 0, "axis": "y", "origin": [10.025, 0.35763, 10.65172]},
			"faces": {
				"north": {"uv": [5, 6, 6, 6.5], "rotation": 180, "texture": "#1"},
				"east": {"uv": [8.5, 4.25, 9, 4.75], "rotation": 180, "texture": "#1"},
				"south": {"uv": [4, 6, 5, 6.5], "rotation": 180, "texture": "#1"},
				"west": {"uv": [4, 8.5, 4.5, 9], "rotation": 180, "texture": "#1"},
				"up": {"uv": [1.5, 6.25, 1, 7.25], "rotation": 90, "texture": "#1"},
				"down": {"uv": [6.5, 7, 6, 6], "rotation": 270, "texture": "#1"}
			}
		},
		{
			"from": [9.675, 0.21435, 12.06129],
			"to": [10.375, 0.49435, 12.41129],
			"rotation": {"angle": -22.5, "axis": "y", "origin": [10.025, 0.35763, 10.65172]},
			"faces": {
				"north": {"uv": [4, 6.5, 5, 7], "rotation": 180, "texture": "#1"},
				"east": {"uv": [5, 8.5, 5.5, 9], "rotation": 180, "texture": "#1"},
				"south": {"uv": [1.5, 6.25, 2.5, 6.75], "rotation": 180, "texture": "#1"},
				"west": {"uv": [4.5, 8.5, 5, 9], "rotation": 180, "texture": "#1"},
				"up": {"uv": [7, 4.75, 6.5, 5.75], "rotation": 90, "texture": "#1"},
				"down": {"uv": [3, 7.25, 2.5, 6.25], "rotation": 270, "texture": "#1"}
			}
		},
		{
			"from": [9.675, 0.21435, 12.06129],
			"to": [10.375, 0.49435, 12.41129],
			"rotation": {"angle": -45, "axis": "y", "origin": [10.025, 0.35763, 10.65172]},
			"faces": {
				"north": {"uv": [6.5, 5.75, 7.5, 6.25], "rotation": 180, "texture": "#1"},
				"east": {"uv": [5.5, 8.5, 6, 9], "rotation": 180, "texture": "#1"},
				"south": {"uv": [5, 6.5, 6, 7], "rotation": 180, "texture": "#1"},
				"west": {"uv": [8.5, 5.25, 9, 5.75], "rotation": 180, "texture": "#1"},
				"up": {"uv": [0.5, 6.75, 0, 7.75], "rotation": 90, "texture": "#1"},
				"down": {"uv": [7, 7.25, 6.5, 6.25], "rotation": 270, "texture": "#1"}
			}
		},
		{
			"from": [9.815, 0.17935, 12.14879],
			"to": [10.235, 0.21435, 12.32379],
			"rotation": {"angle": -45, "axis": "y", "origin": [10.025, 0.35763, 10.65172]},
			"faces": {
				"north": {"uv": [6, 5.25, 6.5, 5.5], "rotation": 180, "texture": "#1"},
				"east": {"uv": [9.75, 7, 10, 7.25], "rotation": 180, "texture": "#1"},
				"south": {"uv": [4, 5.75, 4.5, 6], "rotation": 180, "texture": "#1"},
				"west": {"uv": [7, 9.75, 7.25, 10], "rotation": 180, "texture": "#1"},
				"up": {"uv": [9.75, 2, 9.5, 2.5], "rotation": 90, "texture": "#1"},
				"down": {"uv": [9.75, 2, 9.5, 1.5], "rotation": 270, "texture": "#1"}
			}
		},
		{
			"from": [8.35293, 0.17935, 10.44172],
			"to": [8.52793, 0.21435, 10.86172],
			"rotation": {"angle": -45, "axis": "y", "origin": [10.025, 0.35763, 10.65172]},
			"faces": {
				"north": {"uv": [8.25, 9.75, 8.5, 10], "rotation": 180, "texture": "#1"},
				"east": {"uv": [7, 5.5, 7.5, 5.75], "rotation": 180, "texture": "#1"},
				"south": {"uv": [7.25, 9.75, 7.5, 10], "rotation": 180, "texture": "#1"},
				"west": {"uv": [6, 7, 6.5, 7.25], "rotation": 180, "texture": "#1"},
				"up": {"uv": [2.75, 9.5, 2.5, 10], "texture": "#1"},
				"down": {"uv": [2.5, 10, 2.25, 9.5], "texture": "#1"}
			}
		},
		{
			"from": [8.26543, 0.21435, 10.30172],
			"to": [8.61543, 0.49435, 11.00172],
			"rotation": {"angle": 22.5, "axis": "y", "origin": [10.025, 0.35763, 10.65172]},
			"faces": {
				"north": {"uv": [8.5, 8, 9, 8.5], "rotation": 180, "texture": "#1"},
				"east": {"uv": [3, 6.75, 4, 7.25], "rotation": 180, "texture": "#1"},
				"south": {"uv": [8.5, 7.5, 9, 8], "rotation": 180, "texture": "#1"},
				"west": {"uv": [1.5, 6.75, 2.5, 7.25], "rotation": 180, "texture": "#1"},
				"up": {"uv": [8, 4.5, 7, 5], "rotation": 90, "texture": "#1"},
				"down": {"uv": [5, 7.5, 4, 7], "rotation": 270, "texture": "#1"}
			}
		},
		{
			"from": [8.26543, 0.21435, 10.30172],
			"to": [8.61543, 0.49435, 11.00172],
			"rotation": {"angle": 0, "axis": "y", "origin": [10.025, 0.35763, 10.65172]},
			"faces": {
				"north": {"uv": [0, 8.75, 0.5, 9.25], "rotation": 180, "texture": "#1"},
				"east": {"uv": [7, 5, 8, 5.5], "rotation": 180, "texture": "#1"},
				"south": {"uv": [8.5, 8.5, 9, 9], "rotation": 180, "texture": "#1"},
				"west": {"uv": [5, 7, 6, 7.5], "rotation": 180, "texture": "#1"},
				"up": {"uv": [8, 6.75, 7, 7.25], "rotation": 90, "texture": "#1"},
				"down": {"uv": [8, 6.75, 7, 6.25], "rotation": 270, "texture": "#1"}
			}
		},
		{
			"from": [9.815, 0.17935, 8.97965],
			"to": [10.235, 0.21435, 9.15465],
			"rotation": {"angle": -45, "axis": "y", "origin": [10.025, 0.35763, 10.65172]},
			"faces": {
				"north": {"uv": [7.5, 6, 8, 6.25], "rotation": 180, "texture": "#1"},
				"east": {"uv": [8.75, 9.75, 9, 10], "rotation": 180, "texture": "#1"},
				"south": {"uv": [3.5, 7.25, 4, 7.5], "rotation": 180, "texture": "#1"},
				"west": {"uv": [8.5, 9.75, 8.75, 10], "rotation": 180, "texture": "#1"},
				"up": {"uv": [3, 9.5, 2.75, 10], "rotation": 90, "texture": "#1"},
				"down": {"uv": [9.75, 3, 9.5, 2.5], "rotation": 270, "texture": "#1"}
			}
		},
		{
			"from": [11.52207, 0.17935, 10.44172],
			"to": [11.69707, 0.21435, 10.86172],
			"rotation": {"angle": -45, "axis": "y", "origin": [10.025, 0.35763, 10.65172]},
			"faces": {
				"north": {"uv": [9.25, 9.75, 9.5, 10], "rotation": 180, "texture": "#1"},
				"east": {"uv": [8, 5.25, 8.5, 5.5], "rotation": 180, "texture": "#1"},
				"south": {"uv": [9, 9.75, 9.25, 10], "rotation": 180, "texture": "#1"},
				"west": {"uv": [8, 7.5, 8.5, 7.75], "rotation": 180, "texture": "#1"},
				"up": {"uv": [9.75, 3, 9.5, 3.5], "texture": "#1"},
				"down": {"uv": [3.25, 10, 3, 9.5], "texture": "#1"}
			}
		},
		{
			"from": [9.815, 0.49435, 12.14879],
			"to": [10.235, 0.52935, 12.32379],
			"rotation": {"angle": -45, "axis": "y", "origin": [10.025, 0.35763, 10.65172]},
			"faces": {
				"north": {"uv": [9.75, 3.25, 10.25, 3.5], "rotation": 180, "texture": "#1"},
				"east": {"uv": [11, 1.5, 11.25, 1.75], "rotation": 180, "texture": "#1"},
				"south": {"uv": [3.25, 9.75, 3.75, 10], "rotation": 180, "texture": "#1"},
				"west": {"uv": [1.5, 11, 1.75, 11.25], "rotation": 180, "texture": "#1"},
				"up": {"uv": [4.25, 9.75, 4, 10.25], "rotation": 90, "texture": "#1"},
				"down": {"uv": [10, 4.25, 9.75, 3.75], "rotation": 270, "texture": "#1"}
			}
		},
		{
			"from": [8.35293, 0.49435, 10.44172],
			"to": [8.52793, 0.52935, 10.86172],
			"rotation": {"angle": -45, "axis": "y", "origin": [10.025, 0.35763, 10.65172]},
			"faces": {
				"north": {"uv": [11, 1.25, 11.25, 1.5], "rotation": 180, "texture": "#1"},
				"east": {"uv": [1.75, 9.75, 2.25, 10], "rotation": 180, "texture": "#1"},
				"south": {"uv": [1.25, 11, 1.5, 11.25], "rotation": 180, "texture": "#1"},
				"west": {"uv": [9.75, 2, 10.25, 2.25], "rotation": 180, "texture": "#1"},
				"up": {"uv": [10, 2.75, 9.75, 3.25], "texture": "#1"},
				"down": {"uv": [10, 2.75, 9.75, 2.25], "texture": "#1"}
			}
		},
		{
			"from": [9.815, 0.49435, 8.97965],
			"to": [10.235, 0.52935, 9.15465],
			"rotation": {"angle": -45, "axis": "y", "origin": [10.025, 0.35763, 10.65172]},
			"faces": {
				"north": {"uv": [9.75, 0.75, 10.25, 1], "rotation": 180, "texture": "#1"},
				"east": {"uv": [11, 1, 11.25, 1.25], "rotation": 180, "texture": "#1"},
				"south": {"uv": [0.5, 9.75, 1, 10], "rotation": 180, "texture": "#1"},
				"west": {"uv": [1, 11, 1.25, 11.25], "rotation": 180, "texture": "#1"},
				"up": {"uv": [10, 1.5, 9.75, 2], "rotation": 90, "texture": "#1"},
				"down": {"uv": [1.75, 10.25, 1.5, 9.75], "rotation": 270, "texture": "#1"}
			}
		},
		{
			"from": [11.52207, 0.49435, 10.44172],
			"to": [11.69707, 0.52935, 10.86172],
			"rotation": {"angle": -45, "axis": "y", "origin": [10.025, 0.35763, 10.65172]},
			"faces": {
				"north": {"uv": [11, 0.75, 11.25, 1], "rotation": 180, "texture": "#1"},
				"east": {"uv": [9.25, 9.5, 9.75, 9.75], "rotation": 180, "texture": "#1"},
				"south": {"uv": [0.75, 11, 1, 11.25], "rotation": 180, "texture": "#1"},
				"west": {"uv": [9.75, 0, 10.25, 0.25], "rotation": 180, "texture": "#1"},
				"up": {"uv": [10, 0.25, 9.75, 0.75], "texture": "#1"},
				"down": {"uv": [0.5, 10.25, 0.25, 9.75], "texture": "#1"}
			}
		},
		{
			"from": [8.26543, 0.21435, 10.30172],
			"to": [8.61543, 0.49435, 11.00172],
			"rotation": {"angle": -22.5, "axis": "y", "origin": [10.025, 0.35763, 10.65172]},
			"faces": {
				"north": {"uv": [1, 8.75, 1.5, 9.25], "rotation": 180, "texture": "#1"},
				"east": {"uv": [1.5, 7.25, 2.5, 7.75], "rotation": 180, "texture": "#1"},
				"south": {"uv": [0.5, 8.75, 1, 9.25], "rotation": 180, "texture": "#1"},
				"west": {"uv": [0.5, 7.25, 1.5, 7.75], "rotation": 180, "texture": "#1"},
				"up": {"uv": [7, 7.25, 6, 7.75], "rotation": 90, "texture": "#1"},
				"down": {"uv": [3.5, 7.75, 2.5, 7.25], "rotation": 270, "texture": "#1"}
			}
		},
		{
			"from": [8.26543, 0.21435, 10.30172],
			"to": [8.61543, 0.49435, 11.00172],
			"rotation": {"angle": -45, "axis": "y", "origin": [10.025, 0.35763, 10.65172]},
			"faces": {
				"north": {"uv": [2, 8.75, 2.5, 9.25], "rotation": 180, "texture": "#1"},
				"east": {"uv": [7, 7.25, 8, 7.75], "rotation": 180, "texture": "#1"},
				"south": {"uv": [1.5, 8.75, 2, 9.25], "rotation": 180, "texture": "#1"},
				"west": {"uv": [3.5, 7.5, 4.5, 8], "rotation": 180, "texture": "#1"},
				"up": {"uv": [5, 7.5, 4.5, 8.5], "texture": "#1"},
				"down": {"uv": [8, 4.5, 7.5, 3.5], "texture": "#1"}
			}
		},
		{
			"from": [9.675, 0.21435, 8.89215],
			"to": [10.375, 0.49435, 9.24215],
			"rotation": {"angle": 22.5, "axis": "y", "origin": [10.025, 0.35763, 10.65172]},
			"faces": {
				"north": {"uv": [7.5, 5.5, 8.5, 6], "rotation": 180, "texture": "#1"},
				"east": {"uv": [3, 8.75, 3.5, 9.25], "rotation": 180, "texture": "#1"},
				"south": {"uv": [5, 7.5, 6, 8], "rotation": 180, "texture": "#1"},
				"west": {"uv": [2.5, 8.75, 3, 9.25], "rotation": 180, "texture": "#1"},
				"up": {"uv": [1, 7.75, 0.5, 8.75], "rotation": 90, "texture": "#1"},
				"down": {"uv": [0.5, 8.75, 0, 7.75], "rotation": 270, "texture": "#1"}
			}
		},
		{
			"from": [9.675, 0.21435, 8.89215],
			"to": [10.375, 0.49435, 9.24215],
			"rotation": {"angle": 0, "axis": "y", "origin": [10.025, 0.35763, 10.65172]},
			"faces": {
				"north": {"uv": [2, 7.75, 3, 8.25], "rotation": 180, "texture": "#1"},
				"east": {"uv": [6.5, 8.75, 7, 9.25], "rotation": 180, "texture": "#1"},
				"south": {"uv": [1, 7.75, 2, 8.25], "rotation": 180, "texture": "#1"},
				"west": {"uv": [6, 8.75, 6.5, 9.25], "rotation": 180, "texture": "#1"},
				"up": {"uv": [6.5, 7.75, 6, 8.75], "rotation": 90, "texture": "#1"},
				"down": {"uv": [3.5, 8.75, 3, 7.75], "rotation": 270, "texture": "#1"}
			}
		},
		{
			"from": [9.675, 0.21435, 8.89215],
			"to": [10.375, 0.49435, 9.24215],
			"rotation": {"angle": -22.5, "axis": "y", "origin": [10.025, 0.35763, 10.65172]},
			"faces": {
				"north": {"uv": [7.5, 7.75, 8.5, 8.25], "rotation": 180, "texture": "#1"},
				"east": {"uv": [7.5, 8.75, 8, 9.25], "rotation": 180, "texture": "#1"},
				"south": {"uv": [6.5, 7.75, 7.5, 8.25], "rotation": 180, "texture": "#1"},
				"west": {"uv": [7, 8.75, 7.5, 9.25], "rotation": 180, "texture": "#1"},
				"up": {"uv": [8.5, 1, 8, 2], "rotation": 90, "texture": "#1"},
				"down": {"uv": [8.5, 1, 8, 0], "rotation": 270, "texture": "#1"}
			}
		},
		{
			"from": [9.675, 0.21435, 8.89215],
			"to": [10.375, 0.49435, 9.24215],
			"rotation": {"angle": -45, "axis": "y", "origin": [10.025, 0.35763, 10.65172]},
			"faces": {
				"north": {"uv": [8, 3.25, 9, 3.75], "rotation": 180, "texture": "#1"},
				"east": {"uv": [9, 1.5, 9.5, 2], "rotation": 180, "texture": "#1"},
				"south": {"uv": [8, 2.75, 9, 3.25], "rotation": 180, "texture": "#1"},
				"west": {"uv": [8, 8.75, 8.5, 9.25], "rotation": 180, "texture": "#1"},
				"up": {"uv": [8.5, 3.75, 8, 4.75], "rotation": 90, "texture": "#1"},
				"down": {"uv": [4, 9, 3.5, 8], "rotation": 270, "texture": "#1"}
			}
		},
		{
			"from": [11.43457, 0.21435, 10.30172],
			"to": [11.78457, 0.49435, 11.00172],
			"rotation": {"angle": 22.5, "axis": "y", "origin": [10.025, 0.35763, 10.65172]},
			"faces": {
				"north": {"uv": [9, 2.5, 9.5, 3], "rotation": 180, "texture": "#1"},
				"east": {"uv": [5, 8, 6, 8.5], "rotation": 180, "texture": "#1"},
				"south": {"uv": [9, 2, 9.5, 2.5], "rotation": 180, "texture": "#1"},
				"west": {"uv": [8, 4.75, 9, 5.25], "rotation": 180, "texture": "#1"},
				"up": {"uv": [9, 6.5, 8, 7], "rotation": 90, "texture": "#1"},
				"down": {"uv": [9, 6.5, 8, 6], "rotation": 270, "texture": "#1"}
			}
		},
		{
			"from": [11.43457, 0.21435, 10.30172],
			"to": [11.78457, 0.49435, 11.00172],
			"rotation": {"angle": 0, "axis": "y", "origin": [10.025, 0.35763, 10.65172]},
			"faces": {
				"north": {"uv": [3.5, 9, 4, 9.5], "rotation": 180, "texture": "#1"},
				"east": {"uv": [1, 8.25, 2, 8.75], "rotation": 180, "texture": "#1"},
				"south": {"uv": [9, 3, 9.5, 3.5], "rotation": 180, "texture": "#1"},
				"west": {"uv": [8, 7, 9, 7.5], "rotation": 180, "texture": "#1"},
				"up": {"uv": [7.5, 8.25, 6.5, 8.75], "rotation": 90, "texture": "#1"},
				"down": {"uv": [3, 8.75, 2, 8.25], "rotation": 270, "texture": "#1"}
			}
		},
		{
			"from": [11.43457, 0.21435, 10.30172],
			"to": [11.78457, 0.49435, 11.00172],
			"rotation": {"angle": -22.5, "axis": "y", "origin": [10.025, 0.35763, 10.65172]},
			"faces": {
				"north": {"uv": [4, 9, 4.5, 9.5], "rotation": 180, "texture": "#1"},
				"east": {"uv": [8.5, 0, 9.5, 0.5], "rotation": 180, "texture": "#1"},
				"south": {"uv": [9, 3.5, 9.5, 4], "rotation": 180, "texture": "#1"},
				"west": {"uv": [7.5, 8.25, 8.5, 8.75], "rotation": 180, "texture": "#1"},
				"up": {"uv": [9.5, 1, 8.5, 1.5], "rotation": 90, "texture": "#1"},
				"down": {"uv": [9.5, 1, 8.5, 0.5], "rotation": 270, "texture": "#1"}
			}
		},
		{
			"from": [10.8125, 0.30185, 9.44422],
			"to": [11.3025, 0.44185, 11.85922],
			"rotation": {"angle": 0, "axis": "y", "origin": [10.025, 0.35763, 10.65172]},
			"faces": {
				"north": {"uv": [9.5, 1, 10.25, 1.25], "rotation": 180, "texture": "#1"},
				"east": {"uv": [4.5, 3, 8, 3.25], "rotation": 180, "texture": "#1"},
				"south": {"uv": [0.25, 9.5, 1, 9.75], "rotation": 180, "texture": "#1"},
				"west": {"uv": [4.5, 2.75, 8, 3], "rotation": 180, "texture": "#1"},
				"up": {"uv": [8, 0, 4.5, 0.75], "rotation": 90, "texture": "#1"},
				"down": {"uv": [3.5, 5.25, 0, 4.5], "rotation": 270, "texture": "#1"}
			}
		},
		{
			"from": [11.3025, 0.30185, 9.58422],
			"to": [11.4425, 0.44185, 11.71922],
			"rotation": {"angle": 0, "axis": "y", "origin": [10.025, 0.35763, 10.65172]},
			"faces": {
				"north": {"uv": [9.75, 9.5, 10, 9.75], "rotation": 180, "texture": "#1"},
				"east": {"uv": [4.5, 3.75, 7.5, 4], "rotation": 180, "texture": "#1"},
				"south": {"uv": [9.5, 9.75, 9.75, 10], "rotation": 180, "texture": "#1"},
				"west": {"uv": [4.5, 3.5, 7.5, 3.75], "rotation": 180, "texture": "#1"},
				"up": {"uv": [7.5, 4.25, 4.5, 4.5], "rotation": 90, "texture": "#1"},
				"down": {"uv": [7.5, 4.25, 4.5, 4], "rotation": 270, "texture": "#1"}
			}
		},
		{
			"from": [8.6075, 0.30185, 9.58422],
			"to": [8.7475, 0.44185, 11.71922],
			"rotation": {"angle": 0, "axis": "y", "origin": [10.025, 0.35763, 10.65172]},
			"faces": {
				"north": {"uv": [10, 0.25, 10.25, 0.5], "rotation": 180, "texture": "#1"},
				"east": {"uv": [3.5, 5, 6.5, 5.25], "rotation": 180, "texture": "#1"},
				"south": {"uv": [9.75, 9.75, 10, 10], "rotation": 180, "texture": "#1"},
				"west": {"uv": [3.5, 4.75, 6.5, 5], "rotation": 180, "texture": "#1"},
				"up": {"uv": [6, 5.25, 3, 5.5], "rotation": 90, "texture": "#1"},
				"down": {"uv": [3, 5.5, 0, 5.25], "rotation": 270, "texture": "#1"}
			}
		},
		{
			"from": [8.7475, 0.30185, 9.44422],
			"to": [9.2375, 0.44185, 11.85922],
			"rotation": {"angle": 0, "axis": "y", "origin": [10.025, 0.35763, 10.65172]},
			"faces": {
				"north": {"uv": [1.5, 9.5, 2.25, 9.75], "rotation": 180, "texture": "#1"},
				"east": {"uv": [3.5, 4.5, 7, 4.75], "rotation": 180, "texture": "#1"},
				"south": {"uv": [9.5, 1.25, 10.25, 1.5], "rotation": 180, "texture": "#1"},
				"west": {"uv": [4.5, 3.25, 8, 3.5], "rotation": 180, "texture": "#1"},
				"up": {"uv": [8, 1.5, 4.5, 2.25], "rotation": 90, "texture": "#1"},
				"down": {"uv": [8, 1.5, 4.5, 0.75], "rotation": 270, "texture": "#1"}
			}
		},
		{
			"from": [9.2375, 0.30185, 9.07672],
			"to": [10.8125, 0.44185, 12.22672],
			"rotation": {"angle": 0, "axis": "y", "origin": [10.025, 0.35763, 10.65172]},
			"faces": {
				"north": {"uv": [2.25, 5.5, 4.5, 5.75], "rotation": 180, "texture": "#1"},
				"east": {"uv": [4.5, 2.5, 9, 2.75], "rotation": 180, "texture": "#1"},
				"south": {"uv": [0, 5.5, 2.25, 5.75], "rotation": 180, "texture": "#1"},
				"west": {"uv": [4.5, 2.25, 9, 2.5], "rotation": 180, "texture": "#1"},
				"up": {"uv": [4.5, 2.25, 0, 4.5], "rotation": 90, "texture": "#1"},
				"down": {"uv": [4.5, 2.25, 0, 0], "rotation": 270, "texture": "#1"}
			}
		},
		{
			"from": [10.067, 0.15135, 11.04153],
			"to": [10.823, 0.3036, 11.27778],
			"rotation": {"angle": 0, "axis": "y", "origin": [10.025, 0.35763, 10.65172]},
			"faces": {
				"north": {"uv": [9, 5, 10, 5.25], "rotation": 180, "texture": "#1"},
				"east": {"uv": [3, 10, 3.25, 10.25], "rotation": 180, "texture": "#1"},
				"south": {"uv": [4.75, 9, 5.75, 9.25], "rotation": 180, "texture": "#1"},
				"west": {"uv": [10, 2.75, 10.25, 3], "rotation": 180, "texture": "#1"},
				"up": {"uv": [9.25, 6, 9, 7], "rotation": 90, "texture": "#1"},
				"down": {"uv": [6, 10, 5.75, 9], "rotation": 270, "texture": "#1"}
			}
		},
		{
			"from": [10.067, 0.15135, 11.27778],
			"to": [10.256, 0.3036, 11.37228],
			"rotation": {"angle": 0, "axis": "y", "origin": [10.025, 0.35763, 10.65172]},
			"faces": {
				"north": {"uv": [10, 3.5, 10.25, 3.75], "rotation": 180, "texture": "#1"},
				"east": {"uv": [3.5, 10, 3.75, 10.25], "rotation": 180, "texture": "#1"},
				"south": {"uv": [3.25, 10, 3.5, 10.25], "rotation": 180, "texture": "#1"},
				"west": {"uv": [10, 3, 10.25, 3.25], "rotation": 180, "texture": "#1"},
				"up": {"uv": [10.25, 3.75, 10, 4], "rotation": 90, "texture": "#1"},
				"down": {"uv": [4, 10.25, 3.75, 10], "rotation": 270, "texture": "#1"}
			}
		},
		{
			"from": [10.067, 0.15135, 11.51403],
			"to": [10.39775, 0.3036, 11.60853],
			"rotation": {"angle": 0, "axis": "y", "origin": [10.025, 0.35763, 10.65172]},
			"faces": {
				"north": {"uv": [9.5, 3.5, 10, 3.75], "rotation": 180, "texture": "#1"},
				"east": {"uv": [10, 0.5, 10.25, 0.75], "rotation": 180, "texture": "#1"},
				"south": {"uv": [3.25, 9.5, 3.75, 9.75], "rotation": 180, "texture": "#1"},
				"west": {"uv": [0.5, 10, 0.75, 10.25], "rotation": 180, "texture": "#1"},
				"up": {"uv": [9.75, 3.75, 9.5, 4.25], "rotation": 90, "texture": "#1"},
				"down": {"uv": [4, 10, 3.75, 9.5], "rotation": 270, "texture": "#1"}
			}
		},
		{
			"from": [10.3505, 0.15135, 11.27778],
			"to": [10.5395, 0.3036, 11.37228],
			"rotation": {"angle": 0, "axis": "y", "origin": [10.025, 0.35763, 10.65172]},
			"faces": {
				"north": {"uv": [2.5, 10, 2.75, 10.25], "rotation": 180, "texture": "#1"},
				"east": {"uv": [10, 2.25, 10.25, 2.5], "rotation": 180, "texture": "#1"},
				"south": {"uv": [2.25, 10, 2.5, 10.25], "rotation": 180, "texture": "#1"},
				"west": {"uv": [2, 10, 2.25, 10.25], "rotation": 180, "texture": "#1"},
				"up": {"uv": [3, 10, 2.75, 10.25], "rotation": 90, "texture": "#1"},
				"down": {"uv": [10.25, 2.75, 10, 2.5], "rotation": 270, "texture": "#1"}
			}
		},
		{
			"from": [10.49225, 0.15135, 11.51403],
			"to": [10.823, 0.3036, 11.60853],
			"rotation": {"angle": 0, "axis": "y", "origin": [10.025, 0.35763, 10.65172]},
			"faces": {
				"north": {"uv": [9.5, 4.25, 10, 4.5], "rotation": 180, "texture": "#1"},
				"east": {"uv": [10, 1.5, 10.25, 1.75], "rotation": 180, "texture": "#1"},
				"south": {"uv": [4, 9.5, 4.5, 9.75], "rotation": 180, "texture": "#1"},
				"west": {"uv": [0.75, 10, 1, 10.25], "rotation": 180, "texture": "#1"},
				"up": {"uv": [6.25, 9.5, 6, 10], "rotation": 90, "texture": "#1"},
				"down": {"uv": [9.75, 5, 9.5, 4.5], "rotation": 270, "texture": "#1"}
			}
		},
		{
			"from": [10.067, 0.15135, 11.37228],
			"to": [10.823, 0.3036, 11.51403],
			"rotation": {"angle": 0, "axis": "y", "origin": [10.025, 0.35763, 10.65172]},
			"faces": {
				"north": {"uv": [8.5, 5.75, 9.5, 6], "rotation": 180, "texture": "#1"},
				"east": {"uv": [10, 1.75, 10.25, 2], "rotation": 180, "texture": "#1"},
				"south": {"uv": [8, 2, 9, 2.25], "rotation": 180, "texture": "#1"},
				"west": {"uv": [1.75, 10, 2, 10.25], "rotation": 180, "texture": "#1"},
				"up": {"uv": [4.75, 9, 4.5, 10], "rotation": 90, "texture": "#1"},
				"down": {"uv": [9.25, 5, 9, 4], "rotation": 270, "texture": "#1"}
			}
		},
		{
			"from": [10.634, 0.15135, 11.27778],
			"to": [10.823, 0.3036, 11.37228],
			"rotation": {"angle": 0, "axis": "y", "origin": [10.025, 0.35763, 10.65172]},
			"faces": {
				"north": {"uv": [4.5, 10, 4.75, 10.25], "rotation": 180, "texture": "#1"},
				"east": {"uv": [10, 4.25, 10.25, 4.5], "rotation": 180, "texture": "#1"},
				"south": {"uv": [4.25, 10, 4.5, 10.25], "rotation": 180, "texture": "#1"},
				"west": {"uv": [10, 4, 10.25, 4.25], "rotation": 180, "texture": "#1"},
				"up": {"uv": [10.25, 4.75, 10, 5], "rotation": 90, "texture": "#1"},
				"down": {"uv": [10.25, 4.75, 10, 4.5], "rotation": 270, "texture": "#1"}
			}
		},
		{
			"from": [10.067, 0.15135, 10.71078],
			"to": [10.823, 0.3036, 10.94703],
			"rotation": {"angle": 0, "axis": "y", "origin": [10.025, 0.35763, 10.65172]},
			"faces": {
				"north": {"uv": [9, 5.5, 10, 5.75], "rotation": 180, "texture": "#1"},
				"east": {"uv": [10, 5.25, 10.25, 5.5], "rotation": 180, "texture": "#1"},
				"south": {"uv": [9, 5.25, 10, 5.5], "rotation": 180, "texture": "#1"},
				"west": {"uv": [10, 5, 10.25, 5.25], "rotation": 180, "texture": "#1"},
				"up": {"uv": [9.25, 8, 9, 9], "rotation": 90, "texture": "#1"},
				"down": {"uv": [9.25, 8, 9, 7], "rotation": 270, "texture": "#1"}
			}
		},
		{
			"from": [10.634, 0.15135, 10.56903],
			"to": [10.823, 0.3036, 10.71078],
			"rotation": {"angle": 0, "axis": "y", "origin": [10.025, 0.35763, 10.65172]},
			"faces": {
				"north": {"uv": [1.5, 10.25, 1.75, 10.5], "rotation": 180, "texture": "#1"},
				"east": {"uv": [10.25, 1.25, 10.5, 1.5], "rotation": 180, "texture": "#1"},
				"south": {"uv": [1.25, 10.25, 1.5, 10.5], "rotation": 180, "texture": "#1"},
				"west": {"uv": [10.25, 1, 10.5, 1.25], "rotation": 180, "texture": "#1"},
				"up": {"uv": [2, 10.25, 1.75, 10.5], "rotation": 90, "texture": "#1"},
				"down": {"uv": [10.5, 1.75, 10.25, 1.5], "rotation": 270, "texture": "#1"}
			}
		},
		{
			"from": [10.067, 0.15135, 10.33278],
			"to": [10.823, 0.3036, 10.56903],
			"rotation": {"angle": 0, "axis": "y", "origin": [10.025, 0.35763, 10.65172]},
			"faces": {
				"north": {"uv": [0, 9.25, 1, 9.5], "rotation": 180, "texture": "#1"},
				"east": {"uv": [5.75, 10, 6, 10.25], "rotation": 180, "texture": "#1"},
				"south": {"uv": [8.5, 9, 9.5, 9.25], "rotation": 180, "texture": "#1"},
				"west": {"uv": [10, 5.5, 10.25, 5.75], "rotation": 180, "texture": "#1"},
				"up": {"uv": [1.5, 9.25, 1.25, 10.25], "rotation": 90, "texture": "#1"},
				"down": {"uv": [1.25, 10.25, 1, 9.25], "rotation": 270, "texture": "#1"}
			}
		},
		{
			"from": [10.067, 0.15135, 10.00203],
			"to": [10.823, 0.3036, 10.23828],
			"rotation": {"angle": 0, "axis": "y", "origin": [10.025, 0.35763, 10.65172]},
			"faces": {
				"north": {"uv": [2.5, 9.25, 3.5, 9.5], "rotation": 180, "texture": "#1"},
				"east": {"uv": [6, 10, 6.25, 10.25], "rotation": 180, "texture": "#1"},
				"south": {"uv": [1.5, 9.25, 2.5, 9.5], "rotation": 180, "texture": "#1"},
				"west": {"uv": [10, 5.75, 10.25, 6], "rotation": 180, "texture": "#1"},
				"up": {"uv": [5, 9.25, 4.75, 10.25], "rotation": 90, "texture": "#1"},
				"down": {"uv": [9.5, 5, 9.25, 4], "rotation": 270, "texture": "#1"}
			}
		},
		{
			"from": [10.3505, 0.15135, 9.86028],
			"to": [10.5395, 0.3036, 10.00203],
			"rotation": {"angle": 0, "axis": "y", "origin": [10.025, 0.35763, 10.65172]},
			"faces": {
				"north": {"uv": [10, 6.75, 10.25, 7], "rotation": 180, "texture": "#1"},
				"east": {"uv": [6.75, 10, 7, 10.25], "rotation": 180, "texture": "#1"},
				"south": {"uv": [6.5, 10, 6.75, 10.25], "rotation": 180, "texture": "#1"},
				"west": {"uv": [6.25, 10, 6.5, 10.25], "rotation": 180, "texture": "#1"},
				"up": {"uv": [10.25, 7, 10, 7.25], "rotation": 90, "texture": "#1"},
				"down": {"uv": [7.25, 10.25, 7, 10], "rotation": 270, "texture": "#1"}
			}
		},
		{
			"from": [10.067, 0.15135, 9.62403],
			"to": [10.823, 0.3036, 9.86028],
			"rotation": {"angle": 0, "axis": "y", "origin": [10.025, 0.35763, 10.65172]},
			"faces": {
				"north": {"uv": [9.25, 6, 10.25, 6.25], "rotation": 180, "texture": "#1"},
				"east": {"uv": [10, 7.25, 10.25, 7.5], "rotation": 180, "texture": "#1"},
				"south": {"uv": [6, 9.25, 7, 9.5], "rotation": 180, "texture": "#1"},
				"west": {"uv": [7.25, 10, 7.5, 10.25], "rotation": 180, "texture": "#1"},
				"up": {"uv": [5.5, 9.25, 5.25, 10.25], "rotation": 90, "texture": "#1"},
				"down": {"uv": [5.25, 10.25, 5, 9.25], "rotation": 270, "texture": "#1"}
			}
		},
		{
			"from": [9.122, 0.15135, 10.36428],
			"to": [9.878, 0.3036, 10.60053],
			"rotation": {"angle": 0, "axis": "y", "origin": [10.025, 0.35763, 10.65172]},
			"faces": {
				"north": {"uv": [9.25, 7.75, 10.25, 8], "rotation": 180, "texture": "#1"},
				"east": {"uv": [0.25, 10.25, 0.5, 10.5], "rotation": 180, "texture": "#1"},
				"south": {"uv": [7, 9.25, 8, 9.5], "rotation": 180, "texture": "#1"},
				"west": {"uv": [10.25, 0, 10.5, 0.25], "rotation": 180, "texture": "#1"},
				"up": {"uv": [9.5, 8, 9.25, 9], "rotation": 90, "texture": "#1"},
				"down": {"uv": [8.25, 10.25, 8, 9.25], "rotation": 270, "texture": "#1"}
			}
		},
		{
			"from": [9.2165, 0.15135, 10.26978],
			"to": [9.54725, 0.3036, 10.36428],
			"rotation": {"angle": 0, "axis": "y", "origin": [10.025, 0.35763, 10.65172]},
			"faces": {
				"north": {"uv": [9.5, 7.25, 10, 7.5], "rotation": 180, "texture": "#1"},
				"east": {"uv": [10, 10, 10.25, 10.25], "rotation": 180, "texture": "#1"},
				"south": {"uv": [7, 9.5, 7.5, 9.75], "rotation": 180, "texture": "#1"},
				"west": {"uv": [10, 9.75, 10.25, 10], "rotation": 180, "texture": "#1"},
				"up": {"uv": [8, 9.5, 7.75, 10], "rotation": 90, "texture": "#1"},
				"down": {"uv": [7.75, 10, 7.5, 9.5], "rotation": 270, "texture": "#1"}
			}
		},
		{
			"from": [9.311, 0.15135, 10.17528],
			"to": [9.54725, 0.3036, 10.26978],
			"rotation": {"angle": 0, "axis": "y", "origin": [10.025, 0.35763, 10.65172]},
			"faces": {
				"north": {"uv": [10, 8.5, 10.25, 8.75], "rotation": 180, "texture": "#1"},
				"east": {"uv": [8.5, 10, 8.75, 10.25], "rotation": 180, "texture": "#1"},
				"south": {"uv": [10, 8.25, 10.25, 8.5], "rotation": 180, "texture": "#1"},
				"west": {"uv": [8.25, 10, 8.5, 10.25], "rotation": 180, "texture": "#1"},
				"up": {"uv": [10.25, 8.75, 10, 9], "rotation": 90, "texture": "#1"},
				"down": {"uv": [9, 10.25, 8.75, 10], "rotation": 270, "texture": "#1"}
			}
		},
		{
			"from": [9.54725, 0.15135, 10.12803],
			"to": [9.64175, 0.3036, 10.31703],
			"rotation": {"angle": 0, "axis": "y", "origin": [10.025, 0.35763, 10.65172]},
			"faces": {
				"north": {"uv": [9.5, 10, 9.75, 10.25], "rotation": 180, "texture": "#1"},
				"east": {"uv": [9.25, 10, 9.5, 10.25], "rotation": 180, "texture": "#1"},
				"south": {"uv": [10, 9, 10.25, 9.25], "rotation": 180, "texture": "#1"},
				"west": {"uv": [9, 10, 9.25, 10.25], "rotation": 180, "texture": "#1"},
				"up": {"uv": [10, 10, 9.75, 10.25], "rotation": 90, "texture": "#1"},
				"down": {"uv": [10.25, 9.75, 10, 9.5], "rotation": 270, "texture": "#1"}
			}
		},
		{
			"from": [9.2165, 0.15135, 10.08078],
			"to": [9.54725, 0.3036, 10.17528],
			"rotation": {"angle": 0, "axis": "y", "origin": [10.025, 0.35763, 10.65172]},
			"faces": {
				"north": {"uv": [6.25, 9.5, 6.75, 9.75], "rotation": 180, "texture": "#1"},
				"east": {"uv": [10, 7.5, 10.25, 7.75], "rotation": 180, "texture": "#1"},
				"south": {"uv": [9.5, 5.75, 10, 6], "rotation": 180, "texture": "#1"},
				"west": {"uv": [7.5, 10, 7.75, 10.25], "rotation": 180, "texture": "#1"},
				"up": {"uv": [9.75, 6.75, 9.5, 7.25], "rotation": 90, "texture": "#1"},
				"down": {"uv": [7, 10, 6.75, 9.5], "rotation": 270, "texture": "#1"}
			}
		},
		{
			"from": [9.122, 0.15135, 9.84453],
			"to": [9.878, 0.3036, 10.08078],
			"rotation": {"angle": 0, "axis": "y", "origin": [10.025, 0.35763, 10.65172]},
			"faces": {
				"north": {"uv": [9.25, 6.5, 10.25, 6.75], "rotation": 180, "texture": "#1"},
				"east": {"uv": [10, 8, 10.25, 8.25], "rotation": 180, "texture": "#1"},
				"south": {"uv": [9.25, 6.25, 10.25, 6.5], "rotation": 180, "texture": "#1"},
				"west": {"uv": [7.75, 10, 8, 10.25], "rotation": 180, "texture": "#1"},
				"up": {"uv": [9.5, 6.75, 9.25, 7.75], "rotation": 90, "texture": "#1"},
				"down": {"uv": [5.75, 10.25, 5.5, 9.25], "rotation": 270, "texture": "#1"}
			}
		},
		{
			"from": [9.689, 0.15135, 10.97853],
			"to": [9.878, 0.3036, 11.35653],
			"rotation": {"angle": 0, "axis": "y", "origin": [10.025, 0.35763, 10.65172]},
			"faces": {
				"north": {"uv": [1, 10.25, 1.25, 10.5], "rotation": 180, "texture": "#1"},
				"east": {"uv": [8.75, 9.5, 9.25, 9.75], "rotation": 180, "texture": "#1"},
				"south": {"uv": [10.25, 0.75, 10.5, 1], "rotation": 180, "texture": "#1"},
				"west": {"uv": [9.5, 8.5, 10, 8.75], "rotation": 180, "texture": "#1"},
				"up": {"uv": [10, 9, 9.5, 9.25], "rotation": 90, "texture": "#1"},
				"down": {"uv": [10, 9, 9.5, 8.75], "rotation": 270, "texture": "#1"}
			}
		},
		{
			"from": [9.122, 0.15135, 10.74228],
			"to": [9.878, 0.3036, 10.97853],
			"rotation": {"angle": 0, "axis": "y", "origin": [10.025, 0.35763, 10.65172]},
			"faces": {
				"north": {"uv": [9.25, 9.25, 10.25, 9.5], "rotation": 180, "texture": "#1"},
				"east": {"uv": [0.75, 10.25, 1, 10.5], "rotation": 180, "texture": "#1"},
				"south": {"uv": [8.25, 9.25, 9.25, 9.5], "rotation": 180, "texture": "#1"},
				"west": {"uv": [10.25, 0.5, 10.5, 0.75], "rotation": 180, "texture": "#1"},
				"up": {"uv": [9.75, 0, 9.5, 1], "rotation": 90, "texture": "#1"},
				"down": {"uv": [0.25, 10.5, 0, 9.5], "rotation": 270, "texture": "#1"}
			}
		},
		{
			"from": [9.122, 0.15135, 10.97853],
			"to": [9.311, 0.3036, 11.35653],
			"rotation": {"angle": 0, "axis": "y", "origin": [10.025, 0.35763, 10.65172]},
			"faces": {
				"north": {"uv": [0.5, 10.25, 0.75, 10.5], "rotation": 180, "texture": "#1"},
				"east": {"uv": [9.5, 8, 10, 8.25], "rotation": 180, "texture": "#1"},
				"south": {"uv": [10.25, 0.25, 10.5, 0.5], "rotation": 180, "texture": "#1"},
				"west": {"uv": [9.5, 7.5, 10, 7.75], "rotation": 180, "texture": "#1"},
				"up": {"uv": [10, 8.25, 9.5, 8.5], "rotation": 90, "texture": "#1"},
				"down": {"uv": [8.75, 9.75, 8.25, 9.5], "rotation": 270, "texture": "#1"}
			}
		},
		{
			"from": [10.067, 0.44228, 10.02566],
			"to": [10.823, 0.59453, 10.26191],
			"rotation": {"angle": 0, "axis": "y", "origin": [10.025, 0.35763, 10.65172]},
			"faces": {
				"north": {"uv": [4.75, 9, 5.75, 9.25], "texture": "#1"},
				"east": {"uv": [3.25, 10.25, 3, 10], "rotation": 180, "texture": "#1"},
				"south": {"uv": [9, 5, 10, 5.25], "texture": "#1"},
				"west": {"uv": [10.25, 3, 10, 2.75], "rotation": 180, "texture": "#1"},
				"up": {"uv": [6, 10, 5.75, 9], "rotation": 270, "texture": "#1"},
				"down": {"uv": [9.25, 6, 9, 7], "rotation": 90, "texture": "#1"}
			}
		},
		{
			"from": [10.067, 0.44228, 9.93116],
			"to": [10.256, 0.59453, 10.02566],
			"rotation": {"angle": 0, "axis": "y", "origin": [10.025, 0.35763, 10.65172]},
			"faces": {
				"north": {"uv": [3.25, 10, 3.5, 10.25], "texture": "#1"},
				"east": {"uv": [3.75, 10.25, 3.5, 10], "rotation": 180, "texture": "#1"},
				"south": {"uv": [10, 3.5, 10.25, 3.75], "texture": "#1"},
				"west": {"uv": [10.25, 3.25, 10, 3], "rotation": 180, "texture": "#1"},
				"up": {"uv": [4, 10.25, 3.75, 10], "rotation": 270, "texture": "#1"},
				"down": {"uv": [10.25, 3.75, 10, 4], "rotation": 90, "texture": "#1"}
			}
		},
		{
			"from": [10.067, 0.44228, 9.69491],
			"to": [10.39775, 0.59453, 9.78941],
			"rotation": {"angle": 0, "axis": "y", "origin": [10.025, 0.35763, 10.65172]},
			"faces": {
				"north": {"uv": [3.25, 9.5, 3.75, 9.75], "texture": "#1"},
				"east": {"uv": [10.25, 0.75, 10, 0.5], "rotation": 180, "texture": "#1"},
				"south": {"uv": [9.5, 3.5, 10, 3.75], "texture": "#1"},
				"west": {"uv": [0.75, 10.25, 0.5, 10], "rotation": 180, "texture": "#1"},
				"up": {"uv": [4, 10, 3.75, 9.5], "rotation": 270, "texture": "#1"},
				"down": {"uv": [9.75, 3.75, 9.5, 4.25], "rotation": 90, "texture": "#1"}
			}
		},
		{
			"from": [10.3505, 0.44228, 9.93116],
			"to": [10.5395, 0.59453, 10.02566],
			"rotation": {"angle": 0, "axis": "y", "origin": [10.025, 0.35763, 10.65172]},
			"faces": {
				"north": {"uv": [2.25, 10, 2.5, 10.25], "texture": "#1"},
				"east": {"uv": [10.25, 2.5, 10, 2.25], "rotation": 180, "texture": "#1"},
				"south": {"uv": [2.5, 10, 2.75, 10.25], "texture": "#1"},
				"west": {"uv": [2.25, 10.25, 2, 10], "rotation": 180, "texture": "#1"},
				"up": {"uv": [10.25, 2.75, 10, 2.5], "rotation": 270, "texture": "#1"},
				"down": {"uv": [3, 10, 2.75, 10.25], "rotation": 90, "texture": "#1"}
			}
		},
		{
			"from": [10.49225, 0.44228, 9.69491],
			"to": [10.823, 0.59453, 9.78941],
			"rotation": {"angle": 0, "axis": "y", "origin": [10.025, 0.35763, 10.65172]},
			"faces": {
				"north": {"uv": [4, 9.5, 4.5, 9.75], "texture": "#1"},
				"east": {"uv": [10.25, 1.75, 10, 1.5], "rotation": 180, "texture": "#1"},
				"south": {"uv": [9.5, 4.25, 10, 4.5], "texture": "#1"},
				"west": {"uv": [1, 10.25, 0.75, 10], "rotation": 180, "texture": "#1"},
				"up": {"uv": [9.75, 5, 9.5, 4.5], "rotation": 270, "texture": "#1"},
				"down": {"uv": [6.25, 9.5, 6, 10], "rotation": 90, "texture": "#1"}
			}
		},
		{
			"from": [10.067, 0.44228, 9.78941],
			"to": [10.823, 0.59453, 9.93116],
			"rotation": {"angle": 0, "axis": "y", "origin": [10.025, 0.35763, 10.65172]},
			"faces": {
				"north": {"uv": [8, 2, 9, 2.25], "texture": "#1"},
				"east": {"uv": [10.25, 2, 10, 1.75], "rotation": 180, "texture": "#1"},
				"south": {"uv": [8.5, 5.75, 9.5, 6], "texture": "#1"},
				"west": {"uv": [2, 10.25, 1.75, 10], "rotation": 180, "texture": "#1"},
				"up": {"uv": [9.25, 5, 9, 4], "rotation": 270, "texture": "#1"},
				"down": {"uv": [4.75, 9, 4.5, 10], "rotation": 90, "texture": "#1"}
			}
		},
		{
			"from": [10.634, 0.44228, 9.93116],
			"to": [10.823, 0.59453, 10.02566],
			"rotation": {"angle": 0, "axis": "y", "origin": [10.025, 0.35763, 10.65172]},
			"faces": {
				"north": {"uv": [4.25, 10, 4.5, 10.25], "texture": "#1"},
				"east": {"uv": [10.25, 4.5, 10, 4.25], "rotation": 180, "texture": "#1"},
				"south": {"uv": [4.5, 10, 4.75, 10.25], "texture": "#1"},
				"west": {"uv": [10.25, 4.25, 10, 4], "rotation": 180, "texture": "#1"},
				"up": {"uv": [10.25, 4.75, 10, 4.5], "rotation": 270, "texture": "#1"},
				"down": {"uv": [10.25, 4.75, 10, 5], "rotation": 90, "texture": "#1"}
			}
		},
		{
			"from": [10.067, 0.44228, 10.35641],
			"to": [10.823, 0.59453, 10.59266],
			"rotation": {"angle": 0, "axis": "y", "origin": [10.025, 0.35763, 10.65172]},
			"faces": {
				"north": {"uv": [9, 5.25, 10, 5.5], "texture": "#1"},
				"east": {"uv": [10.25, 5.5, 10, 5.25], "rotation": 180, "texture": "#1"},
				"south": {"uv": [9, 5.5, 10, 5.75], "texture": "#1"},
				"west": {"uv": [10.25, 5.25, 10, 5], "rotation": 180, "texture": "#1"},
				"up": {"uv": [9.25, 8, 9, 7], "rotation": 270, "texture": "#1"},
				"down": {"uv": [9.25, 8, 9, 9], "rotation": 90, "texture": "#1"}
			}
		},
		{
			"from": [10.634, 0.44228, 10.59266],
			"to": [10.823, 0.59453, 10.73441],
			"rotation": {"angle": 0, "axis": "y", "origin": [10.025, 0.35763, 10.65172]},
			"faces": {
				"north": {"uv": [1.25, 10.25, 1.5, 10.5], "texture": "#1"},
				"east": {"uv": [10.5, 1.5, 10.25, 1.25], "rotation": 180, "texture": "#1"},
				"south": {"uv": [1.5, 10.25, 1.75, 10.5], "texture": "#1"},
				"west": {"uv": [10.5, 1.25, 10.25, 1], "rotation": 180, "texture": "#1"},
				"up": {"uv": [10.5, 1.75, 10.25, 1.5], "rotation": 270, "texture": "#1"},
				"down": {"uv": [2, 10.25, 1.75, 10.5], "rotation": 90, "texture": "#1"}
			}
		},
		{
			"from": [10.067, 0.44228, 10.73441],
			"to": [10.823, 0.59453, 10.97066],
			"rotation": {"angle": 0, "axis": "y", "origin": [10.025, 0.35763, 10.65172]},
			"faces": {
				"north": {"uv": [8.5, 9, 9.5, 9.25], "texture": "#1"},
				"east": {"uv": [6, 10.25, 5.75, 10], "rotation": 180, "texture": "#1"},
				"south": {"uv": [0, 9.25, 1, 9.5], "texture": "#1"},
				"west": {"uv": [10.25, 5.75, 10, 5.5], "rotation": 180, "texture": "#1"},
				"up": {"uv": [1.25, 10.25, 1, 9.25], "rotation": 270, "texture": "#1"},
				"down": {"uv": [1.5, 9.25, 1.25, 10.25], "rotation": 90, "texture": "#1"}
			}
		},
		{
			"from": [10.067, 0.44228, 11.06516],
			"to": [10.823, 0.59453, 11.30141],
			"rotation": {"angle": 0, "axis": "y", "origin": [10.025, 0.35763, 10.65172]},
			"faces": {
				"north": {"uv": [1.5, 9.25, 2.5, 9.5], "texture": "#1"},
				"east": {"uv": [6.25, 10.25, 6, 10], "rotation": 180, "texture": "#1"},
				"south": {"uv": [2.5, 9.25, 3.5, 9.5], "texture": "#1"},
				"west": {"uv": [10.25, 6, 10, 5.75], "rotation": 180, "texture": "#1"},
				"up": {"uv": [9.5, 5, 9.25, 4], "rotation": 270, "texture": "#1"},
				"down": {"uv": [5, 9.25, 4.75, 10.25], "rotation": 90, "texture": "#1"}
			}
		},
		{
			"from": [10.3505, 0.44228, 11.30141],
			"to": [10.5395, 0.59453, 11.44316],
			"rotation": {"angle": 0, "axis": "y", "origin": [10.025, 0.35763, 10.65172]},
			"faces": {
				"north": {"uv": [6.5, 10, 6.75, 10.25], "texture": "#1"},
				"east": {"uv": [7, 10.25, 6.75, 10], "rotation": 180, "texture": "#1"},
				"south": {"uv": [10, 6.75, 10.25, 7], "texture": "#1"},
				"west": {"uv": [6.5, 10.25, 6.25, 10], "rotation": 180, "texture": "#1"},
				"up": {"uv": [7.25, 10.25, 7, 10], "rotation": 270, "texture": "#1"},
				"down": {"uv": [10.25, 7, 10, 7.25], "rotation": 90, "texture": "#1"}
			}
		},
		{
			"from": [10.067, 0.44228, 11.44316],
			"to": [10.823, 0.59453, 11.67941],
			"rotation": {"angle": 0, "axis": "y", "origin": [10.025, 0.35763, 10.65172]},
			"faces": {
				"north": {"uv": [6, 9.25, 7, 9.5], "texture": "#1"},
				"east": {"uv": [10.25, 7.5, 10, 7.25], "rotation": 180, "texture": "#1"},
				"south": {"uv": [9.25, 6, 10.25, 6.25], "texture": "#1"},
				"west": {"uv": [7.5, 10.25, 7.25, 10], "rotation": 180, "texture": "#1"},
				"up": {"uv": [5.25, 10.25, 5, 9.25], "rotation": 270, "texture": "#1"},
				"down": {"uv": [5.5, 9.25, 5.25, 10.25], "rotation": 90, "texture": "#1"}
			}
		},
		{
			"from": [9.122, 0.44228, 10.70291],
			"to": [9.878, 0.59453, 10.93916],
			"rotation": {"angle": 0, "axis": "y", "origin": [10.025, 0.35763, 10.65172]},
			"faces": {
				"north": {"uv": [7, 9.25, 8, 9.5], "texture": "#1"},
				"east": {"uv": [0.5, 10.5, 0.25, 10.25], "rotation": 180, "texture": "#1"},
				"south": {"uv": [9.25, 7.75, 10.25, 8], "texture": "#1"},
				"west": {"uv": [10.5, 0.25, 10.25, 0], "rotation": 180, "texture": "#1"},
				"up": {"uv": [8.25, 10.25, 8, 9.25], "rotation": 270, "texture": "#1"},
				"down": {"uv": [9.5, 8, 9.25, 9], "rotation": 90, "texture": "#1"}
			}
		},
		{
			"from": [9.2165, 0.44228, 10.93916],
			"to": [9.54725, 0.59453, 11.03366],
			"rotation": {"angle": 0, "axis": "y", "origin": [10.025, 0.35763, 10.65172]},
			"faces": {
				"north": {"uv": [7, 9.5, 7.5, 9.75], "texture": "#1"},
				"east": {"uv": [10.25, 10.25, 10, 10], "rotation": 180, "texture": "#1"},
				"south": {"uv": [9.5, 7.25, 10, 7.5], "texture": "#1"},
				"west": {"uv": [10.25, 10, 10, 9.75], "rotation": 180, "texture": "#1"},
				"up": {"uv": [7.75, 10, 7.5, 9.5], "rotation": 270, "texture": "#1"},
				"down": {"uv": [8, 9.5, 7.75, 10], "rotation": 90, "texture": "#1"}
			}
		},
		{
			"from": [9.311, 0.44228, 11.03366],
			"to": [9.54725, 0.59453, 11.12816],
			"rotation": {"angle": 0, "axis": "y", "origin": [10.025, 0.35763, 10.65172]},
			"faces": {
				"north": {"uv": [10, 8.25, 10.25, 8.5], "texture": "#1"},
				"east": {"uv": [8.75, 10.25, 8.5, 10], "rotation": 180, "texture": "#1"},
				"south": {"uv": [10, 8.5, 10.25, 8.75], "texture": "#1"},
				"west": {"uv": [8.5, 10.25, 8.25, 10], "rotation": 180, "texture": "#1"},
				"up": {"uv": [9, 10.25, 8.75, 10], "rotation": 270, "texture": "#1"},
				"down": {"uv": [10.25, 8.75, 10, 9], "rotation": 90, "texture": "#1"}
			}
		},
		{
			"from": [9.54725, 0.44228, 10.98641],
			"to": [9.64175, 0.59453, 11.17541],
			"rotation": {"angle": 0, "axis": "y", "origin": [10.025, 0.35763, 10.65172]},
			"faces": {
				"north": {"uv": [10, 9, 10.25, 9.25], "texture": "#1"},
				"east": {"uv": [9.5, 10.25, 9.25, 10], "rotation": 180, "texture": "#1"},
				"south": {"uv": [9.5, 10, 9.75, 10.25], "texture": "#1"},
				"west": {"uv": [9.25, 10.25, 9, 10], "rotation": 180, "texture": "#1"},
				"up": {"uv": [10.25, 9.75, 10, 9.5], "rotation": 270, "texture": "#1"},
				"down": {"uv": [10, 10, 9.75, 10.25], "rotation": 90, "texture": "#1"}
			}
		},
		{
			"from": [9.2165, 0.44228, 11.12816],
			"to": [9.54725, 0.59453, 11.22266],
			"rotation": {"angle": 0, "axis": "y", "origin": [10.025, 0.35763, 10.65172]},
			"faces": {
				"north": {"uv": [9.5, 5.75, 10, 6], "texture": "#1"},
				"east": {"uv": [10.25, 7.75, 10, 7.5], "rotation": 180, "texture": "#1"},
				"south": {"uv": [6.25, 9.5, 6.75, 9.75], "texture": "#1"},
				"west": {"uv": [7.75, 10.25, 7.5, 10], "rotation": 180, "texture": "#1"},
				"up": {"uv": [7, 10, 6.75, 9.5], "rotation": 270, "texture": "#1"},
				"down": {"uv": [9.75, 6.75, 9.5, 7.25], "rotation": 90, "texture": "#1"}
			}
		},
		{
			"from": [9.122, 0.44228, 11.22266],
			"to": [9.878, 0.59453, 11.45891],
			"rotation": {"angle": 0, "axis": "y", "origin": [10.025, 0.35763, 10.65172]},
			"faces": {
				"north": {"uv": [9.25, 6.25, 10.25, 6.5], "texture": "#1"},
				"east": {"uv": [10.25, 8.25, 10, 8], "rotation": 180, "texture": "#1"},
				"south": {"uv": [9.25, 6.5, 10.25, 6.75], "texture": "#1"},
				"west": {"uv": [8, 10.25, 7.75, 10], "rotation": 180, "texture": "#1"},
				"up": {"uv": [5.75, 10.25, 5.5, 9.25], "rotation": 270, "texture": "#1"},
				"down": {"uv": [9.5, 6.75, 9.25, 7.75], "rotation": 90, "texture": "#1"}
			}
		},
		{
			"from": [9.689, 0.44228, 9.94691],
			"to": [9.878, 0.59453, 10.32491],
			"rotation": {"angle": 0, "axis": "y", "origin": [10.025, 0.35763, 10.65172]},
			"faces": {
				"north": {"uv": [10.25, 0.75, 10.5, 1], "texture": "#1"},
				"east": {"uv": [9.25, 9.75, 8.75, 9.5], "rotation": 180, "texture": "#1"},
				"south": {"uv": [1, 10.25, 1.25, 10.5], "texture": "#1"},
				"west": {"uv": [10, 8.75, 9.5, 8.5], "rotation": 180, "texture": "#1"},
				"up": {"uv": [10, 9, 9.5, 8.75], "rotation": 270, "texture": "#1"},
				"down": {"uv": [10, 9, 9.5, 9.25], "rotation": 90, "texture": "#1"}
			}
		},
		{
			"from": [9.122, 0.44228, 10.32491],
			"to": [9.878, 0.59453, 10.56116],
			"rotation": {"angle": 0, "axis": "y", "origin": [10.025, 0.35763, 10.65172]},
			"faces": {
				"north": {"uv": [8.25, 9.25, 9.25, 9.5], "texture": "#1"},
				"east": {"uv": [1, 10.5, 0.75, 10.25], "rotation": 180, "texture": "#1"},
				"south": {"uv": [9.25, 9.25, 10.25, 9.5], "texture": "#1"},
				"west": {"uv": [10.5, 0.75, 10.25, 0.5], "rotation": 180, "texture": "#1"},
				"up": {"uv": [0.25, 10.5, 0, 9.5], "rotation": 270, "texture": "#1"},
				"down": {"uv": [9.75, 0, 9.5, 1], "rotation": 90, "texture": "#1"}
			}
		},
		{
			"from": [9.122, 0.44228, 9.94691],
			"to": [9.311, 0.59453, 10.32491],
			"rotation": {"angle": 0, "axis": "y", "origin": [10.025, 0.35763, 10.65172]},
			"faces": {
				"north": {"uv": [10.25, 0.25, 10.5, 0.5], "texture": "#1"},
				"east": {"uv": [10, 8.25, 9.5, 8], "rotation": 180, "texture": "#1"},
				"south": {"uv": [0.5, 10.25, 0.75, 10.5], "texture": "#1"},
				"west": {"uv": [10, 7.75, 9.5, 7.5], "rotation": 180, "texture": "#1"},
				"up": {"uv": [8.75, 9.75, 8.25, 9.5], "rotation": 270, "texture": "#1"},
				"down": {"uv": [10, 8.25, 9.5, 8.5], "rotation": 90, "texture": "#1"}
			}
		}
	],
	"display": {
		"thirdperson_righthand": {
			"rotation": [0, -90, 0],
			"translation": [-1.25, 3.25, 0]
		},
		"thirdperson_lefthand": {
			"rotation": [0, -20, 0],
			"translation": [-1.25, 2.75, 0]
		},
		"firstperson_righthand": {
			"rotation": [-20.47, -83.24, -0.71],
			"translation": [0, 3, 2.5],
			"scale": [0.2, 0.2, 0.2]
		},
		"firstperson_lefthand": {
			"rotation": [-19.75, -83, 0],
			"translation": [0.75, 3, 2],
			"scale": [0.2, 0.2, 0.2]
		},
		"ground": {
			"translation": [0, 4.25, 0],
			"scale": [1.29, 1.29, 1.29]
		},
		"gui": {
			"rotation": [90, 0, 0],
			"scale": [1.36, 1.36, 1.36]
		},
		"head": {
			"translation": [0, -7.5, 0],
			"scale": [3, 3, 3]
		},
		"fixed": {
			"rotation": [180, 0, 180],
			"scale": [0.4, 0.4, 0.4]
		}
	},
	"groups": [
		{
			"name": "Clover",
			"origin": [8.6118, 8, 17.791],
			"color": 0,
			"children": [0, 1, 2, 3, 4, 5, 6, 7, 8, 9, 10, 11, 12, 13, 14, 15, 16, 17, 18, 19, 20, 21, 22, 23, 24, 25, 26, 27, 28]
		},
		{
			"name": "Stem",
			"origin": [8.7, 2.45427, 8.61013],
			"color": 0,
			"children": [29, 30, 31, 32, 33]
		},
		{
			"name": "Ring",
			"origin": [11.65642, 0.4, 16.82737],
			"color": 0,
			"children": [34, 35, 36, 37, 38, 39, 40, 41, 42, 43, 44, 45, 46, 47, 48, 49, 50, 51, 52, 53, 54, 55, 56, 57]
		},
		{
			"name": "Face",
			"origin": [13, 0, -1],
			"color": 0,
			"children": [
				58,
				59,
				60,
				61,
				62,
				{
					"name": "Text",
					"origin": [1.825, 0, 0.2],
					"color": 0,
					"children": [
						{
							"name": "B",
							"origin": [8, 9.98358, 7.89],
							"color": 0,
							"children": [63, 64, 65, 66, 67, 68, 69]
						},
						{
							"name": "U",
							"origin": [8, 9.98358, 7.89],
							"color": 0,
							"children": [70, 71, 72]
						},
						{
							"name": "H",
							"origin": [8, 9.98358, 7.89],
							"color": 0,
							"children": [73, 74, 75]
						},
						{
							"name": "M",
							"origin": [8, 9.98358, 7.89],
							"color": 0,
							"children": [76, 77, 78, 79, 80, 81]
						},
						{
							"name": "C",
							"origin": [8, 9.98358, 7.89],
							"color": 0,
							"children": [82, 83, 84]
						}
					]
				},
				{
					"name": "Text",
					"origin": [1.825, 0, 0.2],
					"color": 0,
					"children": [
						{
							"name": "B",
							"origin": [8, 9.98358, 7.89],
							"color": 0,
							"children": [85, 86, 87, 88, 89, 90, 91]
						},
						{
							"name": "U",
							"origin": [8, 9.98358, 7.89],
							"color": 0,
							"children": [92, 93, 94]
						},
						{
							"name": "H",
							"origin": [8, 9.98358, 7.89],
							"color": 0,
							"children": [95, 96, 97]
						},
						{
							"name": "M",
							"origin": [8, 9.98358, 7.89],
							"color": 0,
							"children": [98, 99, 100, 101, 102, 103]
						},
						{
							"name": "C",
							"origin": [8, 9.98358, 7.89],
							"color": 0,
							"children": [104, 105, 106]
						}
					]
				}
			]
		}
	]
}