{
  "parent": "minecraft:item/generated",
  "textures": {
    "layer0": "minecraft:item/water_bucket"
  },
  "overrides": [
    {
        "predicate": {
            "custom_model_data": 1
        },
        "model": "item/watering_can/watering_can"
    },
    {
        "predicate": {
            "custom_model_data": 2
        },
        "model": "item/watering_can/watering_can_copper"
    },
    {
        "predicate": {
            "custom_model_data": 3
        },
        "model": "item/watering_can/watering_can_gold"
    },
    {
        "predicate": {
            "custom_model_data": 4
        },
        "model": "item/watering_can/watering_can_diamond"
    },
    {
        "predicate": {
            "custom_model_data": 5
        },
        "model": "item/watering_can/watering_can_emerald"
    },
    {
        "predicate": {
            "custom_model_data": 6
        },
        "model": "item/watering_can/watering_can_ruby"
    },
    {
        "predicate": {
            "custom_model_data": 7
        },
        "model": "item/watering_can/watering_can_darkmatter"
    }
  ]
}