{
	"credit": "Made with Blockbench",
	"texture_size": [32, 32],
	"textures": {
		"1": "item/keys/fishing",
		"particle": "item/keys/fishing"
	},
	"elements": [
		{
			"name": "hexadecagon",
			"from": [5, 8.40326, 7],
			"to": [6, 9.59674, 8],
			"rotation": {"angle": 45, "axis": "z", "origin": [8, 9, 7.5]},
			"faces": {
				"north": {"uv": [3.5, 1.5, 4, 2], "texture": "#1"},
				"east": {"uv": [3, 3.5, 3.5, 4], "texture": "#1"},
				"south": {"uv": [3.5, 3.5, 4, 4], "texture": "#1"},
				"west": {"uv": [0.5, 4, 1, 4.5], "texture": "#1"},
				"up": {"uv": [1.5, 4.5, 1, 4], "texture": "#1"},
				"down": {"uv": [2, 4, 1.5, 4.5], "texture": "#1"}
			}
		},
		{
			"name": "hexadecagon",
			"from": [5, 8.40326, 7.001],
			"to": [6, 9.59674, 8.001],
			"rotation": {"angle": 22.5, "axis": "z", "origin": [8, 9, 7.5]},
			"faces": {
				"north": {"uv": [4, 1.5, 4.5, 2], "texture": "#1"},
				"east": {"uv": [2, 4, 2.5, 4.5], "texture": "#1"},
				"south": {"uv": [2.5, 4, 3, 4.5], "texture": "#1"},
				"west": {"uv": [3, 4, 3.5, 4.5], "texture": "#1"},
				"up": {"uv": [4, 4.5, 3.5, 4], "texture": "#1"},
				"down": {"uv": [4.5, 3.5, 4, 4], "texture": "#1"}
			}
		},
		{
			"name": "hexadecagon",
			"from": [5, 8.40326, 6.999],
			"to": [6, 9.59674, 7.999],
			"rotation": {"angle": 0, "axis": "x", "origin": [8, 9, 7.5]},
			"faces": {
				"north": {"uv": [4, 4, 4.5, 4.5], "texture": "#1"},
				"east": {"uv": [0.5, 4.5, 1, 5], "texture": "#1"},
				"south": {"uv": [1, 4.5, 1.5, 5], "texture": "#1"},
				"west": {"uv": [1.5, 4.5, 2, 5], "texture": "#1"},
				"up": {"uv": [5, 2, 4.5, 1.5], "texture": "#1"},
				"down": {"uv": [2.5, 4.5, 2, 5], "texture": "#1"}
			}
		},
		{
			"name": "hexadecagon",
			"from": [5, 8.40326, 7.001],
			"to": [6, 9.59674, 8.001],
			"rotation": {"angle": -22.5, "axis": "z", "origin": [8, 9, 7.5]},
			"faces": {
				"north": {"uv": [4.5, 2, 5, 2.5], "texture": "#1"},
				"east": {"uv": [2.5, 4.5, 3, 5], "texture": "#1"},
				"south": {"uv": [4.5, 2.5, 5, 3], "texture": "#1"},
				"west": {"uv": [3, 4.5, 3.5, 5], "texture": "#1"},
				"up": {"uv": [5, 3.5, 4.5, 3], "texture": "#1"},
				"down": {"uv": [4, 4.5, 3.5, 5], "texture": "#1"}
			}
		},
		{
			"name": "hexadecagon",
			"from": [5, 8.40326, 6.999],
			"to": [6, 9.59674, 7.999],
			"rotation": {"angle": -45, "axis": "z", "origin": [8, 9, 7.5]},
			"faces": {
				"north": {"uv": [4.5, 3.5, 5, 4], "texture": "#1"},
				"east": {"uv": [4, 4.5, 4.5, 5], "texture": "#1"},
				"south": {"uv": [4.5, 4, 5, 4.5], "texture": "#1"},
				"west": {"uv": [4.5, 4.5, 5, 5], "texture": "#1"},
				"up": {"uv": [0.5, 5.5, 0, 5], "texture": "#1"},
				"down": {"uv": [5.5, 0, 5, 0.5], "texture": "#1"}
			}
		},
		{
			"name": "hexadecagon",
			"from": [10, 8.40326, 6.999],
			"to": [11, 9.59674, 7.999],
			"rotation": {"angle": 45, "axis": "z", "origin": [8, 9, 7.5]},
			"faces": {
				"north": {"uv": [0.5, 5, 1, 5.5], "texture": "#1"},
				"east": {"uv": [5, 0.5, 5.5, 1], "texture": "#1"},
				"south": {"uv": [1, 5, 1.5, 5.5], "texture": "#1"},
				"west": {"uv": [5, 1, 5.5, 1.5], "texture": "#1"},
				"up": {"uv": [2, 5.5, 1.5, 5], "texture": "#1"},
				"down": {"uv": [5.5, 1.5, 5, 2], "texture": "#1"}
			}
		},
		{
			"name": "hexadecagon",
			"from": [10, 8.40326, 7.001],
			"to": [11, 9.59674, 8.001],
			"rotation": {"angle": 22.5, "axis": "z", "origin": [8, 9, 7.5]},
			"faces": {
				"north": {"uv": [2, 5, 2.5, 5.5], "texture": "#1"},
				"east": {"uv": [5, 2, 5.5, 2.5], "texture": "#1"},
				"south": {"uv": [2.5, 5, 3, 5.5], "texture": "#1"},
				"west": {"uv": [5, 2.5, 5.5, 3], "texture": "#1"},
				"up": {"uv": [3.5, 5.5, 3, 5], "texture": "#1"},
				"down": {"uv": [5.5, 3, 5, 3.5], "texture": "#1"}
			}
		},
		{
			"name": "hexadecagon",
			"from": [10, 8.40326, 6.999],
			"to": [11, 9.59674, 7.999],
			"rotation": {"angle": 0, "axis": "x", "origin": [8, 9, 7.5]},
			"faces": {
				"north": {"uv": [3.5, 5, 4, 5.5], "texture": "#1"},
				"east": {"uv": [5, 3.5, 5.5, 4], "texture": "#1"},
				"south": {"uv": [4, 5, 4.5, 5.5], "texture": "#1"},
				"west": {"uv": [5, 4, 5.5, 4.5], "texture": "#1"},
				"up": {"uv": [5, 5.5, 4.5, 5], "texture": "#1"},
				"down": {"uv": [5.5, 4.5, 5, 5], "texture": "#1"}
			}
		},
		{
			"name": "hexadecagon",
			"from": [10, 8.40326, 7.001],
			"to": [11, 9.59674, 8.001],
			"rotation": {"angle": -22.5, "axis": "z", "origin": [8, 9, 7.5]},
			"faces": {
				"north": {"uv": [5, 5, 5.5, 5.5], "texture": "#1"},
				"east": {"uv": [0, 5.5, 0.5, 6], "texture": "#1"},
				"south": {"uv": [5.5, 0, 6, 0.5], "texture": "#1"},
				"west": {"uv": [0.5, 5.5, 1, 6], "texture": "#1"},
				"up": {"uv": [6, 1, 5.5, 0.5], "texture": "#1"},
				"down": {"uv": [1.5, 5.5, 1, 6], "texture": "#1"}
			}
		},
		{
			"name": "hexadecagon",
			"from": [10, 8.40326, 6.999],
			"to": [11, 9.59674, 7.999],
			"rotation": {"angle": -45, "axis": "z", "origin": [8, 9, 7.5]},
			"faces": {
				"north": {"uv": [5.5, 1, 6, 1.5], "texture": "#1"},
				"east": {"uv": [1.5, 5.5, 2, 6], "texture": "#1"},
				"south": {"uv": [5.5, 1.5, 6, 2], "texture": "#1"},
				"west": {"uv": [2, 5.5, 2.5, 6], "texture": "#1"},
				"up": {"uv": [6, 2.5, 5.5, 2], "texture": "#1"},
				"down": {"uv": [3, 5.5, 2.5, 6], "texture": "#1"}
			}
		},
		{
			"name": "hexadecagon",
			"from": [7.40326, 6, 7.001],
			"to": [8.59674, 7, 8.001],
			"rotation": {"angle": 22.5, "axis": "z", "origin": [8, 9, 7.5]},
			"faces": {
				"north": {"uv": [5.5, 2.5, 6, 3], "texture": "#1"},
				"east": {"uv": [3, 5.5, 3.5, 6], "texture": "#1"},
				"south": {"uv": [5.5, 3, 6, 3.5], "texture": "#1"},
				"west": {"uv": [3.5, 5.5, 4, 6], "texture": "#1"},
				"up": {"uv": [6, 4, 5.5, 3.5], "texture": "#1"},
				"down": {"uv": [4.5, 5.5, 4, 6], "texture": "#1"}
			}
		},
		{
			"name": "hexadecagon",
			"from": [7.40326, 6, 6.999],
			"to": [8.59674, 7, 7.999],
			"rotation": {"angle": 0, "axis": "x", "origin": [8, 9, 7.5]},
			"faces": {
				"north": {"uv": [5.5, 4, 6, 4.5], "texture": "#1"},
				"east": {"uv": [4.5, 5.5, 5, 6], "texture": "#1"},
				"south": {"uv": [5.5, 4.5, 6, 5], "texture": "#1"},
				"west": {"uv": [5, 5.5, 5.5, 6], "texture": "#1"},
				"up": {"uv": [6, 5.5, 5.5, 5], "texture": "#1"},
				"down": {"uv": [6, 5.5, 5.5, 6], "texture": "#1"}
			}
		},
		{
			"name": "hexadecagon",
			"from": [7.40326, 6, 7],
			"to": [8.59674, 7, 8],
			"rotation": {"angle": -22.5, "axis": "z", "origin": [8, 9, 7.5]},
			"faces": {
				"north": {"uv": [0, 6, 0.5, 6.5], "texture": "#1"},
				"east": {"uv": [6, 0, 6.5, 0.5], "texture": "#1"},
				"south": {"uv": [0.5, 6, 1, 6.5], "texture": "#1"},
				"west": {"uv": [6, 0.5, 6.5, 1], "texture": "#1"},
				"up": {"uv": [1.5, 6.5, 1, 6], "texture": "#1"},
				"down": {"uv": [6.5, 1, 6, 1.5], "texture": "#1"}
			}
		},
		{
			"name": "hexadecagon",
			"from": [7.40326, 11, 7.001],
			"to": [8.59674, 12, 8.001],
			"rotation": {"angle": 22.5, "axis": "z", "origin": [8, 9, 7.5]},
			"faces": {
				"north": {"uv": [1.5, 6, 2, 6.5], "texture": "#1"},
				"east": {"uv": [6, 1.5, 6.5, 2], "texture": "#1"},
				"south": {"uv": [2, 6, 2.5, 6.5], "texture": "#1"},
				"west": {"uv": [6, 2, 6.5, 2.5], "texture": "#1"},
				"up": {"uv": [3, 6.5, 2.5, 6], "texture": "#1"},
				"down": {"uv": [6.5, 2.5, 6, 3], "texture": "#1"}
			}
		},
		{
			"name": "hexadecagon",
			"from": [7.40326, 11, 7],
			"to": [8.59674, 12, 8],
			"rotation": {"angle": 0, "axis": "x", "origin": [8, 9, 7.5]},
			"faces": {
				"north": {"uv": [3, 6, 3.5, 6.5], "texture": "#1"},
				"east": {"uv": [6, 3, 6.5, 3.5], "texture": "#1"},
				"south": {"uv": [3.5, 6, 4, 6.5], "texture": "#1"},
				"west": {"uv": [6, 3.5, 6.5, 4], "texture": "#1"},
				"up": {"uv": [4.5, 6.5, 4, 6], "texture": "#1"},
				"down": {"uv": [6.5, 4, 6, 4.5], "texture": "#1"}
			}
		},
		{
			"name": "hexadecagon",
			"from": [7.40326, 11, 7.001],
			"to": [8.59674, 12, 8.001],
			"rotation": {"angle": -22.5, "axis": "z", "origin": [8, 9, 7.5]},
			"faces": {
				"north": {"uv": [4.5, 6, 5, 6.5], "texture": "#1"},
				"east": {"uv": [6, 4.5, 6.5, 5], "texture": "#1"},
				"south": {"uv": [5, 6, 5.5, 6.5], "texture": "#1"},
				"west": {"uv": [6, 5, 6.5, 5.5], "texture": "#1"},
				"up": {"uv": [6, 6.5, 5.5, 6], "texture": "#1"},
				"down": {"uv": [6.5, 5.5, 6, 6], "texture": "#1"}
			}
		},
		{
			"name": "hexadecagon",
			"from": [7.40326, 0, 7],
			"to": [8.59674, 5.3, 8],
			"rotation": {"angle": 0, "axis": "x", "origin": [8, 9, 7.5]},
			"faces": {
				"north": {"uv": [0, 0, 0.5, 2.75], "texture": "#1"},
				"east": {"uv": [0.5, 0, 1, 2.75], "texture": "#1"},
				"south": {"uv": [1, 0, 1.5, 2.75], "texture": "#1"},
				"west": {"uv": [1.5, 0, 2, 2.75], "texture": "#1"},
				"up": {"uv": [6.5, 6.5, 6, 6], "texture": "#1"},
				"down": {"uv": [0.5, 6.5, 0, 7], "texture": "#1"}
			}
		},
		{
			"name": "hexadecagon",
			"from": [7.10326, 5.3, 6.7],
			"to": [8.89674, 6, 8.3],
			"rotation": {"angle": 0, "axis": "x", "origin": [8, 9.7, 7.5]},
			"faces": {
				"north": {"uv": [6.5, 0, 7.5, 0.25], "texture": "#1"},
				"east": {"uv": [4, 6.5, 4.75, 6.75], "texture": "#1"},
				"south": {"uv": [0.5, 6.5, 1.5, 6.75], "texture": "#1"},
				"west": {"uv": [6.5, 4, 7.25, 4.25], "texture": "#1"},
				"up": {"uv": [3, 0.75, 2, 0], "texture": "#1"},
				"down": {"uv": [3, 1, 2, 1.75], "texture": "#1"}
			}
		},
		{
			"name": "hexadecagon",
			"from": [7.20326, 3.7, 7.2],
			"to": [7.40326, 4, 7.8],
			"rotation": {"angle": 0, "axis": "x", "origin": [6.9, 9, 7.5]},
			"faces": {
				"north": {"uv": [0.5, 9, 0.75, 9.25], "texture": "#1"},
				"east": {"uv": [9, 0.5, 9.25, 0.75], "texture": "#1"},
				"south": {"uv": [9, 1, 9.25, 1.25], "texture": "#1"},
				"west": {"uv": [9, 1.5, 9.25, 1.75], "texture": "#1"},
				"up": {"uv": [2.25, 9.25, 2, 9], "texture": "#1"},
				"down": {"uv": [9.25, 2, 9, 2.25], "texture": "#1"}
			}
		},
		{
			"name": "hexadecagon",
			"from": [7.00326, 3.7, 7.2],
			"to": [7.20326, 4, 7.4],
			"rotation": {"angle": 0, "axis": "x", "origin": [6.7, 9, 7.5]},
			"faces": {
				"north": {"uv": [2.5, 9, 2.75, 9.25], "texture": "#1"},
				"east": {"uv": [9, 2.5, 9.25, 2.75], "texture": "#1"},
				"south": {"uv": [3, 9, 3.25, 9.25], "texture": "#1"},
				"west": {"uv": [9, 3, 9.25, 3.25], "texture": "#1"},
				"up": {"uv": [3.75, 9.25, 3.5, 9], "texture": "#1"},
				"down": {"uv": [9.25, 3.5, 9, 3.75], "texture": "#1"}
			}
		},
		{
			"name": "hexadecagon",
			"from": [7.00326, 3.7, 7.6],
			"to": [7.20326, 4, 7.8],
			"rotation": {"angle": 0, "axis": "x", "origin": [6.7, 9, 7.9]},
			"faces": {
				"north": {"uv": [4, 9, 4.25, 9.25], "texture": "#1"},
				"east": {"uv": [4.5, 9, 4.75, 9.25], "texture": "#1"},
				"south": {"uv": [9, 4.5, 9.25, 4.75], "texture": "#1"},
				"west": {"uv": [5, 9, 5.25, 9.25], "texture": "#1"},
				"up": {"uv": [9.25, 5.25, 9, 5], "texture": "#1"},
				"down": {"uv": [9.25, 5.5, 9, 5.75], "texture": "#1"}
			}
		},
		{
			"name": "hexadecagon",
			"from": [7.00326, 3, 7.6],
			"to": [7.20326, 3.3, 7.8],
			"rotation": {"angle": 0, "axis": "x", "origin": [6.7, 8.3, 7.9]},
			"faces": {
				"north": {"uv": [6, 9, 6.25, 9.25], "texture": "#1"},
				"east": {"uv": [9, 6, 9.25, 6.25], "texture": "#1"},
				"south": {"uv": [6.5, 9, 6.75, 9.25], "texture": "#1"},
				"west": {"uv": [9, 6.5, 9.25, 6.75], "texture": "#1"},
				"up": {"uv": [7.25, 9.25, 7, 9], "texture": "#1"},
				"down": {"uv": [9.25, 7, 9, 7.25], "texture": "#1"}
			}
		},
		{
			"name": "hexadecagon",
			"from": [7.20326, 3, 7.2],
			"to": [7.40326, 3.3, 7.8],
			"rotation": {"angle": 0, "axis": "x", "origin": [6.9, 8.3, 7.5]},
			"faces": {
				"north": {"uv": [7.5, 9, 7.75, 9.25], "texture": "#1"},
				"east": {"uv": [9, 7.5, 9.25, 7.75], "texture": "#1"},
				"south": {"uv": [8, 9, 8.25, 9.25], "texture": "#1"},
				"west": {"uv": [9, 8, 9.25, 8.25], "texture": "#1"},
				"up": {"uv": [8.75, 9.25, 8.5, 9], "texture": "#1"},
				"down": {"uv": [9.25, 8.5, 9, 8.75], "texture": "#1"}
			}
		},
		{
			"name": "hexadecagon",
			"from": [7.00326, 3, 7.2],
			"to": [7.20326, 3.3, 7.4],
			"rotation": {"angle": 0, "axis": "x", "origin": [6.7, 8.3, 7.5]},
			"faces": {
				"north": {"uv": [9, 9, 9.25, 9.25], "texture": "#1"},
				"east": {"uv": [0, 9.5, 0.25, 9.75], "texture": "#1"},
				"south": {"uv": [9.5, 0, 9.75, 0.25], "texture": "#1"},
				"west": {"uv": [0.5, 9.5, 0.75, 9.75], "texture": "#1"},
				"up": {"uv": [9.75, 0.75, 9.5, 0.5], "texture": "#1"},
				"down": {"uv": [1.25, 9.5, 1, 9.75], "texture": "#1"}
			}
		},
		{
			"name": "hexadecagon",
			"from": [7.00326, 0.9, 7.6],
			"to": [7.20326, 1.2, 7.8],
			"rotation": {"angle": 0, "axis": "x", "origin": [6.7, 6.2, 7.9]},
			"faces": {
				"north": {"uv": [9.5, 1, 9.75, 1.25], "texture": "#1"},
				"east": {"uv": [1.5, 9.5, 1.75, 9.75], "texture": "#1"},
				"south": {"uv": [9.5, 1.5, 9.75, 1.75], "texture": "#1"},
				"west": {"uv": [2, 9.5, 2.25, 9.75], "texture": "#1"},
				"up": {"uv": [9.75, 2.25, 9.5, 2], "texture": "#1"},
				"down": {"uv": [2.75, 9.5, 2.5, 9.75], "texture": "#1"}
			}
		},
		{
			"name": "hexadecagon",
			"from": [7.20326, 0.9, 7.2],
			"to": [7.40326, 1.2, 7.8],
			"rotation": {"angle": 0, "axis": "x", "origin": [6.9, 6.2, 7.5]},
			"faces": {
				"north": {"uv": [9.5, 2.5, 9.75, 2.75], "texture": "#1"},
				"east": {"uv": [3, 9.5, 3.25, 9.75], "texture": "#1"},
				"south": {"uv": [9.5, 3, 9.75, 3.25], "texture": "#1"},
				"west": {"uv": [3.5, 9.5, 3.75, 9.75], "texture": "#1"},
				"up": {"uv": [9.75, 3.75, 9.5, 3.5], "texture": "#1"},
				"down": {"uv": [4.25, 9.5, 4, 9.75], "texture": "#1"}
			}
		},
		{
			"name": "hexadecagon",
			"from": [7.00326, 0.9, 7.2],
			"to": [7.20326, 1.2, 7.4],
			"rotation": {"angle": 0, "axis": "x", "origin": [6.7, 6.2, 7.5]},
			"faces": {
				"north": {"uv": [9.5, 4, 9.75, 4.25], "texture": "#1"},
				"east": {"uv": [4.5, 9.5, 4.75, 9.75], "texture": "#1"},
				"south": {"uv": [9.5, 4.5, 9.75, 4.75], "texture": "#1"},
				"west": {"uv": [5, 9.5, 5.25, 9.75], "texture": "#1"},
				"up": {"uv": [9.75, 5.25, 9.5, 5], "texture": "#1"},
				"down": {"uv": [5.75, 9.5, 5.5, 9.75], "texture": "#1"}
			}
		},
		{
			"from": [8.46366, 4.19123, 7.72319],
			"to": [8.74366, 4.47123, 8.36319],
			"rotation": {"angle": 0, "axis": "z", "origin": [8.41293, 4.33123, 8.31865]},
			"faces": {
				"north": {"uv": [9.5, 5.5, 9.75, 5.75], "texture": "#1"},
				"east": {"uv": [6, 9.5, 6.25, 9.75], "texture": "#1"},
				"south": {"uv": [9.5, 6, 9.75, 6.25], "texture": "#1"},
				"west": {"uv": [6.5, 9.5, 6.75, 9.75], "texture": "#1"},
				"up": {"uv": [9.75, 6.75, 9.5, 6.5], "texture": "#1"},
				"down": {"uv": [7.25, 9.5, 7, 9.75], "texture": "#1"}
			}
		},
		{
			"from": [8.10144, 4.19123, 8.20637],
			"to": [8.70144, 4.47123, 8.48637],
			"rotation": {"angle": 22.5, "axis": "y", "origin": [8.41293, 4.33123, 8.31865]},
			"faces": {
				"north": {"uv": [9.5, 7, 9.75, 7.25], "texture": "#1"},
				"east": {"uv": [7.5, 9.5, 7.75, 9.75], "texture": "#1"},
				"south": {"uv": [9.5, 7.5, 9.75, 7.75], "texture": "#1"},
				"west": {"uv": [8, 9.5, 8.25, 9.75], "texture": "#1"},
				"up": {"uv": [9.75, 8.25, 9.5, 8], "texture": "#1"},
				"down": {"uv": [8.75, 9.5, 8.5, 9.75], "texture": "#1"}
			}
		},
		{
			"from": [8.08219, 4.19123, 8.33412],
			"to": [8.36219, 4.47123, 8.85412],
			"rotation": {"angle": 0, "axis": "z", "origin": [8.41293, 4.33123, 8.31865]},
			"faces": {
				"north": {"uv": [9.5, 8.5, 9.75, 8.75], "texture": "#1"},
				"east": {"uv": [9, 9.5, 9.25, 9.75], "texture": "#1"},
				"south": {"uv": [9.5, 9, 9.75, 9.25], "texture": "#1"},
				"west": {"uv": [9.5, 9.5, 9.75, 9.75], "texture": "#1"},
				"up": {"uv": [0.25, 10.25, 0, 10], "texture": "#1"},
				"down": {"uv": [10.25, 0, 10, 0.25], "texture": "#1"}
			}
		},
		{
			"from": [8.14773, 4.16155, 6.92319],
			"to": [8.78773, 4.88155, 8.04319],
			"rotation": {"angle": 22.5, "axis": "z", "origin": [9.07436, 4.72781, 7.48319]},
			"faces": {
				"north": {"uv": [0.5, 10, 0.75, 10.25], "texture": "#1"},
				"east": {"uv": [8.5, 5.5, 9, 5.75], "texture": "#1"},
				"south": {"uv": [10, 0.5, 10.25, 0.75], "texture": "#1"},
				"west": {"uv": [6, 8.5, 6.5, 8.75], "texture": "#1"},
				"up": {"uv": [8.75, 6.5, 8.5, 6], "texture": "#1"},
				"down": {"uv": [8.75, 6.5, 8.5, 7], "texture": "#1"}
			}
		},
		{
			"name": "hexadecagon",
			"from": [8.48065, 4.6, 6.78319],
			"to": [8.71935, 4.9, 8.18319],
			"rotation": {"angle": 22.5, "axis": "z", "origin": [8.6, 4.3, 7.38319]},
			"faces": {
				"north": {"uv": [1, 10, 1.25, 10.25], "texture": "#1"},
				"east": {"uv": [6.5, 4.5, 7.25, 4.75], "texture": "#1"},
				"south": {"uv": [10, 1, 10.25, 1.25], "texture": "#1"},
				"west": {"uv": [5, 6.5, 5.75, 6.75], "texture": "#1"},
				"up": {"uv": [6.75, 5.75, 6.5, 5], "texture": "#1"},
				"down": {"uv": [6.25, 6.5, 6, 7.25], "texture": "#1"}
			}
		},
		{
			"name": "hexadecagon",
			"from": [8.48065, 4.6, 6.78319],
			"to": [8.71935, 4.9, 8.18319],
			"rotation": {"angle": 0, "axis": "y", "origin": [8.6, 4.3, 7.38319]},
			"faces": {
				"north": {"uv": [1.5, 10, 1.75, 10.25], "texture": "#1"},
				"east": {"uv": [6.5, 6, 7.25, 6.25], "texture": "#1"},
				"south": {"uv": [10, 1.5, 10.25, 1.75], "texture": "#1"},
				"west": {"uv": [6.5, 6.5, 7.25, 6.75], "texture": "#1"},
				"up": {"uv": [0.25, 7.75, 0, 7], "texture": "#1"},
				"down": {"uv": [0.75, 7, 0.5, 7.75], "texture": "#1"}
			}
		},
		{
			"name": "hexadecagon",
			"from": [8.48065, 4.6, 6.78319],
			"to": [8.71935, 4.9, 8.18319],
			"rotation": {"angle": -22.5, "axis": "z", "origin": [8.6, 4.3, 7.38319]},
			"faces": {
				"north": {"uv": [2, 10, 2.25, 10.25], "texture": "#1"},
				"east": {"uv": [7, 0.5, 7.75, 0.75], "texture": "#1"},
				"south": {"uv": [10, 2, 10.25, 2.25], "texture": "#1"},
				"west": {"uv": [1, 7, 1.75, 7.25], "texture": "#1"},
				"up": {"uv": [7.25, 1.75, 7, 1], "texture": "#1"},
				"down": {"uv": [2.25, 7, 2, 7.75], "texture": "#1"}
			}
		},
		{
			"name": "hexadecagon",
			"from": [8.48065, 3.7, 6.78319],
			"to": [8.71935, 4, 8.18319],
			"rotation": {"angle": 22.5, "axis": "z", "origin": [8.6, 4.3, 7.38319]},
			"faces": {
				"north": {"uv": [2.5, 10, 2.75, 10.25], "texture": "#1"},
				"east": {"uv": [7, 2, 7.75, 2.25], "texture": "#1"},
				"south": {"uv": [10, 2.5, 10.25, 2.75], "texture": "#1"},
				"west": {"uv": [2.5, 7, 3.25, 7.25], "texture": "#1"},
				"up": {"uv": [7.25, 3.25, 7, 2.5], "texture": "#1"},
				"down": {"uv": [3.75, 7, 3.5, 7.75], "texture": "#1"}
			}
		},
		{
			"name": "hexadecagon",
			"from": [8.48065, 3.7, 6.78319],
			"to": [8.71935, 4, 8.18319],
			"rotation": {"angle": 0, "axis": "y", "origin": [8.6, 4.3, 7.38319]},
			"faces": {
				"north": {"uv": [3, 10, 3.25, 10.25], "texture": "#1"},
				"east": {"uv": [7, 3.5, 7.75, 3.75], "texture": "#1"},
				"south": {"uv": [10, 3, 10.25, 3.25], "texture": "#1"},
				"west": {"uv": [4, 7, 4.75, 7.25], "texture": "#1"},
				"up": {"uv": [5.25, 7.75, 5, 7], "texture": "#1"},
				"down": {"uv": [7.25, 5, 7, 5.75], "texture": "#1"}
			}
		},
		{
			"name": "hexadecagon",
			"from": [8.48065, 3.7, 6.78319],
			"to": [8.71935, 4, 8.18319],
			"rotation": {"angle": -22.5, "axis": "z", "origin": [8.6, 4.3, 7.38319]},
			"faces": {
				"north": {"uv": [3.5, 10, 3.75, 10.25], "texture": "#1"},
				"east": {"uv": [6.5, 7, 7.25, 7.25], "texture": "#1"},
				"south": {"uv": [10, 3.5, 10.25, 3.75], "texture": "#1"},
				"west": {"uv": [7.5, 0, 8.25, 0.25], "texture": "#1"},
				"up": {"uv": [5.75, 7.75, 5.5, 7], "texture": "#1"},
				"down": {"uv": [1.25, 7.5, 1, 8.25], "texture": "#1"}
			}
		},
		{
			"name": "hexadecagon",
			"from": [8, 4.18065, 6.78319],
			"to": [8.3, 4.41935, 8.18319],
			"rotation": {"angle": 45, "axis": "z", "origin": [8.6, 4.3, 7.38319]},
			"faces": {
				"north": {"uv": [4, 10, 4.25, 10.25], "texture": "#1"},
				"east": {"uv": [7.5, 1, 8.25, 1.25], "texture": "#1"},
				"south": {"uv": [10, 4, 10.25, 4.25], "texture": "#1"},
				"west": {"uv": [7.5, 1.5, 8.25, 1.75], "texture": "#1"},
				"up": {"uv": [1.75, 8.25, 1.5, 7.5], "texture": "#1"},
				"down": {"uv": [2.75, 7.5, 2.5, 8.25], "texture": "#1"}
			}
		},
		{
			"name": "hexadecagon",
			"from": [8, 4.18065, 6.78319],
			"to": [8.3, 4.41935, 8.18319],
			"rotation": {"angle": 22.5, "axis": "z", "origin": [8.6, 4.3, 7.38319]},
			"faces": {
				"north": {"uv": [4.5, 10, 4.75, 10.25], "texture": "#1"},
				"east": {"uv": [7.5, 2.5, 8.25, 2.75], "texture": "#1"},
				"south": {"uv": [10, 4.5, 10.25, 4.75], "texture": "#1"},
				"west": {"uv": [7.5, 3, 8.25, 3.25], "texture": "#1"},
				"up": {"uv": [3.25, 8.25, 3, 7.5], "texture": "#1"},
				"down": {"uv": [4.25, 7.5, 4, 8.25], "texture": "#1"}
			}
		},
		{
			"name": "hexadecagon",
			"from": [8, 4.18065, 6.78319],
			"to": [8.3, 4.41935, 8.18319],
			"rotation": {"angle": 0, "axis": "y", "origin": [8.6, 4.3, 7.38319]},
			"faces": {
				"north": {"uv": [5, 10, 5.25, 10.25], "texture": "#1"},
				"east": {"uv": [7.5, 4, 8.25, 4.25], "texture": "#1"},
				"south": {"uv": [10, 5, 10.25, 5.25], "texture": "#1"},
				"west": {"uv": [7.5, 4.5, 8.25, 4.75], "texture": "#1"},
				"up": {"uv": [4.75, 8.25, 4.5, 7.5], "texture": "#1"},
				"down": {"uv": [7.75, 5, 7.5, 5.75], "texture": "#1"}
			}
		},
		{
			"name": "hexadecagon",
			"from": [8, 4.18065, 6.78319],
			"to": [8.3, 4.41935, 8.18319],
			"rotation": {"angle": -22.5, "axis": "z", "origin": [8.6, 4.3, 7.38319]},
			"faces": {
				"north": {"uv": [5.5, 10, 5.75, 10.25], "texture": "#1"},
				"east": {"uv": [6, 7.5, 6.75, 7.75], "texture": "#1"},
				"south": {"uv": [10, 5.5, 10.25, 5.75], "texture": "#1"},
				"west": {"uv": [7.5, 6, 8.25, 6.25], "texture": "#1"},
				"up": {"uv": [7.75, 7.25, 7.5, 6.5], "texture": "#1"},
				"down": {"uv": [7.25, 7.5, 7, 8.25], "texture": "#1"}
			}
		},
		{
			"name": "hexadecagon",
			"from": [8, 4.18065, 6.78319],
			"to": [8.3, 4.41935, 8.18319],
			"rotation": {"angle": -45, "axis": "z", "origin": [8.6, 4.3, 7.38319]},
			"faces": {
				"north": {"uv": [6, 10, 6.25, 10.25], "texture": "#1"},
				"east": {"uv": [7.5, 7.5, 8.25, 7.75], "texture": "#1"},
				"south": {"uv": [10, 6, 10.25, 6.25], "texture": "#1"},
				"west": {"uv": [0, 8, 0.75, 8.25], "texture": "#1"},
				"up": {"uv": [2.25, 8.75, 2, 8], "texture": "#1"},
				"down": {"uv": [3.75, 8, 3.5, 8.75], "texture": "#1"}
			}
		},
		{
			"name": "hexadecagon",
			"from": [8.9, 4.18065, 6.78319],
			"to": [9.2, 4.41935, 8.18319],
			"rotation": {"angle": 45, "axis": "z", "origin": [8.6, 4.3, 7.38319]},
			"faces": {
				"north": {"uv": [6.5, 10, 6.75, 10.25], "texture": "#1"},
				"east": {"uv": [8, 0.5, 8.75, 0.75], "texture": "#1"},
				"south": {"uv": [10, 6.5, 10.25, 6.75], "texture": "#1"},
				"west": {"uv": [8, 2, 8.75, 2.25], "texture": "#1"},
				"up": {"uv": [5.25, 8.75, 5, 8], "texture": "#1"},
				"down": {"uv": [8.25, 5, 8, 5.75], "texture": "#1"}
			}
		},
		{
			"name": "hexadecagon",
			"from": [8.9, 4.18065, 6.78319],
			"to": [9.2, 4.41935, 8.18319],
			"rotation": {"angle": 22.5, "axis": "z", "origin": [8.6, 4.3, 7.38319]},
			"faces": {
				"north": {"uv": [7, 10, 7.25, 10.25], "texture": "#1"},
				"east": {"uv": [8, 3.5, 8.75, 3.75], "texture": "#1"},
				"south": {"uv": [10, 7, 10.25, 7.25], "texture": "#1"},
				"west": {"uv": [5.5, 8, 6.25, 8.25], "texture": "#1"},
				"up": {"uv": [6.75, 8.75, 6.5, 8], "texture": "#1"},
				"down": {"uv": [8.25, 6.5, 8, 7.25], "texture": "#1"}
			}
		},
		{
			"name": "hexadecagon",
			"from": [8.9, 4.18065, 6.78319],
			"to": [9.2, 4.41935, 8.18319],
			"rotation": {"angle": 0, "axis": "y", "origin": [8.6, 4.3, 7.38319]},
			"faces": {
				"north": {"uv": [7.5, 10, 7.75, 10.25], "texture": "#1"},
				"east": {"uv": [7.5, 8, 8.25, 8.25], "texture": "#1"},
				"south": {"uv": [10, 7.5, 10.25, 7.75], "texture": "#1"},
				"west": {"uv": [0, 8.5, 0.75, 8.75], "texture": "#1"},
				"up": {"uv": [1.25, 9.25, 1, 8.5], "texture": "#1"},
				"down": {"uv": [8.75, 1, 8.5, 1.75], "texture": "#1"}
			}
		},
		{
			"name": "hexadecagon",
			"from": [8.9, 4.18065, 6.78319],
			"to": [9.2, 4.41935, 8.18319],
			"rotation": {"angle": -22.5, "axis": "z", "origin": [8.6, 4.3, 7.38319]},
			"faces": {
				"north": {"uv": [8, 10, 8.25, 10.25], "texture": "#1"},
				"east": {"uv": [8.5, 0, 9.25, 0.25], "texture": "#1"},
				"south": {"uv": [10, 8, 10.25, 8.25], "texture": "#1"},
				"west": {"uv": [2.5, 8.5, 3.25, 8.75], "texture": "#1"},
				"up": {"uv": [1.75, 9.25, 1.5, 8.5], "texture": "#1"},
				"down": {"uv": [8.75, 2.5, 8.5, 3.25], "texture": "#1"}
			}
		},
		{
			"name": "hexadecagon",
			"from": [8.9, 4.18065, 6.78319],
			"to": [9.2, 4.41935, 8.18319],
			"rotation": {"angle": -45, "axis": "z", "origin": [8.6, 4.3, 7.38319]},
			"faces": {
				"north": {"uv": [8.5, 10, 8.75, 10.25], "texture": "#1"},
				"east": {"uv": [4, 8.5, 4.75, 8.75], "texture": "#1"},
				"south": {"uv": [10, 8.5, 10.25, 8.75], "texture": "#1"},
				"west": {"uv": [8.5, 4, 9.25, 4.25], "texture": "#1"},
				"up": {"uv": [8.75, 5.25, 8.5, 4.5], "texture": "#1"},
				"down": {"uv": [5.75, 8.5, 5.5, 9.25], "texture": "#1"}
			}
		},
		{
			"from": [10.79471, 2.48525, 7.025],
			"to": [11.29471, 2.88525, 7.425],
			"rotation": {"angle": 0, "axis": "x", "origin": [11.01971, 2.76025, 7.425]},
			"faces": {
				"north": {"uv": [9, 10, 9.25, 10.25], "texture": "#1"},
				"east": {"uv": [10, 9, 10.25, 9.25], "texture": "#1"},
				"south": {"uv": [9.5, 10, 9.75, 10.25], "texture": "#1"},
				"west": {"uv": [10, 9.5, 10.25, 9.75], "texture": "#1"},
				"up": {"uv": [10.25, 10.25, 10, 10], "texture": "#1"},
				"down": {"uv": [0.25, 10.5, 0, 10.75], "texture": "#1"}
			}
		},
		{
			"from": [11.29471, 2.48525, 7.025],
			"to": [11.69471, 2.88525, 8.125],
			"rotation": {"angle": 0, "axis": "x", "origin": [11.51971, 2.76025, 7.425]},
			"faces": {
				"north": {"uv": [10.5, 0, 10.75, 0.25], "texture": "#1"},
				"east": {"uv": [7, 8.5, 7.5, 8.75], "texture": "#1"},
				"south": {"uv": [0.5, 10.5, 0.75, 10.75], "texture": "#1"},
				"west": {"uv": [8.5, 7, 9, 7.25], "texture": "#1"},
				"up": {"uv": [7.75, 9, 7.5, 8.5], "texture": "#1"},
				"down": {"uv": [8.75, 7.5, 8.5, 8], "texture": "#1"}
			}
		},
		{
			"from": [9.59471, 2.08525, 6.9],
			"to": [10.79471, 3.28525, 8.1],
			"rotation": {"angle": 0, "axis": "x", "origin": [12.01971, 3.26025, 7.8]},
			"faces": {
				"north": {"uv": [6.5, 0.5, 7, 1], "texture": "#1"},
				"east": {"uv": [6.5, 1, 7, 1.5], "texture": "#1"},
				"south": {"uv": [1.5, 6.5, 2, 7], "texture": "#1"},
				"west": {"uv": [6.5, 1.5, 7, 2], "texture": "#1"},
				"up": {"uv": [2.5, 7, 2, 6.5], "texture": "#1"},
				"down": {"uv": [7, 2, 6.5, 2.5], "texture": "#1"}
			}
		},
		{
			"from": [7.29471, 2.61025, 7.425],
			"to": [9.59471, 2.76025, 7.575],
			"rotation": {"angle": 0, "axis": "x", "origin": [10.81971, 3.31025, 7.85]},
			"faces": {
				"north": {"uv": [0.5, 3, 1.75, 3.25], "texture": "#1"},
				"east": {"uv": [10.5, 0.5, 10.75, 0.75], "texture": "#1"},
				"south": {"uv": [3, 2, 4.25, 2.25], "texture": "#1"},
				"west": {"uv": [1, 10.5, 1.25, 10.75], "texture": "#1"},
				"up": {"uv": [4.25, 2.75, 3, 2.5], "texture": "#1"},
				"down": {"uv": [4.25, 3, 3, 3.25], "texture": "#1"}
			}
		},
		{
			"from": [7.40957, 3.40146, 7.425],
			"to": [7.68457, 3.55146, 7.575],
			"rotation": {"angle": -45, "axis": "z", "origin": [6.53457, 3.47646, 7.5]},
			"faces": {
				"north": {"uv": [10.5, 1, 10.75, 1.25], "texture": "#1"},
				"east": {"uv": [1.5, 10.5, 1.75, 10.75], "texture": "#1"},
				"south": {"uv": [10.5, 1.5, 10.75, 1.75], "texture": "#1"},
				"west": {"uv": [2, 10.5, 2.25, 10.75], "texture": "#1"},
				"up": {"uv": [10.75, 2.25, 10.5, 2], "texture": "#1"},
				"down": {"uv": [2.75, 10.5, 2.5, 10.75], "texture": "#1"}
			}
		},
		{
			"from": [7.38635, 3.32082, 7.425],
			"to": [7.93635, 3.47082, 7.575],
			"rotation": {"angle": 45, "axis": "z", "origin": [6.48635, 3.39582, 7.5]},
			"faces": {
				"north": {"uv": [10.5, 2.5, 10.75, 2.75], "texture": "#1"},
				"east": {"uv": [3, 10.5, 3.25, 10.75], "texture": "#1"},
				"south": {"uv": [10.5, 3, 10.75, 3.25], "texture": "#1"},
				"west": {"uv": [3.5, 10.5, 3.75, 10.75], "texture": "#1"},
				"up": {"uv": [10.75, 3.75, 10.5, 3.5], "texture": "#1"},
				"down": {"uv": [4.25, 10.5, 4, 10.75], "texture": "#1"}
			}
		},
		{
			"from": [7.37902, 1.382, 7.425],
			"to": [7.60402, 1.532, 7.575],
			"rotation": {"angle": -45, "axis": "z", "origin": [6.50402, 1.457, 7.5]},
			"faces": {
				"north": {"uv": [10.5, 4, 10.75, 4.25], "texture": "#1"},
				"east": {"uv": [4.5, 10.5, 4.75, 10.75], "texture": "#1"},
				"south": {"uv": [10.5, 4.5, 10.75, 4.75], "texture": "#1"},
				"west": {"uv": [5, 10.5, 5.25, 10.75], "texture": "#1"},
				"up": {"uv": [10.75, 5.25, 10.5, 5], "texture": "#1"},
				"down": {"uv": [5.75, 10.5, 5.5, 10.75], "texture": "#1"}
			}
		},
		{
			"from": [7.06971, 0.78525, 7.425],
			"to": [7.21971, 4.08525, 7.575],
			"rotation": {"angle": 0, "axis": "z", "origin": [7.14471, 2.68525, 7.5]},
			"faces": {
				"north": {"uv": [2, 2, 2.25, 3.75], "texture": "#1"},
				"east": {"uv": [2.5, 2, 2.75, 3.75], "texture": "#1"},
				"south": {"uv": [0, 3, 0.25, 4.75], "texture": "#1"},
				"west": {"uv": [3, 0, 3.25, 1.75], "texture": "#1"},
				"up": {"uv": [10.75, 5.75, 10.5, 5.5], "texture": "#1"},
				"down": {"uv": [6.25, 10.5, 6, 10.75], "texture": "#1"}
			}
		},
		{
			"from": [7.22881, 0.62615, 7.425],
			"to": [9.57881, 0.77615, 7.575],
			"rotation": {"angle": 0, "axis": "x", "origin": [10.80381, 1.32615, 7.85]},
			"faces": {
				"north": {"uv": [3.5, 0, 4.75, 0.25], "texture": "#1"},
				"east": {"uv": [10.5, 6, 10.75, 6.25], "texture": "#1"},
				"south": {"uv": [0.5, 3.5, 1.75, 3.75], "texture": "#1"},
				"west": {"uv": [6.5, 10.5, 6.75, 10.75], "texture": "#1"},
				"up": {"uv": [4.75, 0.75, 3.5, 0.5], "texture": "#1"},
				"down": {"uv": [4.75, 1, 3.5, 1.25], "texture": "#1"}
			}
		},
		{
			"from": [11.29471, 0.48525, 7.025],
			"to": [11.69471, 0.88525, 8.125],
			"rotation": {"angle": 0, "axis": "x", "origin": [11.51971, 0.76025, 7.425]},
			"faces": {
				"north": {"uv": [10.5, 6.5, 10.75, 6.75], "texture": "#1"},
				"east": {"uv": [8, 8.5, 8.5, 8.75], "texture": "#1"},
				"south": {"uv": [7, 10.5, 7.25, 10.75], "texture": "#1"},
				"west": {"uv": [8.5, 8, 9, 8.25], "texture": "#1"},
				"up": {"uv": [8.75, 9, 8.5, 8.5], "texture": "#1"},
				"down": {"uv": [0.25, 9, 0, 9.5], "texture": "#1"}
			}
		},
		{
			"from": [9.59471, 0.08525, 6.9],
			"to": [10.79471, 1.28525, 8.1],
			"rotation": {"angle": 0, "axis": "x", "origin": [12.01971, 1.26025, 7.8]},
			"faces": {
				"north": {"uv": [2.5, 6.5, 3, 7], "texture": "#1"},
				"east": {"uv": [6.5, 2.5, 7, 3], "texture": "#1"},
				"south": {"uv": [3, 6.5, 3.5, 7], "texture": "#1"},
				"west": {"uv": [6.5, 3, 7, 3.5], "texture": "#1"},
				"up": {"uv": [4, 7, 3.5, 6.5], "texture": "#1"},
				"down": {"uv": [7, 3.5, 6.5, 4], "texture": "#1"}
			}
		},
		{
			"from": [7.16303, 8.80939, 8.45899],
			"to": [8.04503, 9.69139, 9.34099],
			"rotation": {"angle": -45, "axis": "x", "origin": [7.95683, 8.63878, 7.68216]},
			"faces": {
				"north": {"uv": [11, 5.5, 11.75, 6.25], "rotation": 90, "texture": "#1"},
				"east": {"uv": [11.75, 6.5, 11, 7.25], "rotation": 180, "texture": "#1"},
				"south": {"uv": [11, 4.5, 11.75, 5.25], "rotation": 270, "texture": "#1"},
				"west": {"uv": [6.75, 11.75, 6, 11], "texture": "#1"},
				"up": {"uv": [4, 11, 4.75, 11.75], "rotation": 270, "texture": "#1"},
				"down": {"uv": [5, 11, 5.75, 11.75], "rotation": 270, "texture": "#1"}
			}
		},
		{
			"from": [7.42763, 7.75099, 7.31239],
			"to": [8.83883, 9.51499, 9.07639],
			"rotation": {"angle": -45, "axis": "x", "origin": [7.95683, 8.63878, 7.68216]},
			"faces": {
				"north": {"uv": [1.5, 11, 3, 12.25], "rotation": 90, "texture": "#1"},
				"east": {"uv": [10.5, 10.5, 9, 12], "rotation": 180, "texture": "#1"},
				"south": {"uv": [0, 11, 1.5, 12.25], "rotation": 270, "texture": "#1"},
				"west": {"uv": [12, 10, 10.5, 8.5], "texture": "#1"},
				"up": {"uv": [10.5, 10, 12, 11.25], "rotation": 270, "texture": "#1"},
				"down": {"uv": [11, 0, 12.5, 1.25], "rotation": 270, "texture": "#1"}
			}
		},
		{
			"from": [8.22143, 9.27223, 6.66068],
			"to": [8.39783, 9.71323, 7.54268],
			"rotation": {"angle": 0, "axis": "x", "origin": [7.95683, 8.63878, 7.68216]},
			"faces": {
				"north": {"uv": [12.5, 2.5, 13, 2.75], "rotation": 90, "texture": "#1"},
				"east": {"uv": [4.75, 12, 4, 12.5], "rotation": 180, "texture": "#1"},
				"south": {"uv": [2.5, 12.5, 3, 12.75], "rotation": 270, "texture": "#1"},
				"west": {"uv": [12.75, 4, 12, 3.5], "texture": "#1"},
				"up": {"uv": [9, 12, 9.75, 12.25], "rotation": 270, "texture": "#1"},
				"down": {"uv": [12, 9.5, 12.75, 9.75], "rotation": 270, "texture": "#1"}
			}
		},
		{
			"from": [7.51583, 7.83919, 7.13599],
			"to": [8.66243, 9.42679, 7.31239],
			"rotation": {"angle": -45, "axis": "x", "origin": [7.95683, 8.63878, 7.68216]},
			"faces": {
				"north": {"uv": [11, 2.5, 12.25, 3.5], "rotation": 90, "texture": "#1"},
				"east": {"uv": [7.75, 12, 7.5, 13.25], "rotation": 180, "texture": "#1"},
				"south": {"uv": [11, 1.5, 12.25, 2.5], "rotation": 270, "texture": "#1"},
				"west": {"uv": [7.25, 13.25, 7, 12], "texture": "#1"},
				"up": {"uv": [12, 7.5, 12.25, 8.5], "rotation": 270, "texture": "#1"},
				"down": {"uv": [8, 12, 8.25, 13], "rotation": 270, "texture": "#1"}
			}
		},
		{
			"from": [7.69223, 8.01559, 6.95959],
			"to": [8.48603, 9.25039, 7.13599],
			"rotation": {"angle": -45, "axis": "x", "origin": [7.95683, 8.63878, 7.68216]},
			"faces": {
				"north": {"uv": [11, 3.5, 12, 4.25], "rotation": 90, "texture": "#1"},
				"east": {"uv": [12.25, 8.5, 12, 9.5], "rotation": 180, "texture": "#1"},
				"south": {"uv": [3, 11, 4, 11.75], "rotation": 270, "texture": "#1"},
				"west": {"uv": [8.75, 13, 8.5, 12], "texture": "#1"},
				"up": {"uv": [10, 12, 10.25, 12.75], "rotation": 270, "texture": "#1"},
				"down": {"uv": [12, 10, 12.25, 10.75], "rotation": 270, "texture": "#1"}
			}
		},
		{
			"from": [7.86863, 8.19199, 6.78319],
			"to": [8.30963, 9.07399, 6.95959],
			"rotation": {"angle": -45, "axis": "x", "origin": [7.95683, 8.63878, 7.68216]},
			"faces": {
				"north": {"uv": [12, 4.5, 12.75, 5], "rotation": 90, "texture": "#1"},
				"east": {"uv": [12.75, 0, 12.5, 0.75], "rotation": 180, "texture": "#1"},
				"south": {"uv": [12, 4, 12.75, 4.5], "rotation": 270, "texture": "#1"},
				"west": {"uv": [0.25, 13.25, 0, 12.5], "texture": "#1"},
				"up": {"uv": [12.5, 3, 12.75, 3.5], "rotation": 270, "texture": "#1"},
				"down": {"uv": [4, 12.5, 4.25, 13], "rotation": 270, "texture": "#1"}
			}
		},
		{
			"from": [8.04503, 8.15596, 6.03165],
			"to": [8.22143, 8.59696, 6.91365],
			"rotation": {"angle": -22.5, "axis": "x", "origin": [7.95683, 8.63878, 7.68216]},
			"faces": {
				"north": {"uv": [5, 12.5, 5.5, 12.75], "rotation": 90, "texture": "#1"},
				"east": {"uv": [12.75, 5, 12, 5.5], "rotation": 180, "texture": "#1"},
				"south": {"uv": [4.5, 12.5, 5, 12.75], "rotation": 270, "texture": "#1"},
				"west": {"uv": [5.75, 12.5, 5, 12], "texture": "#1"},
				"up": {"uv": [12, 11, 12.75, 11.25], "rotation": 270, "texture": "#1"},
				"down": {"uv": [0.5, 12.5, 1.25, 12.75], "rotation": 270, "texture": "#1"}
			}
		},
		{
			"from": [8.04503, 6.98827, 7.19933],
			"to": [8.22143, 7.87027, 7.64033],
			"rotation": {"angle": 22.5, "axis": "x", "origin": [7.95683, 8.63878, 7.68216]},
			"faces": {
				"north": {"uv": [1.5, 12.5, 2.25, 12.75], "rotation": 90, "texture": "#1"},
				"east": {"uv": [6.5, 12, 6, 12.75], "rotation": 180, "texture": "#1"},
				"south": {"uv": [12.5, 1, 13.25, 1.25], "rotation": 270, "texture": "#1"},
				"west": {"uv": [12.5, 6.25, 12, 5.5], "texture": "#1"},
				"up": {"uv": [5.5, 12.5, 6, 12.75], "rotation": 270, "texture": "#1"},
				"down": {"uv": [12.5, 5.5, 13, 5.75], "rotation": 270, "texture": "#1"}
			}
		},
		{
			"from": [7.16303, 7.48639, 8.45899],
			"to": [8.04503, 8.36839, 9.34099],
			"rotation": {"angle": -45, "axis": "x", "origin": [7.95683, 8.63878, 7.68216]},
			"faces": {
				"north": {"uv": [10.5, 11.5, 11.25, 12.25], "rotation": 90, "texture": "#1"},
				"east": {"uv": [3.75, 12, 3, 12.75], "rotation": 180, "texture": "#1"},
				"south": {"uv": [11, 7.5, 11.75, 8.25], "rotation": 270, "texture": "#1"},
				"west": {"uv": [12.25, 12.25, 11.5, 11.5], "texture": "#1"},
				"up": {"uv": [7, 11, 7.75, 11.75], "rotation": 270, "texture": "#1"},
				"down": {"uv": [8, 11, 8.75, 11.75], "rotation": 270, "texture": "#1"}
			}
		},
		{
			"from": [8.22143, 7.6173, 8.31561],
			"to": [8.39783, 8.4993, 8.75661],
			"rotation": {"angle": 0, "axis": "x", "origin": [7.95683, 8.63878, 7.68216]},
			"faces": {
				"north": {"uv": [12.5, 2, 13.25, 2.25], "rotation": 90, "texture": "#1"},
				"east": {"uv": [12.5, 6.5, 12, 7.25], "rotation": 180, "texture": "#1"},
				"south": {"uv": [12.5, 1.5, 13.25, 1.75], "rotation": 270, "texture": "#1"},
				"west": {"uv": [7, 12.75, 6.5, 12], "texture": "#1"},
				"up": {"uv": [12.5, 6, 13, 6.25], "rotation": 270, "texture": "#1"},
				"down": {"uv": [12.5, 6.5, 13, 6.75], "rotation": 270, "texture": "#1"}
			}
		},
		{
			"from": [10.79471, 0.48525, 7.025],
			"to": [11.29471, 0.88525, 7.425],
			"rotation": {"angle": 0, "axis": "x", "origin": [11.01971, 0.76025, 7.425]},
			"faces": {
				"north": {"uv": [10.5, 7, 10.75, 7.25], "texture": "#1"},
				"east": {"uv": [7.5, 10.5, 7.75, 10.75], "texture": "#1"},
				"south": {"uv": [10.5, 7.5, 10.75, 7.75], "texture": "#1"},
				"west": {"uv": [8, 10.5, 8.25, 10.75], "texture": "#1"},
				"up": {"uv": [10.75, 8.25, 10.5, 8], "texture": "#1"},
				"down": {"uv": [8.75, 10.5, 8.5, 10.75], "texture": "#1"}
			}
		}
	],
	"display": {
		"thirdperson_righthand": {
			"rotation": [-90, -90, -180],
			"translation": [-0.25, 0, -0.5],
			"scale": [0.5, 0.5, 0.5]
		},
		"thirdperson_lefthand": {
			"rotation": [-90, 90, -180],
			"translation": [0.5, 0, -0.5],
			"scale": [0.5, 0.5, 0.5]
		},
		"firstperson_righthand": {
			"rotation": [145, -90, 0],
			"translation": [2.5, 3, 0],
			"scale": [0.75, 0.75, 0.75]
		},
		"firstperson_lefthand": {
			"rotation": [145, 90, 0],
			"translation": [3, 3, 0],
			"scale": [0.75, 0.75, 0.75]
		},
		"ground": {
			"translation": [0, 2, 0],
			"scale": [0.75, 0.75, 0.75]
		},
		"gui": {
			"rotation": [0, -30, 45],
			"translation": [-2.5, 1.75, 0],
			"scale": [1.5, 1.5, 1.5]
		},
		"fixed": {
			"rotation": [0, -180, 0],
			"translation": [0, 2, -1.25]
		}
	},
	"groups": [
		{
			"name": "Vote Key",
			"origin": [8, 8, 8],
			"color": 0,
			"children": [
				{
					"name": "Ring",
					"origin": [8, 8, 8],
					"color": 0,
					"children": [
						{
							"name": "hexadecagon",
							"origin": [8, 8, 8],
							"color": 0,
							"children": [0, 1, 2, 3, 4, 5, 6, 7, 8, 9, 10, 11, 12, 13, 14, 15]
						}
					]
				},
				{
					"name": "Bottom",
					"origin": [8, 8, 8],
					"color": 0,
					"children": [
						16,
						17,
						18,
						19,
						20,
						21,
						22,
						23,
						24,
						25,
						26,
						27,
						28,
						29,
						30,
						31,
						32,
						33,
						34,
						35,
						36,
						37,
						38,
						39,
						40,
						41,
						42,
						43,
						44,
						45,
						46,
						47,
						48,
						49,
						50,
						51,
						52,
						53,
						54,
						55,
						56,
						57,
						{
							"name": "Fish",
							"origin": [0.63848, 17, -4.85657],
							"color": 0,
							"children": [58, 59, 60, 61, 62, 63, 64, 65, 66, 67]
						},
						68
					]
				}
			]
		}
	]
}