{
	"credit": "Made by ChainArts",
	"texture_size": [128, 128],
	"textures": {
		"0": "item/omnitool/jerry",
		"particle": "item/omnitool/jerry"
	},
	"elements": [
		{
			"from": [5.5, 1, 10.5],
			"to": [10.5, 2, 11.5],
			"rotation": {"angle": 0, "axis": "y", "origin": [8, 2.75, 8]},
			"faces": {
				"north": {"uv": [3, 3.125, 3.625, 3.25], "texture": "#0"},
				"east": {"uv": [3.5, 0.625, 3.625, 0.75], "texture": "#0"},
				"south": {"uv": [3.25, 2.75, 3.875, 2.875], "texture": "#0"},
				"west": {"uv": [3.75, 1.75, 3.875, 1.875], "texture": "#0"},
				"up": {"uv": [3.875, 3, 3.25, 2.875], "texture": "#0"},
				"down": {"uv": [3.625, 3.25, 3, 3.375], "texture": "#0"}
			}
		},
		{
			"from": [4.5, 2, 10.5],
			"to": [5.5, 5, 11.5],
			"rotation": {"angle": 0, "axis": "y", "origin": [8, 2.75, 8]},
			"faces": {
				"north": {"uv": [1.125, 2.125, 1.25, 2.5], "texture": "#0"},
				"east": {"uv": [3.875, 2.625, 4, 3], "texture": "#0"},
				"south": {"uv": [4, 0.625, 4.125, 1], "texture": "#0"},
				"west": {"uv": [3.125, 4, 3.25, 4.375], "texture": "#0"},
				"up": {"uv": [5.625, 4.25, 5.5, 4.125], "texture": "#0"},
				"down": {"uv": [4.375, 5.5, 4.25, 5.625], "texture": "#0"}
			}
		},
		{
			"from": [4.5, 2, 4.5],
			"to": [5.5, 5, 5.5],
			"rotation": {"angle": 0, "axis": "y", "origin": [8, 2.75, 8]},
			"faces": {
				"north": {"uv": [4.125, 0, 4.25, 0.375], "texture": "#0"},
				"east": {"uv": [4.125, 0.375, 4.25, 0.75], "texture": "#0"},
				"south": {"uv": [4.125, 0.75, 4.25, 1.125], "texture": "#0"},
				"west": {"uv": [4.125, 1.75, 4.25, 2.125], "texture": "#0"},
				"up": {"uv": [5.125, 5.625, 5, 5.5], "texture": "#0"},
				"down": {"uv": [5.25, 5.5, 5.125, 5.625], "texture": "#0"}
			}
		},
		{
			"from": [10.5, 2, 10.5],
			"to": [11.5, 5, 11.5],
			"rotation": {"angle": 0, "axis": "y", "origin": [8, 2.75, 8]},
			"faces": {
				"north": {"uv": [3.25, 4, 3.375, 4.375], "texture": "#0"},
				"east": {"uv": [3.375, 4, 3.5, 4.375], "texture": "#0"},
				"south": {"uv": [4, 3.5, 4.125, 3.875], "texture": "#0"},
				"west": {"uv": [4, 3.875, 4.125, 4.25], "texture": "#0"},
				"up": {"uv": [5.625, 4.375, 5.5, 4.25], "texture": "#0"},
				"down": {"uv": [5.625, 4.625, 5.5, 4.75], "texture": "#0"}
			}
		},
		{
			"from": [7.5, 2, 10.5],
			"to": [8.5, 4, 11.5],
			"rotation": {"angle": 0, "axis": "y", "origin": [8, 2.75, 8]},
			"faces": {
				"north": {"uv": [4.875, 0.25, 5, 0.5], "texture": "#0"},
				"east": {"uv": [0.5, 4.875, 0.625, 5.125], "texture": "#0"},
				"south": {"uv": [4.875, 0.5, 5, 0.75], "texture": "#0"},
				"west": {"uv": [0.625, 4.875, 0.75, 5.125], "texture": "#0"},
				"up": {"uv": [5.625, 4.875, 5.5, 4.75], "texture": "#0"},
				"down": {"uv": [5, 5.5, 4.875, 5.625], "texture": "#0"}
			}
		},
		{
			"from": [5.5, 4, 10.5],
			"to": [10.5, 6, 11.5],
			"rotation": {"angle": 0, "axis": "y", "origin": [8, 2.75, 8]},
			"faces": {
				"north": {"uv": [2.125, 1.625, 2.75, 1.875], "texture": "#0"},
				"east": {"uv": [1.5, 4.625, 1.625, 4.875], "texture": "#0"},
				"south": {"uv": [1.875, 2.125, 2.5, 2.375], "texture": "#0"},
				"west": {"uv": [2.625, 4.625, 2.75, 4.875], "texture": "#0"},
				"up": {"uv": [3.875, 3.125, 3.25, 3], "texture": "#0"},
				"down": {"uv": [4, 0, 3.375, 0.125], "texture": "#0"}
			}
		},
		{
			"from": [4.5, 1, 5.5],
			"to": [5.5, 6, 10.5],
			"rotation": {"angle": 0, "axis": "y", "origin": [8, 2.75, 8]},
			"faces": {
				"north": {"uv": [2.5, 3.125, 2.625, 3.75], "texture": "#0"},
				"east": {"uv": [1.25, 0, 1.875, 0.625], "texture": "#0"},
				"south": {"uv": [2.625, 3.125, 2.75, 3.75], "texture": "#0"},
				"west": {"uv": [1.25, 0.625, 1.875, 1.25], "texture": "#0"},
				"up": {"uv": [2, 3.875, 1.875, 3.25], "texture": "#0"},
				"down": {"uv": [2.125, 3.25, 2, 3.875], "texture": "#0"}
			}
		},
		{
			"from": [10.5, 1, 5.5],
			"to": [11.5, 6, 10.5],
			"rotation": {"angle": 0, "axis": "y", "origin": [8, 2.75, 8]},
			"faces": {
				"north": {"uv": [3.375, 0.125, 3.5, 0.75], "texture": "#0"},
				"east": {"uv": [1.25, 1.25, 1.875, 1.875], "texture": "#0"},
				"south": {"uv": [0.375, 3.375, 0.5, 4], "texture": "#0"},
				"west": {"uv": [0, 1.5, 0.625, 2.125], "texture": "#0"},
				"up": {"uv": [0.625, 4, 0.5, 3.375], "texture": "#0"},
				"down": {"uv": [0.75, 3.375, 0.625, 4], "texture": "#0"}
			}
		},
		{
			"from": [5.5, 1, 4.5],
			"to": [10.5, 6, 5.5],
			"rotation": {"angle": 0, "axis": "y", "origin": [8, 2.75, 8]},
			"faces": {
				"north": {"uv": [0.625, 1.5, 1.25, 2.125], "texture": "#0"},
				"east": {"uv": [0.75, 3.375, 0.875, 4], "texture": "#0"},
				"south": {"uv": [1.875, 0, 2.5, 0.625], "texture": "#0"},
				"west": {"uv": [0.875, 3.375, 1, 4], "texture": "#0"},
				"up": {"uv": [1.625, 3.5, 1, 3.375], "texture": "#0"},
				"down": {"uv": [4, 1.25, 3.375, 1.375], "texture": "#0"}
			}
		},
		{
			"from": [5.5, 1, 5.5],
			"to": [10.5, 7, 10.5],
			"rotation": {"angle": 0, "axis": "y", "origin": [8, 2.75, 8]},
			"faces": {
				"north": {"uv": [0, 0, 0.625, 0.75], "texture": "#0"},
				"east": {"uv": [0.625, 0, 1.25, 0.75], "texture": "#0"},
				"south": {"uv": [0, 0.75, 0.625, 1.5], "texture": "#0"},
				"west": {"uv": [0.625, 0.75, 1.25, 1.5], "texture": "#0"},
				"up": {"uv": [2.5, 1.25, 1.875, 0.625], "texture": "#0"},
				"down": {"uv": [1.875, 1.875, 1.25, 2.5], "texture": "#0"}
			}
		},
		{
			"from": [5.5, 1, 5.5],
			"to": [10.5, 7, 10.5],
			"rotation": {"angle": 0, "axis": "y", "origin": [8, 2.75, 8]},
			"faces": {
				"north": {"uv": [0, 0, 0.625, 0.75], "texture": "#0"},
				"east": {"uv": [0.625, 0, 1.25, 0.75], "texture": "#0"},
				"south": {"uv": [0, 0.75, 0.625, 1.5], "texture": "#0"},
				"west": {"uv": [0.625, 0.75, 1.25, 1.5], "texture": "#0"},
				"up": {"uv": [2.5, 1.25, 1.875, 0.625], "texture": "#0"},
				"down": {"uv": [1.875, 1.875, 1.25, 2.5], "texture": "#0"}
			}
		},
		{
			"from": [10.5, 2, 4.5],
			"to": [11.5, 5, 5.5],
			"rotation": {"angle": 0, "axis": "y", "origin": [8, 2.75, 8]},
			"faces": {
				"north": {"uv": [4.125, 2.125, 4.25, 2.5], "texture": "#0"},
				"east": {"uv": [4.125, 2.5, 4.25, 2.875], "texture": "#0"},
				"south": {"uv": [4.125, 2.875, 4.25, 3.25], "texture": "#0"},
				"west": {"uv": [4.125, 3.25, 4.25, 3.625], "texture": "#0"},
				"up": {"uv": [5.375, 5.625, 5.25, 5.5], "texture": "#0"},
				"down": {"uv": [5.5, 5.5, 5.375, 5.625], "texture": "#0"}
			}
		},
		{
			"from": [5.5, 0, 10.5],
			"to": [6.5, 1, 11.5],
			"rotation": {"angle": 0, "axis": "y", "origin": [8, 2.75, 8]},
			"faces": {
				"north": {"uv": [3.875, 3, 4, 3.125], "texture": "#0"},
				"east": {"uv": [4, 0, 4.125, 0.125], "texture": "#0"},
				"south": {"uv": [4, 1, 4.125, 1.125], "texture": "#0"},
				"west": {"uv": [3.375, 4.625, 3.5, 4.75], "texture": "#0"},
				"up": {"uv": [0.375, 4.875, 0.25, 4.75], "texture": "#0"},
				"down": {"uv": [2.5, 5.5, 2.375, 5.625], "texture": "#0"}
			}
		},
		{
			"from": [7.5, 0, 10.5],
			"to": [8.5, 1, 11.5],
			"rotation": {"angle": 0, "axis": "y", "origin": [8, 2.75, 8]},
			"faces": {
				"north": {"uv": [3, 5.5, 3.125, 5.625], "texture": "#0"},
				"east": {"uv": [5.5, 3, 5.625, 3.125], "texture": "#0"},
				"south": {"uv": [3.125, 5.5, 3.25, 5.625], "texture": "#0"},
				"west": {"uv": [5.5, 3.125, 5.625, 3.25], "texture": "#0"},
				"up": {"uv": [5.625, 3.375, 5.5, 3.25], "texture": "#0"},
				"down": {"uv": [5.625, 3.375, 5.5, 3.5], "texture": "#0"}
			}
		},
		{
			"from": [9.5, 0, 10.5],
			"to": [10.5, 1, 11.5],
			"rotation": {"angle": 0, "axis": "y", "origin": [8, 2.75, 8]},
			"faces": {
				"north": {"uv": [3.5, 5.5, 3.625, 5.625], "texture": "#0"},
				"east": {"uv": [3.625, 5.5, 3.75, 5.625], "texture": "#0"},
				"south": {"uv": [3.75, 5.5, 3.875, 5.625], "texture": "#0"},
				"west": {"uv": [3.875, 5.5, 4, 5.625], "texture": "#0"},
				"up": {"uv": [4.125, 5.625, 4, 5.5], "texture": "#0"},
				"down": {"uv": [4.25, 5.5, 4.125, 5.625], "texture": "#0"}
			}
		},
		{
			"from": [6, 2.2, 10.3],
			"to": [7.2, 3.4, 10.7],
			"rotation": {"angle": 0, "axis": "y", "origin": [8, 2.75, 8]},
			"faces": {
				"north": {"uv": [5.5, 5.5, 5.625, 5.625], "texture": "#0"},
				"east": {"uv": [6, 5.125, 6.0625, 5.25], "texture": "#0"},
				"south": {"uv": [0, 5.625, 0.125, 5.75], "texture": "#0"},
				"west": {"uv": [5.25, 6, 5.3125, 6.125], "texture": "#0"},
				"up": {"uv": [6.125, 5.3125, 6, 5.25], "texture": "#0"},
				"down": {"uv": [5.5, 6, 5.375, 6.0625], "texture": "#0"}
			}
		},
		{
			"from": [8.8, 2.2, 10.3],
			"to": [10, 3.4, 10.7],
			"rotation": {"angle": 0, "axis": "y", "origin": [8, 2.75, 8]},
			"faces": {
				"north": {"uv": [0.125, 5.625, 0.25, 5.75], "texture": "#0"},
				"east": {"uv": [6, 5.375, 6.0625, 5.5], "texture": "#0"},
				"south": {"uv": [0.25, 5.625, 0.375, 5.75], "texture": "#0"},
				"west": {"uv": [5.5, 6, 5.5625, 6.125], "texture": "#0"},
				"up": {"uv": [6.125, 5.5625, 6, 5.5], "texture": "#0"},
				"down": {"uv": [5.75, 6, 5.625, 6.0625], "texture": "#0"}
			}
		}
	],
	"display": {
		"thirdperson_righthand": {
			"rotation": [90, -180, 0],
			"translation": [0, -1.75, 2.75],
			"scale": [0.72, 0.72, 0.72]
		},
		"thirdperson_lefthand": {
			"rotation": [90, -180, 0],
			"translation": [0, -1.75, 2.75],
			"scale": [0.72, 0.72, 0.72]
		},
		"firstperson_righthand": {
			"rotation": [0, -79, 0],
			"translation": [12.75, 3.5, -12.75],
			"scale": [1.49, 1.49, 1.49]
		},
		"firstperson_lefthand": {
			"rotation": [0, -79, 0],
			"translation": [12.75, 3.5, -12.75],
			"scale": [1.49, 1.49, 1.49]
		},
		"ground": {
			"rotation": [0, 0, 45],
			"translation": [0, 9.25, 0],
			"scale": [1.22, 1.22, 1.22]
		},
		"gui": {
			"rotation": [19, -24, 0],
			"translation": [0.25, 5.75, 0],
			"scale": [1.38, 1.38, 1.38]
		},
		"head": {
			"rotation": [0, 180, 0],
			"translation": [0, 12.25, 0],
			"scale": [2.72, 2.72, 2.72]
		},
		"fixed": {
			"rotation": [0, -180, -45],
			"translation": [3.5, -3.75, 0],
			"scale": [0.54, 0.54, 0.54]
		}
	},
	"groups": [
		{
			"name": "Skull",
			"origin": [8.8, 0.8, 10.3],
			"color": 0,
			"children": [0, 1, 2, 3, 4, 5, 6, 7, 8, 9, 10, 11, 12, 13, 14, 15, 16]
		}
	]
}