{
  "providers": [
    {
      "type": "bitmap",
      "file": "mchub:font/space_split.png",
      "ascent": -32768,
      "height": -3,
      "chars": ["\uE000"]
    },
    {
      "type": "bitmap",
      "file": "mchub:font/space_split.png",
      "ascent": -32768,
      "height": -4,
      "chars": ["\uE001"]
    },
    {
      "type": "bitmap",
      "file": "mchub:font/space_split.png",
      "ascent": -32768,
      "height": -5,
      "chars": ["\uE002"]
    },

    {
      "type": "bitmap",
      "file": "mchub:font/space_split.png",
      "ascent": -32768,
      "height": -6,
      "chars": ["\uE003"]
    },
    {
      "type": "bitmap",
      "file": "mchub:font/space_split.png",
      "ascent": -32768,
      "height": -7,
      "chars": ["\uE004"]
    },
    {
      "type": "bitmap",
      "file": "mchub:font/space_split.png",
      "ascent": -32768,
      "height": -8,
      "chars": ["\uE005"]
    },
    {
      "type": "bitmap",
      "file": "mchub:font/space_split.png",
      "ascent": -32768,
      "height": -9,
      "chars": ["\uE006"]
    },
    {
      "type": "bitmap",
      "file": "mchub:font/space_split.png",
      "ascent": -32768,
      "height": -10,
      "chars": ["\uE007"]
    },
    {
      "type": "bitmap",
      "file": "mchub:font/space_split.png",
      "ascent": -32768,
      "height": -10,
      "chars": ["曃"]
    },
    {
      "type": "bitmap",
      "file": "mchub:font/space_split.png",
      "ascent": -32768,
      "height": -11,
      "chars": ["\uE008"]
    },
    {
      "type": "bitmap",
      "file": "mchub:font/space_split.png",
      "ascent": -32768,
      "height": -12,
      "chars": ["\uE009"]
    },
    {
      "type": "bitmap",
      "file": "mchub:font/space_split.png",
      "ascent": -32768,
      "height": -13,
      "chars": ["\uE00A"]
    },
    {
      "type": "bitmap",
      "file": "mchub:font/space_split.png",
      "ascent": -32768,
      "height": -14,
      "chars": ["\uE00B"]
    },
    {
      "type": "bitmap",
      "file": "mchub:font/space_split.png",
      "ascent": -32768,
      "height": -15,
      "chars": ["\uE00C"]
    },
    {
      "type": "bitmap",
      "file": "mchub:font/space_split.png",
      "ascent": -32768,
      "height": -16,
      "chars": ["\uE00D"]
    },
    {
      "type": "bitmap",
      "file": "mchub:font/space_split.png",
      "ascent": -32768,
      "height": -17,
      "chars": ["\uE00E"]
    },
    {
      "type": "bitmap",
      "file": "mchub:font/space_split.png",
      "ascent": -32768,
      "height": -18,
      "chars": ["\uE00F"]
    },
    {
      "type": "bitmap",
      "file": "mchub:font/space_split.png",
      "ascent": -32768,
      "height": -19,
      "chars": ["\uE010"]
    },
    {
      "type": "bitmap",
      "file": "mchub:font/space_split.png",
      "ascent": -32768,
      "height": -20,
      "chars": ["\uE011"]
    },
    {
      "type": "bitmap",
      "file": "mchub:font/space_split.png",
      "ascent": -32768,
      "height": -21,
      "chars": ["\uE012"]
    },
    {
      "type": "bitmap",
      "file": "mchub:font/space_split.png",
      "ascent": -32768,
      "height": -22,
      "chars": ["\uE013"]
    },
    {
      "type": "bitmap",
      "file": "mchub:font/space_split.png",
      "ascent": -32768,
      "height": -23,
      "chars": ["\uE014"]
    },
    {
      "type": "bitmap",
      "file": "mchub:font/space_split.png",
      "ascent": -32768,
      "height": -24,
      "chars": ["\uE015"]
    },
    {
      "type": "bitmap",
      "file": "mchub:font/space_split.png",
      "ascent": -32768,
      "height": -25,
      "chars": ["\uE016"]
    },
    {
      "type": "bitmap",
      "file": "mchub:font/space_split.png",
      "ascent": -32768,
      "height": -26,
      "chars": ["\uE017"]
    },
    {
      "type": "bitmap",
      "file": "mchub:font/space_split.png",
      "ascent": -32768,
      "height": -27,
      "chars": ["\uE018"]
    },
    {
      "type": "bitmap",
      "file": "mchub:font/space_split.png",
      "ascent": -32768,
      "height": -28,
      "chars": ["\uE019"]
    },
    {
      "type": "bitmap",
      "file": "mchub:font/space_split.png",
      "ascent": -32768,
      "height": -29,
      "chars": ["\uE01A"]
    },
    {
      "type": "bitmap",
      "file": "mchub:font/space_split.png",
      "ascent": -32768,
      "height": -30,
      "chars": ["\uE01B"]
    },
    {
      "type": "bitmap",
      "file": "mchub:font/space_split.png",
      "ascent": -32768,
      "height": -31,
      "chars": ["\uE01C"]
    },
    {
      "type": "bitmap",
      "file": "mchub:font/space_split.png",
      "ascent": -32768,
      "height": -32,
      "chars": ["\uE01D"]
    },
    {
      "type": "bitmap",
      "file": "mchub:font/space_split.png",
      "ascent": -32768,
      "height": -33,
      "chars": ["\uE01E"]
    },
    {
      "type": "bitmap",
      "file": "mchub:font/space_split.png",
      "ascent": -32768,
      "height": -34,
      "chars": ["\uE01F"]
    },
    {
      "type": "bitmap",
      "file": "mchub:font/space_split.png",
      "ascent": -32768,
      "height": -35,
      "chars": ["\uE020"]
    },
    {
      "type": "bitmap",
      "file": "mchub:font/space_split.png",
      "ascent": -32768,
      "height": -36,
      "chars": ["\uE021"]
    },
    {
      "type": "bitmap",
      "file": "mchub:font/space_split.png",
      "ascent": -32768,
      "height": -37,
      "chars": ["\uE022"]
    },
    {
      "type": "bitmap",
      "file": "mchub:font/space_split.png",
      "ascent": -32768,
      "height": -38,
      "chars": ["\uE023"]
    },
    {
      "type": "bitmap",
      "file": "mchub:font/space_split.png",
      "ascent": -32768,
      "height": -39,
      "chars": ["\uE024"]
    },
    {
      "type": "bitmap",
      "file": "mchub:font/space_split.png",
      "ascent": -32768,
      "height": -40,
      "chars": ["\uE025"]
    },
    {
      "type": "bitmap",
      "file": "mchub:font/space_split.png",
      "ascent": -32768,
      "height": -41,
      "chars": ["\uE026"]
    },
    {
      "type": "bitmap",
      "file": "mchub:font/space_split.png",
      "ascent": -32768,
      "height": -42,
      "chars": ["\uE027"]
    },
    {
      "type": "bitmap",
      "file": "mchub:font/space_split.png",
      "ascent": -32768,
      "height": -43,
      "chars": ["\uE028"]
    },
    {
      "type": "bitmap",
      "file": "mchub:font/space_split.png",
      "ascent": -32768,
      "height": -44,
      "chars": ["\uE029"]
    },
    {
      "type": "bitmap",
      "file": "mchub:font/space_split.png",
      "ascent": -32768,
      "height": -45,
      "chars": ["\uE02A"]
    },
    {
      "type": "bitmap",
      "file": "mchub:font/space_split.png",
      "ascent": -32768,
      "height": -46,
      "chars": ["\uE02B"]
    },
    {
      "type": "bitmap",
      "file": "mchub:font/space_split.png",
      "ascent": -32768,
      "height": -47,
      "chars": ["\uE02C"]
    },
    {
      "type": "bitmap",
      "file": "mchub:font/space_split.png",
      "ascent": -32768,
      "height": -48,
      "chars": ["\uE02D"]
    },
    {
      "type": "bitmap",
      "file": "mchub:font/space_split.png",
      "ascent": -32768,
      "height": -49,
      "chars": ["\uE02E"]
    },
    {
      "type": "bitmap",
      "file": "mchub:font/space_split.png",
      "ascent": -32768,
      "height": -50,
      "chars": ["\uE02F"]
    },
    {
      "type": "bitmap",
      "file": "mchub:font/space_split.png",
      "ascent": -32768,
      "height": -51,
      "chars": ["\uE030"]
    },
    {
      "type": "bitmap",
      "file": "mchub:font/space_split.png",
      "ascent": -32768,
      "height": -52,
      "chars": ["\uE031"]
    },
    {
      "type": "bitmap",
      "file": "mchub:font/space_split.png",
      "ascent": -32768,
      "height": -53,
      "chars": ["\uE032"]
    },
    {
      "type": "bitmap",
      "file": "mchub:font/space_split.png",
      "ascent": -32768,
      "height": -54,
      "chars": ["\uE033"]
    },
    {
      "type": "bitmap",
      "file": "mchub:font/space_split.png",
      "ascent": -32768,
      "height": -55,
      "chars": ["\uE034"]
    },
    {
      "type": "bitmap",
      "file": "mchub:font/space_split.png",
      "ascent": -32768,
      "height": -56,
      "chars": ["\uE035"]
    },
    {
      "type": "bitmap",
      "file": "mchub:font/space_split.png",
      "ascent": -32768,
      "height": -56,
      "chars": ["曍"]
    },
    {
      "type": "bitmap",
      "file": "mchub:font/space_split.png",
      "ascent": -32768,
      "height": -57,
      "chars": ["\uE036"]
    },
    {
      "type": "bitmap",
      "file": "mchub:font/space_split.png",
      "ascent": -32768,
      "height": -58,
      "chars": ["\uE037"]
    },
    {
      "type": "bitmap",
      "file": "mchub:font/space_split.png",
      "ascent": -32768,
      "height": -59,
      "chars": ["\uE038"]
    },
    {
      "type": "bitmap",
      "file": "mchub:font/space_split.png",
      "ascent": -32768,
      "height": -60,
      "chars": ["\uE039"]
    },
    {
      "type": "bitmap",
      "file": "mchub:font/space_split.png",
      "ascent": -32768,
      "height": -61,
      "chars": ["\uE03A"]
    },
    {
      "type": "bitmap",
      "file": "mchub:font/space_split.png",
      "ascent": -32768,
      "height": -62,
      "chars": ["\uE03B"]
    },
    {
      "type": "bitmap",
      "file": "mchub:font/space_split.png",
      "ascent": -32768,
      "height": -63,
      "chars": ["\uE03C"]
    },
    {
      "type": "bitmap",
      "file": "mchub:font/space_split.png",
      "ascent": -32768,
      "height": -64,
      "chars": ["\uE03D"]
    },
    {
      "type": "bitmap",
      "file": "mchub:font/space_split.png",
      "ascent": -32768,
      "height": -65,
      "chars": ["\uE03E"]
    },
    {
      "type": "bitmap",
      "file": "mchub:font/space_split.png",
      "ascent": -32768,
      "height": -66,
      "chars": ["\uE03F"]
    },
    {
      "type": "bitmap",
      "file": "mchub:font/space_split.png",
      "ascent": -32768,
      "height": -67,
      "chars": ["\uE040"]
    },
    {
      "type": "bitmap",
      "file": "mchub:font/space_split.png",
      "ascent": -32768,
      "height": -68,
      "chars": ["\uE041"]
    },
    {
      "type": "bitmap",
      "file": "mchub:font/space_split.png",
      "ascent": -32768,
      "height": -69,
      "chars": ["\uE042"]
    },
    {
      "type": "bitmap",
      "file": "mchub:font/space_split.png",
      "ascent": -32768,
      "height": -70,
      "chars": ["\uE043"]
    },
    {
      "type": "bitmap",
      "file": "mchub:font/space_split.png",
      "ascent": -32768,
      "height": -71,
      "chars": ["\uE044"]
    },
    {
      "type": "bitmap",
      "file": "mchub:font/space_split.png",
      "ascent": -32768,
      "height": -72,
      "chars": ["\uE045"]
    },
    {
      "type": "bitmap",
      "file": "mchub:font/space_split.png",
      "ascent": -32768,
      "height": -73,
      "chars": ["\uE046"]
    },
    {
      "type": "bitmap",
      "file": "mchub:font/space_split.png",
      "ascent": -32768,
      "height": -74,
      "chars": ["\uE047"]
    },
    {
      "type": "bitmap",
      "file": "mchub:font/space_split.png",
      "ascent": -32768,
      "height": -75,
      "chars": ["\uE048"]
    },
    {
      "type": "bitmap",
      "file": "mchub:font/space_split.png",
      "ascent": -32768,
      "height": -76,
      "chars": ["\uE049"]
    },
    {
      "type": "bitmap",
      "file": "mchub:font/space_split.png",
      "ascent": -32768,
      "height": -77,
      "chars": ["\uE04A"]
    },
    {
      "type": "bitmap",
      "file": "mchub:font/space_split.png",
      "ascent": -32768,
      "height": -78,
      "chars": ["\uE04B"]
    },
    {
      "type": "bitmap",
      "file": "mchub:font/space_split.png",
      "ascent": -32768,
      "height": -79,
      "chars": ["\uE04C"]
    },
    {
      "type": "bitmap",
      "file": "mchub:font/space_split.png",
      "ascent": -32768,
      "height": -80,
      "chars": ["\uE04D"]
    },
    {
      "type": "bitmap",
      "file": "mchub:font/space_split.png",
      "ascent": -32768,
      "height": -81,
      "chars": ["\uE04E"]
    },
    {
      "type": "bitmap",
      "file": "mchub:font/space_split.png",
      "ascent": -32768,
      "height": -82,
      "chars": ["\uE04F"]
    },
    {
      "type": "bitmap",
      "file": "mchub:font/space_split.png",
      "ascent": -32768,
      "height": -83,
      "chars": ["\uE050"]
    },
    {
      "type": "bitmap",
      "file": "mchub:font/space_split.png",
      "ascent": -32768,
      "height": -84,
      "chars": ["\uE051"]
    },
    {
      "type": "bitmap",
      "file": "mchub:font/space_split.png",
      "ascent": -32768,
      "height": -85,
      "chars": ["\uE052"]
    },
    {
      "type": "bitmap",
      "file": "mchub:font/space_split.png",
      "ascent": -32768,
      "height": -86,
      "chars": ["\uE053"]
    },
    {
      "type": "bitmap",
      "file": "mchub:font/space_split.png",
      "ascent": -32768,
      "height": -87,
      "chars": ["\uE054"]
    },
    {
      "type": "bitmap",
      "file": "mchub:font/space_split.png",
      "ascent": -32768,
      "height": -88,
      "chars": ["\uE055"]
    },
    {
      "type": "bitmap",
      "file": "mchub:font/space_split.png",
      "ascent": -32768,
      "height": -89,
      "chars": ["\uE056"]
    },
    {
      "type": "bitmap",
      "file": "mchub:font/space_split.png",
      "ascent": -32768,
      "height": -90,
      "chars": ["\uE057"]
    },
    {
      "type": "bitmap",
      "file": "mchub:font/space_split.png",
      "ascent": -32768,
      "height": -91,
      "chars": ["\uE058"]
    },
    {
      "type": "bitmap",
      "file": "mchub:font/space_split.png",
      "ascent": -32768,
      "height": -92,
      "chars": ["\uE059"]
    },
    {
      "type": "bitmap",
      "file": "mchub:font/space_split.png",
      "ascent": -32768,
      "height": -93,
      "chars": ["\uE05A"]
    },
    {
      "type": "bitmap",
      "file": "mchub:font/space_split.png",
      "ascent": -32768,
      "height": -94,
      "chars": ["\uE05B"]
    },
    {
      "type": "bitmap",
      "file": "mchub:font/space_split.png",
      "ascent": -32768,
      "height": -95,
      "chars": ["\uE05C"]
    },
    {
      "type": "bitmap",
      "file": "mchub:font/space_split.png",
      "ascent": -32768,
      "height": -96,
      "chars": ["\uE05D"]
    },
    {
      "type": "bitmap",
      "file": "mchub:font/space_split.png",
      "ascent": -32768,
      "height": -97,
      "chars": ["\uE05E"]
    },
    {
      "type": "bitmap",
      "file": "mchub:font/space_split.png",
      "ascent": -32768,
      "height": -98,
      "chars": ["\uE05F"]
    },
    {
      "type": "bitmap",
      "file": "mchub:font/space_split.png",
      "ascent": -32768,
      "height": -99,
      "chars": ["\uE060"]
    },
    {
      "type": "bitmap",
      "file": "mchub:font/space_split.png",
      "ascent": -32768,
      "height": -100,
      "chars": ["\uE061"]
    },
    {
      "type": "bitmap",
      "file": "mchub:font/space_split.png",
      "ascent": -32768,
      "height": -101,
      "chars": ["\uE062"]
    },
    {
      "type": "bitmap",
      "file": "mchub:font/space_split.png",
      "ascent": -32768,
      "height": -102,
      "chars": ["\uE063"]
    },
    {
      "type": "bitmap",
      "file": "mchub:font/space_split.png",
      "ascent": -32768,
      "height": -103,
      "chars": ["\uE064"]
    },
    {
      "type": "bitmap",
      "file": "mchub:font/space_split.png",
      "ascent": -32768,
      "height": -104,
      "chars": ["\uE065"]
    },
    {
      "type": "bitmap",
      "file": "mchub:font/space_split.png",
      "ascent": -32768,
      "height": -105,
      "chars": ["\uE066"]
    },
    {
      "type": "bitmap",
      "file": "mchub:font/space_split.png",
      "ascent": -32768,
      "height": -106,
      "chars": ["\uE067"]
    },
    {
      "type": "bitmap",
      "file": "mchub:font/space_split.png",
      "ascent": -32768,
      "height": -107,
      "chars": ["\uE068"]
    },
    {
      "type": "bitmap",
      "file": "mchub:font/space_split.png",
      "ascent": -32768,
      "height": -108,
      "chars": ["\uE069"]
    },
    {
      "type": "bitmap",
      "file": "mchub:font/space_split.png",
      "ascent": -32768,
      "height": -109,
      "chars": ["\uE06A"]
    },
    {
      "type": "bitmap",
      "file": "mchub:font/space_split.png",
      "ascent": -32768,
      "height": -110,
      "chars": ["\uE06B"]
    },
    {
      "type": "bitmap",
      "file": "mchub:font/space_split.png",
      "ascent": -32768,
      "height": -111,
      "chars": ["\uE06C"]
    },
    {
      "type": "bitmap",
      "file": "mchub:font/space_split.png",
      "ascent": -32768,
      "height": -112,
      "chars": ["\uE06D"]
    },
    {
      "type": "bitmap",
      "file": "mchub:font/space_split.png",
      "ascent": -32768,
      "height": -113,
      "chars": ["\uE06E"]
    },
    {
      "type": "bitmap",
      "file": "mchub:font/space_split.png",
      "ascent": -32768,
      "height": -114,
      "chars": ["\uE06F"]
    },
    {
      "type": "bitmap",
      "file": "mchub:font/space_split.png",
      "ascent": -32768,
      "height": -115,
      "chars": ["\uE070"]
    },
    {
      "type": "bitmap",
      "file": "mchub:font/space_split.png",
      "ascent": -32768,
      "height": -116,
      "chars": ["\uE071"]
    },
    {
      "type": "bitmap",
      "file": "mchub:font/space_split.png",
      "ascent": -32768,
      "height": -117,
      "chars": ["\uE072"]
    },
    {
      "type": "bitmap",
      "file": "mchub:font/space_split.png",
      "ascent": -32768,
      "height": -118,
      "chars": ["\uE073"]
    },
    {
      "type": "bitmap",
      "file": "mchub:font/space_split.png",
      "ascent": -32768,
      "height": -119,
      "chars": ["\uE074"]
    },
    {
      "type": "bitmap",
      "file": "mchub:font/space_split.png",
      "ascent": -32768,
      "height": -120,
      "chars": ["\uE075"]
    },
    {
      "type": "bitmap",
      "file": "mchub:font/space_split.png",
      "ascent": -32768,
      "height": -121,
      "chars": ["\uE076"]
    },
    {
      "type": "bitmap",
      "file": "mchub:font/space_split.png",
      "ascent": -32768,
      "height": -122,
      "chars": ["\uE077"]
    },
    {
      "type": "bitmap",
      "file": "mchub:font/space_split.png",
      "ascent": -32768,
      "height": -123,
      "chars": ["\uE078"]
    },
    {
      "type": "bitmap",
      "file": "mchub:font/space_split.png",
      "ascent": -32768,
      "height": -124,
      "chars": ["\uE079"]
    },
    {
      "type": "bitmap",
      "file": "mchub:font/space_split.png",
      "ascent": -32768,
      "height": -125,
      "chars": ["\uE07A"]
    },
    {
      "type": "bitmap",
      "file": "mchub:font/space_split.png",
      "ascent": -32768,
      "height": -126,
      "chars": ["\uE07B"]
    },
    {
      "type": "bitmap",
      "file": "mchub:font/space_split.png",
      "ascent": -32768,
      "height": -127,
      "chars": ["\uE07C"]
    },
    {
      "type": "bitmap",
      "file": "mchub:font/space_split.png",
      "ascent": -32768,
      "height": -128,
      "chars": ["\uE07D"]
    },
    {
      "type": "bitmap",
      "file": "mchub:font/space_split.png",
      "ascent": -32768,
      "height": -142,
      "chars": ["朾"]
    },
    {
      "type": "bitmap",
      "file": "mchub:font/space_split.png",
      "ascent": -32768,
      "height": -170,
      "chars": ["曆"]
    },
    {
      "type": "bitmap",
      "file": "mchub:font/space_split.png",
      "ascent": -32768,
      "height": 1,
      "chars": ["曄"]
    },
    {
      "type": "bitmap",
      "file": "mchub:font/space_split.png",
      "ascent": -32768,
      "height": 19,
      "chars": ["曋"]
    },
    {
      "file": "mchub:ui/ranksstaff.png",
      "chars": [
        "丩",
        "个",
        "丫",
        "丬",
        "乄",
        "中",
        "丮",
        "丯",
        "㐰",
        "丷",
        "丸"
      ],
      "height": 9,
      "ascent": 8,
      "type": "bitmap"
    },
    {
      "file": "mchub:ui/ranksglobal.png",
      "chars": [
        "丹",
        "为",
        "主",
        "丼",
        "丽",
        "举",
        "丿",
        "乀",
        "乁",
        "乂",
        "乃"
      ],
      "height": 9,
      "ascent": 8,
      "type": "bitmap"
    },
    {
      "file": "mchub:ui/ranksspecial.png",
      "chars": ["踲"],
      "height": 9,
      "ascent": 8,
      "type": "bitmap"
    },
    {
      "file": "mchub:ui/logolong.png",
      "chars": ["两严", "並丧"],
      "height": 64,
      "ascent": 16,
      "type": "bitmap"
    },
    {
      "file": "mchub:ui/logolong.png",
      "chars": ["糷糸", "糹糺"],
      "height": 64,
      "ascent": 64,
      "type": "bitmap"
    },
    {
      "file": "mchub:ui/logolong.png",
      "chars": ["丠両", "丢丣"],
      "height": 120,
      "ascent": 28,
      "type": "bitmap"
    },
    {
      "type": "bitmap",
      "file": "mchub:ui/actionbar/currency_font_white2.png",
      "ascent": -19,
      "height": 5,
      "chars": ["ꢒꢓꢔꢕꢖꢗꢘꢙꢚꢛꢜꢝꢞꢠꢡꢢ"]
    },
    {
      "type": "bitmap",
      "file": "mchub:ui/actionbar/prison_action_bar_currency.png",
      "ascent": -14,
      "height": 12,
      "chars": ["ꢣ"]
    },
    {
      "type": "bitmap",
      "file": "mchub:ui/actionbar/skyblock_action_bar_currency.png",
      "ascent": -14,
      "height": 12,
      "chars": ["ꢤ"]
    },
    {
      "type": "bitmap",
      "file": "mchub:emojis/eyes.png",
      "ascent": 8,
      "height": 8,
      "chars": ["⢡"]
    },
    {
      "type": "bitmap",
      "file": "mchub:emojis/heart.png",
      "ascent": 8,
      "height": 8,
      "chars": ["ꄍ"]
    },
    {
      "type": "bitmap",
      "file": "mchub:emojis/kekw.png",
      "ascent": 8,
      "height": 8,
      "chars": ["⣐"]
    },
    {
      "type": "bitmap",
      "file": "mchub:emojis/pensive.png",
      "ascent": 8,
      "height": 8,
      "chars": ["⠬"]
    },
    {
      "type": "bitmap",
      "file": "mchub:emojis/skull.png",
      "ascent": 8,
      "height": 8,
      "chars": ["ⴍ"]
    },
    {
      "type": "bitmap",
      "file": "mchub:emojis/sob.png",
      "ascent": 8,
      "height": 8,
      "chars": ["⡍"]
    },
    {
      "type": "bitmap",
      "file": "mchub:emojis/yawning.png",
      "ascent": 8,
      "height": 8,
      "chars": ["ⱝ"]
    },
    {
      "type": "bitmap",
      "file": "mchub:emojis/thonk.png",
      "ascent": 8,
      "height": 8,
      "chars": ["⧎"]
    },
    {
      "type": "bitmap",
      "file": "mchub:emojis/cigar.png",
      "ascent": 8,
      "height": 8,
      "chars": ["⧏"]
    },
    {
      "type": "bitmap",
      "file": "mchub:emojis/fish.png",
      "ascent": 8,
      "height": 8,
      "chars": ["⧐"]
    },
    {
      "type": "bitmap",
      "file": "mchub:emojis/frog.png",
      "ascent": 8,
      "height": 8,
      "chars": ["ⴎ"]
    },
    {
      "type": "bitmap",
      "file": "mchub:emojis/hypers.png",
      "ascent": 8,
      "height": 8,
      "chars": ["ⴏ"]
    },
    {
      "type": "bitmap",
      "file": "mchub:emojis/kermit_blush.png",
      "ascent": 8,
      "height": 8,
      "chars": ["ⴐ"]
    },
    {
      "type": "bitmap",
      "file": "mchub:emojis/love.png",
      "ascent": 8,
      "height": 8,
      "chars": ["ⴑ"]
    },
    {
      "type": "bitmap",
      "file": "mchub:emojis/monkagiga.png",
      "ascent": 8,
      "height": 8,
      "chars": ["ⴒ"]
    },
    {
      "type": "bitmap",
      "file": "mchub:emojis/shut.png",
      "ascent": 8,
      "height": 8,
      "chars": ["ⴓ"]
    },
    {
      "type": "bitmap",
      "file": "mchub:emojis/tf.png",
      "ascent": 8,
      "height": 8,
      "chars": ["ⴔ"]
    },
    {
      "type": "bitmap",
      "file": "mchub:emojis/yep.png",
      "ascent": 8,
      "height": 8,
      "chars": ["ⴕ"]
    },
    {
      "type": "bitmap",
      "file": "mchub:emojis/sadge.png",
      "ascent": 8,
      "height": 8,
      "chars": ["ⴖ"]
    },
    {
      "type": "bitmap",
      "file": "mchub:emojis/omegalul.png",
      "ascent": 8,
      "height": 8,
      "chars": ["⼺"]
    },
    {
      "type": "bitmap",
      "file": "mchub:emojis/yippee.png",
      "ascent": 8,
      "height": 8,
      "chars": ["ⴢ"]
    },
    {
      "type": "bitmap",
      "file": "mchub:emojis/popcat.png",
      "ascent": 8,
      "height": 8,
      "chars": ["⢼"]
    },
    {
      "type": "bitmap",
      "file": "mchub:emojis/gigachad.png",
      "ascent": 8,
      "height": 8,
      "chars": ["⡹"]
    },
    {
      "type": "bitmap",
      "file": "mchub:emojis/fivehead.png",
      "ascent": 8,
      "height": 8,
      "chars": ["⋰"]
    },
    {
      "type": "bitmap",
      "file": "mchub:emojis/shocked.png",
      "ascent": 8,
      "height": 8,
      "chars": ["⡱"]
    },
    {
      "type": "bitmap",
      "file": "mchub:emojis/thumbsup.png",
      "ascent": 8,
      "height": 8,
      "chars": ["⠋"]
    },
    {
      "type": "bitmap",
      "file": "mchub:emojis/plusone.png",
      "ascent": 8,
      "height": 8,
      "chars": ["⾱"]
    },
    {
      "type": "bitmap",
      "file": "mchub:emojis/minusone.png",
      "ascent": 8,
      "height": 8,
      "chars": ["⪢"]
    },
    {
      "type": "bitmap",
      "file": "mchub:ui/menus/vote/menu.png",
      "ascent": 14,
      "height": 186,
      "chars": ["𱜄"]
    },
    {
      "type": "bitmap",
      "file": "mchub:ui/menus/toggle/main.png",
      "ascent": 14,
      "height": 222,
      "chars": ["⼽"]
    },
    {
      "type": "bitmap",
      "file": "mchub:ui/menus/toggle/sub.png",
      "ascent": 14,
      "height": 222,
      "chars": ["⾶"]
    },
    {
      "type": "bitmap",
      "file": "mchub:ui/menus/inventory/6.png",
      "ascent": 13,
      "height": 256,
      "chars": ["\uD885\uDF05"]
    },
    {
      "type": "bitmap",
      "file": "mchub:ui/menus/inventory/5.png",
      "ascent": 13,
      "height": 256,
      "chars": ["\uD885\uDF06"]
    },
    {
      "type": "bitmap",
      "file": "mchub:ui/menus/inventory/4.png",
      "ascent": 13,
      "height": 256,
      "chars": ["\uD885\uDF07"]
    },
    {
      "type": "bitmap",
      "file": "mchub:ui/menus/inventory/3.png",
      "ascent": 13,
      "height": 256,
      "chars": ["\uD885\uDF08"]
    },
    {
      "type": "bitmap",
      "file": "mchub:ui/menus/inventory/2.png",
      "ascent": 13,
      "height": 256,
      "chars": ["\uD885\uDF09"]
    },
    {
      "type": "bitmap",
      "file": "mchub:ui/menus/inventory/1.png",
      "ascent": 13,
      "height": 256,
      "chars": ["\uD885\uDF10"]
    },
    {
      "type": "bitmap",
      "file": "mchub:ui/menus/inventory/dispenser.png",
      "ascent": 13,
      "height": 256,
      "chars": ["\uD885\uDF11"]
    },
    {
      "type": "bitmap",
      "file": "mchub:ui/menus/profile.png",
      "ascent": 13,
      "height": 256,
      "chars": ["\uD885\uDF12"]
    },
    {
      "type": "bitmap",
      "file": "mchub:ui/menus/skyblock/netherstarmenu.png",
      "ascent": 13,
      "height": 256,
      "chars": ["\uD885\uDF13"]
    },
    {
      "type": "bitmap",
      "file": "mchub:ui/menus/bundles.png",
      "ascent": 14,
      "height": 187,
      "chars": ["\uD885\uDF14"]
    }
  ]
}
