{
    "model": {
        "type": "range_dispatch",
        "property": "custom_model_data",
        "fallback": {
            "type": "model",
            "model": "item/chest"
        },
        "entries": [
            {
                "threshold": 118,
                "model": {
                    "type": "model",
                    "model": "item/omnitool_extra/egg1/egg1_small"
                }
            },
            {
                "threshold": 138,
                "model": {
                    "type": "model",
                    "model": "item/omnitool_extra/egg2/egg2_small"
                }
            },
            {
                "threshold": 158,
                "model": {
                    "type": "model",
                    "model": "item/omnitool_extra/egg3/egg3_small"
                }
            }
        ]
    }
}