{
	"credit": "Made with Blockbench",
	"texture_size": [64, 32],
	"textures": {
		"2": "item/misc/cone_hat"
	},
	"elements": [
		{
			"name": "base",
			"from": [0, 0, 0],
			"to": [16, 2, 16],
			"faces": {
				"north": {"uv": [12, 0, 16, 1], "texture": "#2"},
				"east": {"uv": [12, 1, 16, 2], "texture": "#2"},
				"south": {"uv": [12, 2, 16, 3], "texture": "#2"},
				"west": {"uv": [12, 3, 16, 4], "texture": "#2"},
				"up": {"uv": [12, 8, 8, 0], "texture": "#2"},
				"down": {"uv": [12, 8, 8, 16], "texture": "#2"}
			}
		},
		{
			"name": "t1_base",
			"from": [2, 1, 2],
			"to": [14, 6, 14],
			"faces": {
				"north": {"uv": [3, 0, 6, 3], "texture": "#2"},
				"east": {"uv": [3, 3, 6, 6], "texture": "#2"},
				"south": {"uv": [3, 6, 6, 9], "texture": "#2"},
				"west": {"uv": [3, 9, 6, 12], "texture": "#2"},
				"up": {"uv": [3, 6, 0, 0], "texture": "#2"},
				"down": {"uv": [3, 6, 0, 12], "texture": "#2"}
			}
		},
		{
			"name": "t2",
			"from": [4, 3, 4],
			"to": [12, 11, 12],
			"faces": {
				"north": {"uv": [8, 0, 10, 4], "texture": "#2"},
				"east": {"uv": [8, 4, 10, 8], "texture": "#2"},
				"south": {"uv": [10, 0, 12, 4], "texture": "#2"},
				"west": {"uv": [10, 4, 12, 8], "texture": "#2"},
				"up": {"uv": [10, 12, 8, 8], "texture": "#2"},
				"down": {"uv": [6, 0, 4, 4], "texture": "#missing"}
			}
		},
		{
			"name": "t3",
			"from": [6, 8, 6],
			"to": [10, 16, 10],
			"faces": {
				"north": {"uv": [8, 0, 9, 4], "texture": "#2"},
				"east": {"uv": [8, 0, 9, 4], "texture": "#2"},
				"south": {"uv": [8, 0, 9, 4], "texture": "#2"},
				"west": {"uv": [8, 0, 9, 4], "texture": "#2"},
				"up": {"uv": [8, 0, 9, 2], "texture": "#2"},
				"down": {"uv": [8, 0, 9, 2], "texture": "#2"}
			}
		}
	],
	"display": {
		"thirdperson_righthand": {
			"rotation": [-90, 0, 0],
			"translation": [-6, -1.75, -8]
		},
		"ground": {
			"translation": [0, 4.25, 0]
		},
		"head": {
			"translation": [0, 14, 0]
		}
	},
	"groups": [
		{
			"name": "group",
			"origin": [8, 8, 8],
			"color": 0,
			"children": [
				0,
				{
					"name": "t1",
					"origin": [8, 8, 8],
					"color": 0,
					"children": [1]
				},
				2,
				3
			]
		}
	]
}