{
    "model": {
        "type": "range_dispatch",
        "property": "custom_model_data",
        "fallback": {
            "type": "model",
            "model": "item/paper"
        },
        "entries": [
            {
                "threshold": 1,
                "model": {
                    "type": "model",
                    "model": "item/creeper_banner_pattern"
                }
            },
            {
                "threshold": 1000,
                "model": {
                    "type": "model",
                    "model": "item/menus/vote/vote_base"
                }
            },
            {
                "threshold": 1001,
                "model": {
                    "type": "model",
                    "model": "item/menus/vote/vote_disabled"
                }
            },
            {
                "threshold": 1002,
                "model": {
                    "type": "model",
                    "model": "item/menus/generic/info"
                }
            }
        ]
    }
}