{
    "model": {
        "type": "range_dispatch",
        "property": "custom_model_data",
        "fallback": {
            "type": "model",
            "model": "minecraft:block/red_shulker_box"
        },
        "entries": [
            {
                "threshold": 1,
                "model": {
                    "type": "model",
                    "model": "item/omnitool_extra/present_red/present_red"
                }
            },
            {
                "threshold": 21,
                "model": {
                    "type": "model",
                    "model": "item/omnitool_extra/present_purple/present_purple"
                }
            },
            {
                "threshold": 41,
                "model": {
                    "type": "model",
                    "model": "item/omnitool_extra/present_blue/present_blue"
                }
            },
            {
                "threshold": 61,
                "model": {
                    "type": "model",
                    "model": "item/omnitool_extra/present_green/present_green"
                }
            }
        ]
    }
}