{
    "model": {
        "type": "range_dispatch",
        "property": "custom_model_data",
        "fallback": {
            "type": "model",
            "model": "minecraft:block/stone_button_inventory"
        },
        "entries": [
            {
                "threshold": 1,
                "model": {
                    "type": "model",
                    "model": "item/crates/dolphin"
                }
            },
            {
                "threshold": 2,
                "model": {
                    "type": "model",
                    "model": "item/crates/lobster"
                }
            },
            {
                "threshold": 3,
                "model": {
                    "type": "model",
                    "model": "item/crates/monthly"
                }
            },
            {
                "threshold": 4,
                "model": {
                    "type": "model",
                    "model": "item/crates/pet"
                }
            },
            {
                "threshold": 5,
                "model": {
                    "type": "model",
                    "model": "item/crates/robot"
                }
            },
            {
                "threshold": 6,
                "model": {
                    "type": "model",
                    "model": "item/crates/shark"
                }
            },
            {
                "threshold": 7,
                "model": {
                    "type": "model",
                    "model": "item/crates/skin"
                }
            },
            {
                "threshold": 8,
                "model": {
                    "type": "model",
                    "model": "item/crates/trident"
                }
            },
            {
                "threshold": 9,
                "model": {
                    "type": "model",
                    "model": "item/crates/vote"
                }
            },
            {
                "threshold": 10,
                "model": {
                    "type": "model",
                    "model": "item/crates/whale"
                }
            },
            {
                "threshold": 11,
                "model": {
                    "type": "model",
                    "model": "item/lootbox/lootbox"
                }
            },
            {
                "threshold": 12,
                "model": {
                    "type": "model",
                    "model": "item/crates/fishing"
                }
            },
            {
                "threshold": 13,
                "model": {
                    "type": "model",
                    "model": "item/lootbox/lootbox_old"
                }
            },
            {
                "threshold": 51,
                "model": {
                    "type": "model",
                    "model": "item/crates/skyblocky/vote"
                }
            },
            {
                "threshold": 52,
                "model": {
                    "type": "model",
                    "model": "item/crates/skyblocky/uncommon"
                }
            },
            {
                "threshold": 53,
                "model": {
                    "type": "model",
                    "model": "item/crates/skyblocky/rare"
                }
            },
            {
                "threshold": 54,
                "model": {
                    "type": "model",
                    "model": "item/crates/skyblocky/mythical"
                }
            },
            {
                "threshold": 55,
                "model": {
                    "type": "model",
                    "model": "item/crates/skyblocky/legendary"
                }
            },
            {
                "threshold": 56,
                "model": {
                    "type": "model",
                    "model": "item/crates/skyblocky/royal"
                }
            },
            {
                "threshold": 57,
                "model": {
                    "type": "model",
                    "model": "item/crates/skyblocky/robot"
                }
            },
            {
                "threshold": 58,
                "model": {
                    "type": "model",
                    "model": "item/crates/skyblocky/pet"
                }
            }
        ]
    }
}