{
	"credit": "Made with Blockbench",
	"texture_size": [64, 64],
	"textures": {
		"0": "item/misc/santa_hat"
	},
	"elements": [
		{
			"from": [2, 0, 2],
			"to": [14, 3, 14],
			"rotation": {"angle": 0, "axis": "y", "origin": [8, 0, 8]},
			"faces": {
				"north": {"uv": [5.5, 3, 8.5, 3.75], "texture": "#0"},
				"east": {"uv": [5.5, 3.75, 8.5, 4.5], "texture": "#0"},
				"south": {"uv": [0, 6, 3, 6.75], "texture": "#0"},
				"west": {"uv": [3, 6.5, 6, 7.25], "texture": "#0"},
				"up": {"uv": [3, 3, 0, 0], "texture": "#0"},
				"down": {"uv": [3, 3, 0, 6], "texture": "#0"}
			}
		},
		{
			"from": [3, 3, 3],
			"to": [13, 6, 13],
			"rotation": {"angle": 0, "axis": "y", "origin": [8, 0, 8]},
			"faces": {
				"north": {"uv": [7, 4.5, 9.5, 5.25], "texture": "#0"},
				"east": {"uv": [7, 5.25, 9.5, 6], "texture": "#0"},
				"south": {"uv": [1.5, 7.25, 4, 8], "texture": "#0"},
				"west": {"uv": [7.5, 0, 10, 0.75], "texture": "#0"},
				"up": {"uv": [5.5, 2.5, 3, 0], "texture": "#0"},
				"down": {"uv": [5.5, 2.5, 3, 5], "texture": "#0"}
			}
		},
		{
			"from": [4, 1.25, 0.9],
			"to": [12, 7.7, 7.25],
			"rotation": {"angle": 45, "axis": "x", "origin": [8, 0, 8]},
			"faces": {
				"north": {"uv": [3, 5, 5, 6.5], "texture": "#0"},
				"east": {"uv": [6, 6.5, 7.5, 8], "texture": "#0"},
				"south": {"uv": [5, 5, 7, 6.5], "texture": "#0"},
				"west": {"uv": [0, 6.75, 1.5, 8.25], "texture": "#0"},
				"up": {"uv": [7.5, 1.5, 5.5, 0], "texture": "#0"},
				"down": {"uv": [7.5, 1.5, 5.5, 3], "texture": "#0"}
			}
		},
		{
			"from": [5, 5, 2.9],
			"to": [11, 10, 6.65],
			"rotation": {"angle": 45, "axis": "x", "origin": [8, 0, 8]},
			"faces": {
				"north": {"uv": [4, 7.25, 5.5, 8.5], "texture": "#0"},
				"east": {"uv": [7.5, 7, 8.5, 8.25], "texture": "#0"},
				"south": {"uv": [7.5, 0.75, 9, 2], "texture": "#0"},
				"west": {"uv": [1.5, 8, 2.5, 9.25], "texture": "#0"},
				"up": {"uv": [9, 3, 7.5, 2], "texture": "#0"},
				"down": {"uv": [9, 6, 7.5, 7], "texture": "#0"}
			}
		},
		{
			"name": "puffball",
			"from": [6.25, 8.35, 8.25],
			"to": [10.25, 11.1, 12.25],
			"rotation": {"angle": 22.5, "axis": "x", "origin": [8, 0, 8]},
			"faces": {
				"north": {"uv": [9.25, 8.25, 8.25, 9], "rotation": 180, "texture": "#0"},
				"east": {"uv": [6.5, 8, 7.25, 9], "rotation": 270, "texture": "#0"},
				"south": {"uv": [8.25, 9, 7.25, 8.25], "texture": "#0"},
				"west": {"uv": [0, 8.25, 0.75, 9.25], "rotation": 90, "texture": "#0"},
				"up": {"uv": [2.5, 8, 3.5, 9], "rotation": 180, "texture": "#0"},
				"down": {"uv": [5.5, 8, 6.5, 9], "texture": "#0"}
			}
		}
	],
	"display": {
		"thirdperson_righthand": {
			"translation": [0, 4, 0],
			"scale": [0.48633, 0.48438, 0.48633]
		},
		"thirdperson_lefthand": {
			"translation": [0, 4, 0],
			"scale": [0.48633, 0.48438, 0.48633]
		},
		"ground": {
			"translation": [0, 3.75, 0]
		},
		"gui": {
			"rotation": [0, 63, 0]
		},
		"head": {
			"translation": [0, 14.5, 0]
		},
		"fixed": {
			"rotation": [0, 90, 0]
		}
	}
}