{
    "parent": "minecraft:item/generated",
    "textures": {
      "layer0": "minecraft:item/iron_leggings"
    },
    "overrides": [
      {
        "predicate": {
          "custom_model_data": 2000
        },
        "model": "item/skins/armor/leggings/bronze"
      },
      {
        "predicate": {
          "custom_model_data": 2001
        },
        "model": "item/skins/armor/leggings/oxidized_copper"
      },
      {
        "predicate": {
          "custom_model_data": 2002
        },
        "model": "item/skins/armor/leggings/silver"
      },
      {
        "predicate": {
          "custom_model_data": 2003
        },
        "model": "item/skins/armor/leggings/cobalt"
      },
      {
        "predicate": {
          "custom_model_data": 2004
        },
        "model": "item/skins/armor/leggings/amethyst"
      },
      {
        "predicate": {
          "custom_model_data": 2005
        },
        "model": "item/skins/armor/leggings/ruby"
      },
      {
        "predicate": {
          "custom_model_data": 2006
        },
        "model": "item/skins/armor/leggings/sapphire"
      },
      {
        "predicate": {
          "custom_model_data": 2007
        },
        "model": "item/skins/armor/leggings/emerald"
      },
      {
        "predicate": {
          "custom_model_data": 2008
        },
        "model": "item/skins/armor/leggings/ender"
      },
      {
        "predicate": {
          "custom_model_data": 2009
        },
        "model": "item/skins/armor/leggings/obsidian"
      },
      {
          "predicate": {
            "custom_model_data": 2010
          },
          "model": "item/skins/armor/leggings/frightening"
      },
      {
          "predicate": {
            "custom_model_data": 2011
          },
          "model": "item/skins/armor/leggings/leaf"
      },
      {
          "predicate": {
            "custom_model_data": 2012
          },
          "model": "item/skins/armor/leggings/deep_rock"
      },
      {
          "predicate": {
            "custom_model_data": 2013
          },
          "model": "item/skins/armor/leggings/ancient_blood"
      },
      {
          "predicate": {
            "custom_model_data": 2014
          },
          "model": "item/skins/armor/leggings/elderian"
      },
      {
          "predicate": {
            "custom_model_data": 2015
          },
          "model": "item/skins/armor/leggings/christmas"
      },
      {
          "predicate": {
            "custom_model_data": 2016
          },
          "model": "item/skins/armor/leggings/eros"
      },
      {
          "predicate": {
            "custom_model_data": 2017
          },
          "model": "item/skins/armor/leggings/easter"
      },
      {
          "predicate": {
            "custom_model_data": 2018
          },
          "model": "item/skins/armor/leggings/summer"
      },
      {
          "predicate": {
            "custom_model_data": 2019
          },
          "model": "item/skins/armor/leggings/pumpkin"
      },
      {
          "predicate": {
            "custom_model_data": 2020
          },
          "model": "item/skins/armor/leggings/rudolph"
      },
      {
          "predicate": {
            "custom_model_data": 2021
          },
          "model": "item/skins/armor/leggings/sparkly"
      },
      {
          "predicate": {
            "custom_model_data": 2022
          },
          "model": "item/skins/armor/leggings/valentines"
      },
      {
        "predicate": {
          "custom_model_data": 2023
        },
         "model": "item/skins/armor/leggings/lepr"
      },
      {
          "predicate": {
            "custom_model_data": 2024
          },
          "model": "item/skins/armor/leggings/spring"
      },
      {
          "predicate": {
            "custom_model_data": 2025
          },
          "model": "item/skins/armor/leggings/cosmic"
      }
    ]
  }