{
    "parent": "minecraft:item/generated",
    "textures": {
      "layer0": "minecraft:item/netherite_helmet"
    },
    "overrides": [
      {
        "predicate": {
          "custom_model_data": 2000
        },
        "model": "item/skins/armor/helmet/bronze"
      },
      {
        "predicate": {
          "custom_model_data": 2001
        },
        "model": "item/skins/armor/helmet/oxidized_copper"
      },
      {
        "predicate": {
          "custom_model_data": 2002
        },
        "model": "item/skins/armor/helmet/silver"
      },
      {
        "predicate": {
          "custom_model_data": 2003
        },
        "model": "item/skins/armor/helmet/cobalt"
      },
      {
        "predicate": {
          "custom_model_data": 2004
        },
        "model": "item/skins/armor/helmet/amethyst"
      },
      {
        "predicate": {
          "custom_model_data": 2005
        },
        "model": "item/skins/armor/helmet/ruby"
      },
      {
        "predicate": {
          "custom_model_data": 2006
        },
        "model": "item/skins/armor/helmet/sapphire"
      },
      {
        "predicate": {
          "custom_model_data": 2007
        },
        "model": "item/skins/armor/helmet/emerald"
      },
      {
        "predicate": {
          "custom_model_data": 2008
        },
        "model": "item/skins/armor/helmet/ender"
      },
      {
        "predicate": {
          "custom_model_data": 2009
        },
        "model": "item/skins/armor/helmet/obsidian"
      },
      {
          "predicate": {
            "custom_model_data": 2010
          },
          "model": "item/skins/armor/helmet/frightening"
      },
      {
          "predicate": {
            "custom_model_data": 2011
          },
          "model": "item/skins/armor/helmet/leaf"
      },
      {
          "predicate": {
            "custom_model_data": 2012
          },
          "model": "item/skins/armor/helmet/deep_rock"
      },
      {
          "predicate": {
            "custom_model_data": 2013
          },
          "model": "item/skins/armor/helmet/ancient_blood"
      },
      {
          "predicate": {
            "custom_model_data": 2014
          },
          "model": "item/skins/armor/helmet/elderian"
      },
      {
          "predicate": {
            "custom_model_data": 2015
          },
          "model": "item/skins/armor/helmet/christmas"
      },
      {
          "predicate": {
            "custom_model_data": 2016
          },
          "model": "item/skins/armor/helmet/eros"
      },
      {
          "predicate": {
            "custom_model_data": 2017
          },
          "model": "item/skins/armor/helmet/easter"
      },
      {
          "predicate": {
            "custom_model_data": 2020
          },
          "model": "item/skins/armor/helmet/rudolph"
      }
    ]
  }