{
	"credit": "Made with Blockbench",
	"texture_size": [64, 64],
	"textures": {
		"0": "item/misc/mchub_coin",
		"particle": "item/misc/mchub_coin"
	},
	"elements": [
		{
			"from": [16.05468, 8.04358, 7.2],
			"to": [18.05468, 12.04358, 8.8],
			"rotation": {"angle": -45, "axis": "z", "origin": [8, 10.04358, 8]},
			"faces": {
				"north": {"uv": [1, 5.75, 0.5, 6.75], "rotation": 180, "texture": "#0"},
				"east": {"uv": [4.5, 5.5, 5.5, 6], "rotation": 270, "texture": "#0"},
				"south": {"uv": [0.5, 6.75, 0, 5.75], "texture": "#0"},
				"west": {"uv": [5.5, 5.5, 6.5, 6], "rotation": 90, "texture": "#0"},
				"up": {"uv": [0.5, 6.75, 1, 7.25], "rotation": 180, "texture": "#0"},
				"down": {"uv": [4, 8, 4.5, 8.5], "texture": "#0"}
			}
		},
		{
			"from": [16.05468, 8.04358, 7.2],
			"to": [18.05468, 12.04358, 8.8],
			"rotation": {"angle": -22.5, "axis": "z", "origin": [8, 10.04358, 8]},
			"faces": {
				"north": {"uv": [4, 5.75, 3.5, 6.75], "rotation": 180, "texture": "#0"},
				"east": {"uv": [1, 5.75, 2, 6.25], "rotation": 270, "texture": "#0"},
				"south": {"uv": [3.5, 6.75, 3, 5.75], "texture": "#0"},
				"west": {"uv": [2, 5.75, 3, 6.25], "rotation": 90, "texture": "#0"},
				"up": {"uv": [8.5, 1.5, 9, 2], "rotation": 180, "texture": "#0"},
				"down": {"uv": [8.5, 3.75, 9, 4.25], "texture": "#0"}
			}
		},
		{
			"from": [16.05468, 8.04358, 7.2],
			"to": [18.05468, 12.04358, 8.8],
			"rotation": {"angle": 0, "axis": "y", "origin": [8, 10.04358, 8]},
			"faces": {
				"north": {"uv": [1.5, 6.25, 1, 7.25], "rotation": 180, "texture": "#0"},
				"east": {"uv": [4, 6, 5, 6.5], "rotation": 270, "texture": "#0"},
				"south": {"uv": [6.5, 7, 6, 6], "texture": "#0"},
				"west": {"uv": [5, 6, 6, 6.5], "rotation": 90, "texture": "#0"},
				"up": {"uv": [4, 8.5, 4.5, 9], "rotation": 180, "texture": "#0"},
				"down": {"uv": [8.5, 4.25, 9, 4.75], "texture": "#0"}
			}
		},
		{
			"from": [16.05468, 8.04358, 7.2],
			"to": [18.05468, 12.04358, 8.8],
			"rotation": {"angle": 22.5, "axis": "z", "origin": [8, 10.04358, 8]},
			"faces": {
				"north": {"uv": [7, 4.75, 6.5, 5.75], "rotation": 180, "texture": "#0"},
				"east": {"uv": [1.5, 6.25, 2.5, 6.75], "rotation": 270, "texture": "#0"},
				"south": {"uv": [3, 7.25, 2.5, 6.25], "texture": "#0"},
				"west": {"uv": [4, 6.5, 5, 7], "rotation": 90, "texture": "#0"},
				"up": {"uv": [4.5, 8.5, 5, 9], "rotation": 180, "texture": "#0"},
				"down": {"uv": [5, 8.5, 5.5, 9], "texture": "#0"}
			}
		},
		{
			"from": [16.05468, 8.04358, 7.2],
			"to": [18.05468, 12.04358, 8.8],
			"rotation": {"angle": 45, "axis": "z", "origin": [8, 10.04358, 8]},
			"faces": {
				"north": {"uv": [0.5, 6.75, 0, 7.75], "rotation": 180, "texture": "#0"},
				"east": {"uv": [5, 6.5, 6, 7], "rotation": 270, "texture": "#0"},
				"south": {"uv": [7, 7.25, 6.5, 6.25], "texture": "#0"},
				"west": {"uv": [6.5, 5.75, 7.5, 6.25], "rotation": 90, "texture": "#0"},
				"up": {"uv": [8.5, 5.25, 9, 5.75], "rotation": 180, "texture": "#0"},
				"down": {"uv": [5.5, 8.5, 6, 9], "texture": "#0"}
			}
		},
		{
			"from": [16.55468, 8.84358, 8.8],
			"to": [17.55468, 11.24358, 9],
			"rotation": {"angle": 45, "axis": "z", "origin": [8, 10.04358, 8]},
			"faces": {
				"north": {"uv": [9.75, 2, 9.5, 2.5], "rotation": 180, "texture": "#0"},
				"east": {"uv": [4, 5.75, 4.5, 6], "rotation": 270, "texture": "#0"},
				"south": {"uv": [9.75, 2, 9.5, 1.5], "texture": "#0"},
				"west": {"uv": [6, 5.25, 6.5, 5.5], "rotation": 90, "texture": "#0"},
				"up": {"uv": [7, 9.75, 7.25, 10], "rotation": 180, "texture": "#0"},
				"down": {"uv": [9.75, 7, 10, 7.25], "texture": "#0"}
			}
		},
		{
			"from": [-1.55468, 8.84358, 8.8],
			"to": [-0.55468, 11.24358, 9],
			"rotation": {"angle": -45, "axis": "z", "origin": [8, 10.04358, 8]},
			"faces": {
				"north": {"uv": [2.75, 9.5, 2.5, 10], "rotation": 180, "texture": "#0"},
				"east": {"uv": [7, 5.5, 7.5, 5.75], "rotation": 270, "texture": "#0"},
				"south": {"uv": [2.5, 10, 2.25, 9.5], "texture": "#0"},
				"west": {"uv": [6, 7, 6.5, 7.25], "rotation": 90, "texture": "#0"},
				"up": {"uv": [7.25, 9.75, 7.5, 10], "rotation": 180, "texture": "#0"},
				"down": {"uv": [8.25, 9.75, 8.5, 10], "texture": "#0"}
			}
		},
		{
			"from": [6, 18.09826, 7.2],
			"to": [10, 20.09826, 8.8],
			"rotation": {"angle": -22.5, "axis": "z", "origin": [8, 10.04358, 8]},
			"faces": {
				"north": {"uv": [8, 4.5, 7, 5], "rotation": 180, "texture": "#0"},
				"east": {"uv": [8.5, 7.5, 9, 8], "rotation": 270, "texture": "#0"},
				"south": {"uv": [5, 7.5, 4, 7], "texture": "#0"},
				"west": {"uv": [8.5, 8, 9, 8.5], "rotation": 90, "texture": "#0"},
				"up": {"uv": [1.5, 6.75, 2.5, 7.25], "rotation": 180, "texture": "#0"},
				"down": {"uv": [3, 6.75, 4, 7.25], "texture": "#0"}
			}
		},
		{
			"from": [6, 18.09826, 7.2],
			"to": [10, 20.09826, 8.8],
			"rotation": {"angle": 0, "axis": "y", "origin": [8, 10.04358, 8]},
			"faces": {
				"north": {"uv": [8, 6.75, 7, 7.25], "rotation": 180, "texture": "#0"},
				"east": {"uv": [8.5, 8.5, 9, 9], "rotation": 270, "texture": "#0"},
				"south": {"uv": [8, 6.75, 7, 6.25], "texture": "#0"},
				"west": {"uv": [0, 8.75, 0.5, 9.25], "rotation": 90, "texture": "#0"},
				"up": {"uv": [5, 7, 6, 7.5], "rotation": 180, "texture": "#0"},
				"down": {"uv": [7, 5, 8, 5.5], "texture": "#0"}
			}
		},
		{
			"from": [-1.55468, 8.84358, 8.8],
			"to": [-0.55468, 11.24358, 9],
			"rotation": {"angle": 45, "axis": "z", "origin": [8, 10.04358, 8]},
			"faces": {
				"north": {"uv": [3, 9.5, 2.75, 10], "rotation": 180, "texture": "#0"},
				"east": {"uv": [3.5, 7.25, 4, 7.5], "rotation": 270, "texture": "#0"},
				"south": {"uv": [9.75, 3, 9.5, 2.5], "texture": "#0"},
				"west": {"uv": [7.5, 6, 8, 6.25], "rotation": 90, "texture": "#0"},
				"up": {"uv": [8.5, 9.75, 8.75, 10], "rotation": 180, "texture": "#0"},
				"down": {"uv": [8.75, 9.75, 9, 10], "texture": "#0"}
			}
		},
		{
			"from": [16.55468, 8.84358, 8.8],
			"to": [17.55468, 11.24358, 9],
			"rotation": {"angle": -45, "axis": "z", "origin": [8, 10.04358, 8]},
			"faces": {
				"north": {"uv": [9.75, 3, 9.5, 3.5], "rotation": 180, "texture": "#0"},
				"east": {"uv": [8, 5.25, 8.5, 5.5], "rotation": 270, "texture": "#0"},
				"south": {"uv": [3.25, 10, 3, 9.5], "texture": "#0"},
				"west": {"uv": [8, 7.5, 8.5, 7.75], "rotation": 90, "texture": "#0"},
				"up": {"uv": [9, 9.75, 9.25, 10], "rotation": 180, "texture": "#0"},
				"down": {"uv": [9.25, 9.75, 9.5, 10], "texture": "#0"}
			}
		},
		{
			"from": [16.55468, 8.84358, 7],
			"to": [17.55468, 11.24358, 7.2],
			"rotation": {"angle": 45, "axis": "z", "origin": [8, 10.04358, 8]},
			"faces": {
				"north": {"uv": [4.25, 9.75, 4, 10.25], "rotation": 180, "texture": "#0"},
				"east": {"uv": [3.25, 9.75, 3.75, 10], "rotation": 270, "texture": "#0"},
				"south": {"uv": [10, 4.25, 9.75, 3.75], "texture": "#0"},
				"west": {"uv": [9.75, 3.25, 10.25, 3.5], "rotation": 90, "texture": "#0"},
				"up": {"uv": [1.5, 11, 1.75, 11.25], "rotation": 180, "texture": "#0"},
				"down": {"uv": [11, 1.5, 11.25, 1.75], "texture": "#0"}
			}
		},
		{
			"from": [-1.55468, 8.84358, 7],
			"to": [-0.55468, 11.24358, 7.2],
			"rotation": {"angle": -45, "axis": "z", "origin": [8, 10.04358, 8]},
			"faces": {
				"north": {"uv": [10, 2.75, 9.75, 3.25], "rotation": 180, "texture": "#0"},
				"east": {"uv": [1.75, 9.75, 2.25, 10], "rotation": 270, "texture": "#0"},
				"south": {"uv": [10, 2.75, 9.75, 2.25], "texture": "#0"},
				"west": {"uv": [9.75, 2, 10.25, 2.25], "rotation": 90, "texture": "#0"},
				"up": {"uv": [1.25, 11, 1.5, 11.25], "rotation": 180, "texture": "#0"},
				"down": {"uv": [11, 1.25, 11.25, 1.5], "texture": "#0"}
			}
		},
		{
			"from": [-1.55468, 8.84358, 7],
			"to": [-0.55468, 11.24358, 7.2],
			"rotation": {"angle": 45, "axis": "z", "origin": [8, 10.04358, 8]},
			"faces": {
				"north": {"uv": [10, 1.5, 9.75, 2], "rotation": 180, "texture": "#0"},
				"east": {"uv": [0.5, 9.75, 1, 10], "rotation": 270, "texture": "#0"},
				"south": {"uv": [1.75, 10.25, 1.5, 9.75], "texture": "#0"},
				"west": {"uv": [9.75, 0.75, 10.25, 1], "rotation": 90, "texture": "#0"},
				"up": {"uv": [1, 11, 1.25, 11.25], "rotation": 180, "texture": "#0"},
				"down": {"uv": [11, 1, 11.25, 1.25], "texture": "#0"}
			}
		},
		{
			"from": [16.55468, 8.84358, 7],
			"to": [17.55468, 11.24358, 7.2],
			"rotation": {"angle": -45, "axis": "z", "origin": [8, 10.04358, 8]},
			"faces": {
				"north": {"uv": [10, 0.25, 9.75, 0.75], "rotation": 180, "texture": "#0"},
				"east": {"uv": [9.25, 9.5, 9.75, 9.75], "rotation": 270, "texture": "#0"},
				"south": {"uv": [0.5, 10.25, 0.25, 9.75], "texture": "#0"},
				"west": {"uv": [9.75, 0, 10.25, 0.25], "rotation": 90, "texture": "#0"},
				"up": {"uv": [0.75, 11, 1, 11.25], "rotation": 180, "texture": "#0"},
				"down": {"uv": [11, 0.75, 11.25, 1], "texture": "#0"}
			}
		},
		{
			"from": [6, 18.09826, 7.2],
			"to": [10, 20.09826, 8.8],
			"rotation": {"angle": 22.5, "axis": "z", "origin": [8, 10.04358, 8]},
			"faces": {
				"north": {"uv": [7, 7.25, 6, 7.75], "rotation": 180, "texture": "#0"},
				"east": {"uv": [0.5, 8.75, 1, 9.25], "rotation": 270, "texture": "#0"},
				"south": {"uv": [3.5, 7.75, 2.5, 7.25], "texture": "#0"},
				"west": {"uv": [1, 8.75, 1.5, 9.25], "rotation": 90, "texture": "#0"},
				"up": {"uv": [0.5, 7.25, 1.5, 7.75], "rotation": 180, "texture": "#0"},
				"down": {"uv": [1.5, 7.25, 2.5, 7.75], "texture": "#0"}
			}
		},
		{
			"from": [-2.05468, 8.04358, 7.2],
			"to": [-0.05468, 12.04358, 8.8],
			"rotation": {"angle": -45, "axis": "z", "origin": [8, 10.04358, 8]},
			"faces": {
				"north": {"uv": [5, 7.5, 4.5, 8.5], "rotation": 180, "texture": "#0"},
				"east": {"uv": [7, 7.25, 8, 7.75], "rotation": 270, "texture": "#0"},
				"south": {"uv": [8, 4.5, 7.5, 3.5], "texture": "#0"},
				"west": {"uv": [3.5, 7.5, 4.5, 8], "rotation": 90, "texture": "#0"},
				"up": {"uv": [1.5, 8.75, 2, 9.25], "rotation": 180, "texture": "#0"},
				"down": {"uv": [2, 8.75, 2.5, 9.25], "texture": "#0"}
			}
		},
		{
			"from": [-2.05468, 8.04358, 7.2],
			"to": [-0.05468, 12.04358, 8.8],
			"rotation": {"angle": -22.5, "axis": "z", "origin": [8, 10.04358, 8]},
			"faces": {
				"north": {"uv": [1, 7.75, 0.5, 8.75], "rotation": 180, "texture": "#0"},
				"east": {"uv": [5, 7.5, 6, 8], "rotation": 270, "texture": "#0"},
				"south": {"uv": [0.5, 8.75, 0, 7.75], "texture": "#0"},
				"west": {"uv": [7.5, 5.5, 8.5, 6], "rotation": 90, "texture": "#0"},
				"up": {"uv": [2.5, 8.75, 3, 9.25], "rotation": 180, "texture": "#0"},
				"down": {"uv": [3, 8.75, 3.5, 9.25], "texture": "#0"}
			}
		},
		{
			"from": [-2.05468, 8.04358, 7.2],
			"to": [-0.05468, 12.04358, 8.8],
			"rotation": {"angle": 0, "axis": "y", "origin": [8, 10.04358, 8]},
			"faces": {
				"north": {"uv": [6.5, 7.75, 6, 8.75], "rotation": 180, "texture": "#0"},
				"east": {"uv": [1, 7.75, 2, 8.25], "rotation": 270, "texture": "#0"},
				"south": {"uv": [3.5, 8.75, 3, 7.75], "texture": "#0"},
				"west": {"uv": [2, 7.75, 3, 8.25], "rotation": 90, "texture": "#0"},
				"up": {"uv": [6, 8.75, 6.5, 9.25], "rotation": 180, "texture": "#0"},
				"down": {"uv": [6.5, 8.75, 7, 9.25], "texture": "#0"}
			}
		},
		{
			"from": [-2.05468, 8.04358, 7.2],
			"to": [-0.05468, 12.04358, 8.8],
			"rotation": {"angle": 22.5, "axis": "z", "origin": [8, 10.04358, 8]},
			"faces": {
				"north": {"uv": [8.5, 1, 8, 2], "rotation": 180, "texture": "#0"},
				"east": {"uv": [6.5, 7.75, 7.5, 8.25], "rotation": 270, "texture": "#0"},
				"south": {"uv": [8.5, 1, 8, 0], "texture": "#0"},
				"west": {"uv": [7.5, 7.75, 8.5, 8.25], "rotation": 90, "texture": "#0"},
				"up": {"uv": [7, 8.75, 7.5, 9.25], "rotation": 180, "texture": "#0"},
				"down": {"uv": [7.5, 8.75, 8, 9.25], "texture": "#0"}
			}
		},
		{
			"from": [-2.05468, 8.04358, 7.2],
			"to": [-0.05468, 12.04358, 8.8],
			"rotation": {"angle": 45, "axis": "z", "origin": [8, 10.04358, 8]},
			"faces": {
				"north": {"uv": [8.5, 3.75, 8, 4.75], "rotation": 180, "texture": "#0"},
				"east": {"uv": [8, 2.75, 9, 3.25], "rotation": 270, "texture": "#0"},
				"south": {"uv": [4, 9, 3.5, 8], "texture": "#0"},
				"west": {"uv": [8, 3.25, 9, 3.75], "rotation": 90, "texture": "#0"},
				"up": {"uv": [8, 8.75, 8.5, 9.25], "rotation": 180, "texture": "#0"},
				"down": {"uv": [9, 1.5, 9.5, 2], "texture": "#0"}
			}
		},
		{
			"from": [6, -0.0111, 7.2],
			"to": [10, 1.9889, 8.8],
			"rotation": {"angle": -22.5, "axis": "z", "origin": [8, 10.04358, 8]},
			"faces": {
				"north": {"uv": [9, 6.5, 8, 7], "rotation": 180, "texture": "#0"},
				"east": {"uv": [9, 2, 9.5, 2.5], "rotation": 270, "texture": "#0"},
				"south": {"uv": [9, 6.5, 8, 6], "texture": "#0"},
				"west": {"uv": [9, 2.5, 9.5, 3], "rotation": 90, "texture": "#0"},
				"up": {"uv": [8, 4.75, 9, 5.25], "rotation": 180, "texture": "#0"},
				"down": {"uv": [5, 8, 6, 8.5], "texture": "#0"}
			}
		},
		{
			"from": [6, -0.0111, 7.2],
			"to": [10, 1.9889, 8.8],
			"rotation": {"angle": 0, "axis": "y", "origin": [8, 10.04358, 8]},
			"faces": {
				"north": {"uv": [7.5, 8.25, 6.5, 8.75], "rotation": 180, "texture": "#0"},
				"east": {"uv": [9, 3, 9.5, 3.5], "rotation": 270, "texture": "#0"},
				"south": {"uv": [3, 8.75, 2, 8.25], "texture": "#0"},
				"west": {"uv": [3.5, 9, 4, 9.5], "rotation": 90, "texture": "#0"},
				"up": {"uv": [8, 7, 9, 7.5], "rotation": 180, "texture": "#0"},
				"down": {"uv": [1, 8.25, 2, 8.75], "texture": "#0"}
			}
		},
		{
			"from": [6, -0.0111, 7.2],
			"to": [10, 1.9889, 8.8],
			"rotation": {"angle": 22.5, "axis": "z", "origin": [8, 10.04358, 8]},
			"faces": {
				"north": {"uv": [9.5, 1, 8.5, 1.5], "rotation": 180, "texture": "#0"},
				"east": {"uv": [9, 3.5, 9.5, 4], "rotation": 270, "texture": "#0"},
				"south": {"uv": [9.5, 1, 8.5, 0.5], "texture": "#0"},
				"west": {"uv": [4, 9, 4.5, 9.5], "rotation": 90, "texture": "#0"},
				"up": {"uv": [7.5, 8.25, 8.5, 8.75], "rotation": 180, "texture": "#0"},
				"down": {"uv": [8.5, 0, 9.5, 0.5], "texture": "#0"}
			}
		},
		{
			"from": [1.1, 2.74358, 7.5],
			"to": [14.9, 5.54358, 8.3],
			"rotation": {"angle": 0, "axis": "y", "origin": [8, 10.04358, 8]},
			"faces": {
				"north": {"uv": [8, 0, 4.5, 0.75], "rotation": 180, "texture": "#0"},
				"east": {"uv": [0.25, 9.5, 1, 9.75], "rotation": 270, "texture": "#0"},
				"south": {"uv": [3.5, 5.25, 0, 4.5], "texture": "#0"},
				"west": {"uv": [9.5, 1, 10.25, 1.25], "rotation": 90, "texture": "#0"},
				"up": {"uv": [4.5, 2.75, 8, 3], "rotation": 180, "texture": "#0"},
				"down": {"uv": [4.5, 3, 8, 3.25], "texture": "#0"}
			}
		},
		{
			"from": [1.9, 1.94358, 7.5],
			"to": [14.1, 2.74358, 8.3],
			"rotation": {"angle": 0, "axis": "y", "origin": [8, 10.04358, 8]},
			"faces": {
				"north": {"uv": [7.5, 4.25, 4.5, 4.5], "rotation": 180, "texture": "#0"},
				"east": {"uv": [9.5, 9.75, 9.75, 10], "rotation": 270, "texture": "#0"},
				"south": {"uv": [7.5, 4.25, 4.5, 4], "texture": "#0"},
				"west": {"uv": [9.75, 9.5, 10, 9.75], "rotation": 90, "texture": "#0"},
				"up": {"uv": [4.5, 3.5, 7.5, 3.75], "rotation": 180, "texture": "#0"},
				"down": {"uv": [4.5, 3.75, 7.5, 4], "texture": "#0"}
			}
		},
		{
			"from": [1.9, 17.34358, 7.5],
			"to": [14.1, 18.14358, 8.3],
			"rotation": {"angle": 0, "axis": "y", "origin": [8, 10.04358, 8]},
			"faces": {
				"north": {"uv": [6, 5.25, 3, 5.5], "rotation": 180, "texture": "#0"},
				"east": {"uv": [9.75, 9.75, 10, 10], "rotation": 270, "texture": "#0"},
				"south": {"uv": [3, 5.5, 0, 5.25], "texture": "#0"},
				"west": {"uv": [10, 0.25, 10.25, 0.5], "rotation": 90, "texture": "#0"},
				"up": {"uv": [3.5, 4.75, 6.5, 5], "rotation": 180, "texture": "#0"},
				"down": {"uv": [3.5, 5, 6.5, 5.25], "texture": "#0"}
			}
		},
		{
			"from": [1.1, 14.54358, 7.5],
			"to": [14.9, 17.34358, 8.3],
			"rotation": {"angle": 0, "axis": "y", "origin": [8, 10.04358, 8]},
			"faces": {
				"north": {"uv": [8, 1.5, 4.5, 2.25], "rotation": 180, "texture": "#0"},
				"east": {"uv": [9.5, 1.25, 10.25, 1.5], "rotation": 270, "texture": "#0"},
				"south": {"uv": [8, 1.5, 4.5, 0.75], "texture": "#0"},
				"west": {"uv": [1.5, 9.5, 2.25, 9.75], "rotation": 90, "texture": "#0"},
				"up": {"uv": [4.5, 3.25, 8, 3.5], "rotation": 180, "texture": "#0"},
				"down": {"uv": [3.5, 4.5, 7, 4.75], "texture": "#0"}
			}
		},
		{
			"from": [-1, 5.54358, 7.5],
			"to": [17, 14.54358, 8.3],
			"rotation": {"angle": 0, "axis": "y", "origin": [8, 10.04358, 8]},
			"faces": {
				"north": {"uv": [4.5, 2.25, 0, 4.5], "rotation": 180, "texture": "#0"},
				"east": {"uv": [0, 5.5, 2.25, 5.75], "rotation": 270, "texture": "#0"},
				"south": {"uv": [4.5, 2.25, 0, 0], "texture": "#0"},
				"west": {"uv": [2.25, 5.5, 4.5, 5.75], "rotation": 90, "texture": "#0"},
				"up": {"uv": [4.5, 2.25, 9, 2.5], "rotation": 180, "texture": "#0"},
				"down": {"uv": [4.5, 2.5, 9, 2.75], "texture": "#0"}
			}
		},
		{
			"from": [10.2275, 5.48358, 8.29],
			"to": [11.5775, 9.80358, 9.16],
			"rotation": {"angle": 0, "axis": "y", "origin": [8, 9.98358, 7.89]},
			"faces": {
				"north": {"uv": [9.25, 6, 9, 7], "rotation": 180, "texture": "#0"},
				"east": {"uv": [4.75, 9, 5.75, 9.25], "rotation": 270, "texture": "#0"},
				"south": {"uv": [6, 10, 5.75, 9], "texture": "#0"},
				"west": {"uv": [9, 5, 10, 5.25], "rotation": 90, "texture": "#0"},
				"up": {"uv": [10, 2.75, 10.25, 3], "rotation": 180, "texture": "#0"},
				"down": {"uv": [3, 10, 3.25, 10.25], "texture": "#0"}
			}
		},
		{
			"from": [11.5775, 8.72358, 8.29],
			"to": [12.1175, 9.80358, 9.16],
			"rotation": {"angle": 0, "axis": "y", "origin": [8, 9.98358, 7.89]},
			"faces": {
				"north": {"uv": [10.25, 3.75, 10, 4], "rotation": 180, "texture": "#0"},
				"east": {"uv": [3.25, 10, 3.5, 10.25], "rotation": 270, "texture": "#0"},
				"south": {"uv": [4, 10.25, 3.75, 10], "texture": "#0"},
				"west": {"uv": [10, 3.5, 10.25, 3.75], "rotation": 90, "texture": "#0"},
				"up": {"uv": [10, 3, 10.25, 3.25], "rotation": 180, "texture": "#0"},
				"down": {"uv": [3.5, 10, 3.75, 10.25], "texture": "#0"}
			}
		},
		{
			"from": [12.9275, 7.91358, 8.29],
			"to": [13.4675, 9.80358, 9.16],
			"rotation": {"angle": 0, "axis": "y", "origin": [8, 9.98358, 7.89]},
			"faces": {
				"north": {"uv": [9.75, 3.75, 9.5, 4.25], "rotation": 180, "texture": "#0"},
				"east": {"uv": [3.25, 9.5, 3.75, 9.75], "rotation": 270, "texture": "#0"},
				"south": {"uv": [4, 10, 3.75, 9.5], "texture": "#0"},
				"west": {"uv": [9.5, 3.5, 10, 3.75], "rotation": 90, "texture": "#0"},
				"up": {"uv": [0.5, 10, 0.75, 10.25], "rotation": 180, "texture": "#0"},
				"down": {"uv": [10, 0.5, 10.25, 0.75], "texture": "#0"}
			}
		},
		{
			"from": [11.5775, 7.10358, 8.29],
			"to": [12.1175, 8.18358, 9.16],
			"rotation": {"angle": 0, "axis": "y", "origin": [8, 9.98358, 7.89]},
			"faces": {
				"north": {"uv": [3, 10, 2.75, 10.25], "rotation": 180, "texture": "#0"},
				"east": {"uv": [2.25, 10, 2.5, 10.25], "rotation": 270, "texture": "#0"},
				"south": {"uv": [10.25, 2.75, 10, 2.5], "texture": "#0"},
				"west": {"uv": [2.5, 10, 2.75, 10.25], "rotation": 90, "texture": "#0"},
				"up": {"uv": [2, 10, 2.25, 10.25], "rotation": 180, "texture": "#0"},
				"down": {"uv": [10, 2.25, 10.25, 2.5], "texture": "#0"}
			}
		},
		{
			"from": [12.9275, 5.48358, 8.29],
			"to": [13.4675, 7.37358, 9.16],
			"rotation": {"angle": 0, "axis": "y", "origin": [8, 9.98358, 7.89]},
			"faces": {
				"north": {"uv": [6.25, 9.5, 6, 10], "rotation": 180, "texture": "#0"},
				"east": {"uv": [4, 9.5, 4.5, 9.75], "rotation": 270, "texture": "#0"},
				"south": {"uv": [9.75, 5, 9.5, 4.5], "texture": "#0"},
				"west": {"uv": [9.5, 4.25, 10, 4.5], "rotation": 90, "texture": "#0"},
				"up": {"uv": [0.75, 10, 1, 10.25], "rotation": 180, "texture": "#0"},
				"down": {"uv": [10, 1.5, 10.25, 1.75], "texture": "#0"}
			}
		},
		{
			"from": [12.1175, 5.48358, 8.29],
			"to": [12.9275, 9.80358, 9.16],
			"rotation": {"angle": 0, "axis": "y", "origin": [8, 9.98358, 7.89]},
			"faces": {
				"north": {"uv": [4.75, 9, 4.5, 10], "rotation": 180, "texture": "#0"},
				"east": {"uv": [8, 2, 9, 2.25], "rotation": 270, "texture": "#0"},
				"south": {"uv": [9.25, 5, 9, 4], "texture": "#0"},
				"west": {"uv": [8.5, 5.75, 9.5, 6], "rotation": 90, "texture": "#0"},
				"up": {"uv": [1.75, 10, 2, 10.25], "rotation": 180, "texture": "#0"},
				"down": {"uv": [10, 1.75, 10.25, 2], "texture": "#0"}
			}
		},
		{
			"from": [11.5775, 5.48358, 8.29],
			"to": [12.1175, 6.56358, 9.16],
			"rotation": {"angle": 0, "axis": "y", "origin": [8, 9.98358, 7.89]},
			"faces": {
				"north": {"uv": [10.25, 4.75, 10, 5], "rotation": 180, "texture": "#0"},
				"east": {"uv": [4.25, 10, 4.5, 10.25], "rotation": 270, "texture": "#0"},
				"south": {"uv": [10.25, 4.75, 10, 4.5], "texture": "#0"},
				"west": {"uv": [4.5, 10, 4.75, 10.25], "rotation": 90, "texture": "#0"},
				"up": {"uv": [10, 4, 10.25, 4.25], "rotation": 180, "texture": "#0"},
				"down": {"uv": [10, 4.25, 10.25, 4.5], "texture": "#0"}
			}
		},
		{
			"from": [8.3375, 5.48358, 8.29],
			"to": [9.6875, 9.80358, 9.16],
			"rotation": {"angle": 0, "axis": "y", "origin": [8, 9.98358, 7.89]},
			"faces": {
				"north": {"uv": [9.25, 8, 9, 9], "rotation": 180, "texture": "#0"},
				"east": {"uv": [9, 5.25, 10, 5.5], "rotation": 270, "texture": "#0"},
				"south": {"uv": [9.25, 8, 9, 7], "texture": "#0"},
				"west": {"uv": [9, 5.5, 10, 5.75], "rotation": 90, "texture": "#0"},
				"up": {"uv": [10, 5, 10.25, 5.25], "rotation": 180, "texture": "#0"},
				"down": {"uv": [10, 5.25, 10.25, 5.5], "texture": "#0"}
			}
		},
		{
			"from": [7.5275, 5.48358, 8.29],
			"to": [8.3375, 6.56358, 9.16],
			"rotation": {"angle": 0, "axis": "y", "origin": [8, 9.98358, 7.89]},
			"faces": {
				"north": {"uv": [2, 10.25, 1.75, 10.5], "rotation": 180, "texture": "#0"},
				"east": {"uv": [1.25, 10.25, 1.5, 10.5], "rotation": 270, "texture": "#0"},
				"south": {"uv": [10.5, 1.75, 10.25, 1.5], "texture": "#0"},
				"west": {"uv": [1.5, 10.25, 1.75, 10.5], "rotation": 90, "texture": "#0"},
				"up": {"uv": [10.25, 1, 10.5, 1.25], "rotation": 180, "texture": "#0"},
				"down": {"uv": [10.25, 1.25, 10.5, 1.5], "texture": "#0"}
			}
		},
		{
			"from": [6.1775, 5.48358, 8.29],
			"to": [7.5275, 9.80358, 9.16],
			"rotation": {"angle": 0, "axis": "y", "origin": [8, 9.98358, 7.89]},
			"faces": {
				"north": {"uv": [1.5, 9.25, 1.25, 10.25], "rotation": 180, "texture": "#0"},
				"east": {"uv": [8.5, 9, 9.5, 9.25], "rotation": 270, "texture": "#0"},
				"south": {"uv": [1.25, 10.25, 1, 9.25], "texture": "#0"},
				"west": {"uv": [0, 9.25, 1, 9.5], "rotation": 90, "texture": "#0"},
				"up": {"uv": [10, 5.5, 10.25, 5.75], "rotation": 180, "texture": "#0"},
				"down": {"uv": [5.75, 10, 6, 10.25], "texture": "#0"}
			}
		},
		{
			"from": [4.2875, 5.48358, 8.29],
			"to": [5.6375, 9.80358, 9.16],
			"rotation": {"angle": 0, "axis": "y", "origin": [8, 9.98358, 7.89]},
			"faces": {
				"north": {"uv": [5, 9.25, 4.75, 10.25], "rotation": 180, "texture": "#0"},
				"east": {"uv": [1.5, 9.25, 2.5, 9.5], "rotation": 270, "texture": "#0"},
				"south": {"uv": [9.5, 5, 9.25, 4], "texture": "#0"},
				"west": {"uv": [2.5, 9.25, 3.5, 9.5], "rotation": 90, "texture": "#0"},
				"up": {"uv": [10, 5.75, 10.25, 6], "rotation": 180, "texture": "#0"},
				"down": {"uv": [6, 10, 6.25, 10.25], "texture": "#0"}
			}
		},
		{
			"from": [3.4775, 7.10358, 8.29],
			"to": [4.2875, 8.18358, 9.16],
			"rotation": {"angle": 0, "axis": "y", "origin": [8, 9.98358, 7.89]},
			"faces": {
				"north": {"uv": [10.25, 7, 10, 7.25], "rotation": 180, "texture": "#0"},
				"east": {"uv": [6.5, 10, 6.75, 10.25], "rotation": 270, "texture": "#0"},
				"south": {"uv": [7.25, 10.25, 7, 10], "texture": "#0"},
				"west": {"uv": [10, 6.75, 10.25, 7], "rotation": 90, "texture": "#0"},
				"up": {"uv": [6.25, 10, 6.5, 10.25], "rotation": 180, "texture": "#0"},
				"down": {"uv": [6.75, 10, 7, 10.25], "texture": "#0"}
			}
		},
		{
			"from": [2.1275, 5.48358, 8.29],
			"to": [3.4775, 9.80358, 9.16],
			"rotation": {"angle": 0, "axis": "y", "origin": [8, 9.98358, 7.89]},
			"faces": {
				"north": {"uv": [5.5, 9.25, 5.25, 10.25], "rotation": 180, "texture": "#0"},
				"east": {"uv": [6, 9.25, 7, 9.5], "rotation": 270, "texture": "#0"},
				"south": {"uv": [5.25, 10.25, 5, 9.25], "texture": "#0"},
				"west": {"uv": [9.25, 6, 10.25, 6.25], "rotation": 90, "texture": "#0"},
				"up": {"uv": [7.25, 10, 7.5, 10.25], "rotation": 180, "texture": "#0"},
				"down": {"uv": [10, 7.25, 10.25, 7.5], "texture": "#0"}
			}
		},
		{
			"from": [6.3575, 10.88358, 8.29],
			"to": [7.7075, 15.20358, 9.16],
			"rotation": {"angle": 0, "axis": "y", "origin": [8, 9.98358, 7.89]},
			"faces": {
				"north": {"uv": [9.5, 8, 9.25, 9], "rotation": 180, "texture": "#0"},
				"east": {"uv": [7, 9.25, 8, 9.5], "rotation": 270, "texture": "#0"},
				"south": {"uv": [8.25, 10.25, 8, 9.25], "texture": "#0"},
				"west": {"uv": [9.25, 7.75, 10.25, 8], "rotation": 90, "texture": "#0"},
				"up": {"uv": [10.25, 0, 10.5, 0.25], "rotation": 180, "texture": "#0"},
				"down": {"uv": [0.25, 10.25, 0.5, 10.5], "texture": "#0"}
			}
		},
		{
			"from": [5.8175, 12.77358, 8.29],
			"to": [6.3575, 14.66358, 9.16],
			"rotation": {"angle": 0, "axis": "y", "origin": [8, 9.98358, 7.89]},
			"faces": {
				"north": {"uv": [8, 9.5, 7.75, 10], "rotation": 180, "texture": "#0"},
				"east": {"uv": [7, 9.5, 7.5, 9.75], "rotation": 270, "texture": "#0"},
				"south": {"uv": [7.75, 10, 7.5, 9.5], "texture": "#0"},
				"west": {"uv": [9.5, 7.25, 10, 7.5], "rotation": 90, "texture": "#0"},
				"up": {"uv": [10, 9.75, 10.25, 10], "rotation": 180, "texture": "#0"},
				"down": {"uv": [10, 10, 10.25, 10.25], "texture": "#0"}
			}
		},
		{
			"from": [5.2775, 12.77358, 8.29],
			"to": [5.8175, 14.12358, 9.16],
			"rotation": {"angle": 0, "axis": "y", "origin": [8, 9.98358, 7.89]},
			"faces": {
				"north": {"uv": [10.25, 8.75, 10, 9], "rotation": 180, "texture": "#0"},
				"east": {"uv": [10, 8.25, 10.25, 8.5], "rotation": 270, "texture": "#0"},
				"south": {"uv": [9, 10.25, 8.75, 10], "texture": "#0"},
				"west": {"uv": [10, 8.5, 10.25, 8.75], "rotation": 90, "texture": "#0"},
				"up": {"uv": [8.25, 10, 8.5, 10.25], "rotation": 180, "texture": "#0"},
				"down": {"uv": [8.5, 10, 8.75, 10.25], "texture": "#0"}
			}
		},
		{
			"from": [5.0075, 12.23358, 8.29],
			"to": [6.0875, 12.77358, 9.16],
			"rotation": {"angle": 0, "axis": "y", "origin": [8, 9.98358, 7.89]},
			"faces": {
				"north": {"uv": [10, 10, 9.75, 10.25], "rotation": 180, "texture": "#0"},
				"east": {"uv": [10, 9, 10.25, 9.25], "rotation": 270, "texture": "#0"},
				"south": {"uv": [10.25, 9.75, 10, 9.5], "texture": "#0"},
				"west": {"uv": [9.5, 10, 9.75, 10.25], "rotation": 90, "texture": "#0"},
				"up": {"uv": [9, 10, 9.25, 10.25], "rotation": 180, "texture": "#0"},
				"down": {"uv": [9.25, 10, 9.5, 10.25], "texture": "#0"}
			}
		},
		{
			"from": [4.7375, 12.77358, 8.29],
			"to": [5.2775, 14.66358, 9.16],
			"rotation": {"angle": 0, "axis": "y", "origin": [8, 9.98358, 7.89]},
			"faces": {
				"north": {"uv": [9.75, 6.75, 9.5, 7.25], "rotation": 180, "texture": "#0"},
				"east": {"uv": [9.5, 5.75, 10, 6], "rotation": 270, "texture": "#0"},
				"south": {"uv": [7, 10, 6.75, 9.5], "texture": "#0"},
				"west": {"uv": [6.25, 9.5, 6.75, 9.75], "rotation": 90, "texture": "#0"},
				"up": {"uv": [7.5, 10, 7.75, 10.25], "rotation": 180, "texture": "#0"},
				"down": {"uv": [10, 7.5, 10.25, 7.75], "texture": "#0"}
			}
		},
		{
			"from": [3.3875, 10.88358, 8.29],
			"to": [4.7375, 15.20358, 9.16],
			"rotation": {"angle": 0, "axis": "y", "origin": [8, 9.98358, 7.89]},
			"faces": {
				"north": {"uv": [9.5, 6.75, 9.25, 7.75], "rotation": 180, "texture": "#0"},
				"east": {"uv": [9.25, 6.25, 10.25, 6.5], "rotation": 270, "texture": "#0"},
				"south": {"uv": [5.75, 10.25, 5.5, 9.25], "texture": "#0"},
				"west": {"uv": [9.25, 6.5, 10.25, 6.75], "rotation": 90, "texture": "#0"},
				"up": {"uv": [7.75, 10, 8, 10.25], "rotation": 180, "texture": "#0"},
				"down": {"uv": [10, 8, 10.25, 8.25], "texture": "#0"}
			}
		},
		{
			"from": [9.8675, 10.88358, 8.29],
			"to": [12.0275, 11.96358, 9.16],
			"rotation": {"angle": 0, "axis": "y", "origin": [8, 9.98358, 7.89]},
			"faces": {
				"north": {"uv": [10, 9, 9.5, 9.25], "rotation": 180, "texture": "#0"},
				"east": {"uv": [10.25, 0.75, 10.5, 1], "rotation": 270, "texture": "#0"},
				"south": {"uv": [10, 9, 9.5, 8.75], "texture": "#0"},
				"west": {"uv": [1, 10.25, 1.25, 10.5], "rotation": 90, "texture": "#0"},
				"up": {"uv": [9.5, 8.5, 10, 8.75], "rotation": 180, "texture": "#0"},
				"down": {"uv": [8.75, 9.5, 9.25, 9.75], "texture": "#0"}
			}
		},
		{
			"from": [8.5175, 10.88358, 8.29],
			"to": [9.8675, 15.20358, 9.16],
			"rotation": {"angle": 0, "axis": "y", "origin": [8, 9.98358, 7.89]},
			"faces": {
				"north": {"uv": [9.75, 0, 9.5, 1], "rotation": 180, "texture": "#0"},
				"east": {"uv": [8.25, 9.25, 9.25, 9.5], "rotation": 270, "texture": "#0"},
				"south": {"uv": [0.25, 10.5, 0, 9.5], "texture": "#0"},
				"west": {"uv": [9.25, 9.25, 10.25, 9.5], "rotation": 90, "texture": "#0"},
				"up": {"uv": [10.25, 0.5, 10.5, 0.75], "rotation": 180, "texture": "#0"},
				"down": {"uv": [0.75, 10.25, 1, 10.5], "texture": "#0"}
			}
		},
		{
			"from": [9.8675, 14.12358, 8.29],
			"to": [12.0275, 15.20358, 9.16],
			"rotation": {"angle": 0, "axis": "y", "origin": [8, 9.98358, 7.89]},
			"faces": {
				"north": {"uv": [10, 8.25, 9.5, 8.5], "rotation": 180, "texture": "#0"},
				"east": {"uv": [10.25, 0.25, 10.5, 0.5], "rotation": 270, "texture": "#0"},
				"south": {"uv": [8.75, 9.75, 8.25, 9.5], "texture": "#0"},
				"west": {"uv": [0.5, 10.25, 0.75, 10.5], "rotation": 90, "texture": "#0"},
				"up": {"uv": [9.5, 7.5, 10, 7.75], "rotation": 180, "texture": "#0"},
				"down": {"uv": [9.5, 8, 10, 8.25], "texture": "#0"}
			}
		},
		{
			"from": [4.4225, 5.48358, 6.6275],
			"to": [5.7725, 9.80358, 7.4975],
			"rotation": {"angle": 0, "axis": "y", "origin": [8, 9.98358, 8.11]},
			"faces": {
				"north": {"uv": [6, 10, 5.75, 9], "texture": "#0"},
				"east": {"uv": [9, 5, 10, 5.25], "rotation": 90, "texture": "#0"},
				"south": {"uv": [9.25, 6, 9, 7], "rotation": 180, "texture": "#0"},
				"west": {"uv": [4.75, 9, 5.75, 9.25], "rotation": 270, "texture": "#0"},
				"up": {"uv": [10.25, 3, 10, 2.75], "rotation": 180, "texture": "#0"},
				"down": {"uv": [3.25, 10.25, 3, 10], "texture": "#0"}
			}
		},
		{
			"from": [3.8825, 8.72358, 6.6275],
			"to": [4.4225, 9.80358, 7.4975],
			"rotation": {"angle": 0, "axis": "y", "origin": [8, 9.98358, 8.11]},
			"faces": {
				"north": {"uv": [4, 10.25, 3.75, 10], "texture": "#0"},
				"east": {"uv": [10, 3.5, 10.25, 3.75], "rotation": 90, "texture": "#0"},
				"south": {"uv": [10.25, 3.75, 10, 4], "rotation": 180, "texture": "#0"},
				"west": {"uv": [3.25, 10, 3.5, 10.25], "rotation": 270, "texture": "#0"},
				"up": {"uv": [10.25, 3.25, 10, 3], "rotation": 180, "texture": "#0"},
				"down": {"uv": [3.75, 10.25, 3.5, 10], "texture": "#0"}
			}
		},
		{
			"from": [2.5325, 7.91358, 6.6275],
			"to": [3.0725, 9.80358, 7.4975],
			"rotation": {"angle": 0, "axis": "y", "origin": [8, 9.98358, 8.11]},
			"faces": {
				"north": {"uv": [4, 10, 3.75, 9.5], "texture": "#0"},
				"east": {"uv": [9.5, 3.5, 10, 3.75], "rotation": 90, "texture": "#0"},
				"south": {"uv": [9.75, 3.75, 9.5, 4.25], "rotation": 180, "texture": "#0"},
				"west": {"uv": [3.25, 9.5, 3.75, 9.75], "rotation": 270, "texture": "#0"},
				"up": {"uv": [0.75, 10.25, 0.5, 10], "rotation": 180, "texture": "#0"},
				"down": {"uv": [10.25, 0.75, 10, 0.5], "texture": "#0"}
			}
		},
		{
			"from": [3.8825, 7.10358, 6.6275],
			"to": [4.4225, 8.18358, 7.4975],
			"rotation": {"angle": 0, "axis": "y", "origin": [8, 9.98358, 8.11]},
			"faces": {
				"north": {"uv": [10.25, 2.75, 10, 2.5], "texture": "#0"},
				"east": {"uv": [2.5, 10, 2.75, 10.25], "rotation": 90, "texture": "#0"},
				"south": {"uv": [3, 10, 2.75, 10.25], "rotation": 180, "texture": "#0"},
				"west": {"uv": [2.25, 10, 2.5, 10.25], "rotation": 270, "texture": "#0"},
				"up": {"uv": [2.25, 10.25, 2, 10], "rotation": 180, "texture": "#0"},
				"down": {"uv": [10.25, 2.5, 10, 2.25], "texture": "#0"}
			}
		},
		{
			"from": [2.5325, 5.48358, 6.6275],
			"to": [3.0725, 7.37358, 7.4975],
			"rotation": {"angle": 0, "axis": "y", "origin": [8, 9.98358, 8.11]},
			"faces": {
				"north": {"uv": [9.75, 5, 9.5, 4.5], "texture": "#0"},
				"east": {"uv": [9.5, 4.25, 10, 4.5], "rotation": 90, "texture": "#0"},
				"south": {"uv": [6.25, 9.5, 6, 10], "rotation": 180, "texture": "#0"},
				"west": {"uv": [4, 9.5, 4.5, 9.75], "rotation": 270, "texture": "#0"},
				"up": {"uv": [1, 10.25, 0.75, 10], "rotation": 180, "texture": "#0"},
				"down": {"uv": [10.25, 1.75, 10, 1.5], "texture": "#0"}
			}
		},
		{
			"from": [3.0725, 5.48358, 6.6275],
			"to": [3.8825, 9.80358, 7.4975],
			"rotation": {"angle": 0, "axis": "y", "origin": [8, 9.98358, 8.11]},
			"faces": {
				"north": {"uv": [9.25, 5, 9, 4], "texture": "#0"},
				"east": {"uv": [8.5, 5.75, 9.5, 6], "rotation": 90, "texture": "#0"},
				"south": {"uv": [4.75, 9, 4.5, 10], "rotation": 180, "texture": "#0"},
				"west": {"uv": [8, 2, 9, 2.25], "rotation": 270, "texture": "#0"},
				"up": {"uv": [2, 10.25, 1.75, 10], "rotation": 180, "texture": "#0"},
				"down": {"uv": [10.25, 2, 10, 1.75], "texture": "#0"}
			}
		},
		{
			"from": [3.8825, 5.48358, 6.6275],
			"to": [4.4225, 6.56358, 7.4975],
			"rotation": {"angle": 0, "axis": "y", "origin": [8, 9.98358, 8.11]},
			"faces": {
				"north": {"uv": [10.25, 4.75, 10, 4.5], "texture": "#0"},
				"east": {"uv": [4.5, 10, 4.75, 10.25], "rotation": 90, "texture": "#0"},
				"south": {"uv": [10.25, 4.75, 10, 5], "rotation": 180, "texture": "#0"},
				"west": {"uv": [4.25, 10, 4.5, 10.25], "rotation": 270, "texture": "#0"},
				"up": {"uv": [10.25, 4.25, 10, 4], "rotation": 180, "texture": "#0"},
				"down": {"uv": [10.25, 4.5, 10, 4.25], "texture": "#0"}
			}
		},
		{
			"from": [6.3125, 5.48358, 6.6275],
			"to": [7.6625, 9.80358, 7.4975],
			"rotation": {"angle": 0, "axis": "y", "origin": [8, 9.98358, 8.11]},
			"faces": {
				"north": {"uv": [9.25, 8, 9, 7], "texture": "#0"},
				"east": {"uv": [9, 5.5, 10, 5.75], "rotation": 90, "texture": "#0"},
				"south": {"uv": [9.25, 8, 9, 9], "rotation": 180, "texture": "#0"},
				"west": {"uv": [9, 5.25, 10, 5.5], "rotation": 270, "texture": "#0"},
				"up": {"uv": [10.25, 5.25, 10, 5], "rotation": 180, "texture": "#0"},
				"down": {"uv": [10.25, 5.5, 10, 5.25], "texture": "#0"}
			}
		},
		{
			"from": [7.6625, 5.48358, 6.6275],
			"to": [8.4725, 6.56358, 7.4975],
			"rotation": {"angle": 0, "axis": "y", "origin": [8, 9.98358, 8.11]},
			"faces": {
				"north": {"uv": [10.5, 1.75, 10.25, 1.5], "texture": "#0"},
				"east": {"uv": [1.5, 10.25, 1.75, 10.5], "rotation": 90, "texture": "#0"},
				"south": {"uv": [2, 10.25, 1.75, 10.5], "rotation": 180, "texture": "#0"},
				"west": {"uv": [1.25, 10.25, 1.5, 10.5], "rotation": 270, "texture": "#0"},
				"up": {"uv": [10.5, 1.25, 10.25, 1], "rotation": 180, "texture": "#0"},
				"down": {"uv": [10.5, 1.5, 10.25, 1.25], "texture": "#0"}
			}
		},
		{
			"from": [8.4725, 5.48358, 6.6275],
			"to": [9.8225, 9.80358, 7.4975],
			"rotation": {"angle": 0, "axis": "y", "origin": [8, 9.98358, 8.11]},
			"faces": {
				"north": {"uv": [1.25, 10.25, 1, 9.25], "texture": "#0"},
				"east": {"uv": [0, 9.25, 1, 9.5], "rotation": 90, "texture": "#0"},
				"south": {"uv": [1.5, 9.25, 1.25, 10.25], "rotation": 180, "texture": "#0"},
				"west": {"uv": [8.5, 9, 9.5, 9.25], "rotation": 270, "texture": "#0"},
				"up": {"uv": [10.25, 5.75, 10, 5.5], "rotation": 180, "texture": "#0"},
				"down": {"uv": [6, 10.25, 5.75, 10], "texture": "#0"}
			}
		},
		{
			"from": [10.3625, 5.48358, 6.6275],
			"to": [11.7125, 9.80358, 7.4975],
			"rotation": {"angle": 0, "axis": "y", "origin": [8, 9.98358, 8.11]},
			"faces": {
				"north": {"uv": [9.5, 5, 9.25, 4], "texture": "#0"},
				"east": {"uv": [2.5, 9.25, 3.5, 9.5], "rotation": 90, "texture": "#0"},
				"south": {"uv": [5, 9.25, 4.75, 10.25], "rotation": 180, "texture": "#0"},
				"west": {"uv": [1.5, 9.25, 2.5, 9.5], "rotation": 270, "texture": "#0"},
				"up": {"uv": [10.25, 6, 10, 5.75], "rotation": 180, "texture": "#0"},
				"down": {"uv": [6.25, 10.25, 6, 10], "texture": "#0"}
			}
		},
		{
			"from": [11.7125, 7.10358, 6.6275],
			"to": [12.5225, 8.18358, 7.4975],
			"rotation": {"angle": 0, "axis": "y", "origin": [8, 9.98358, 8.11]},
			"faces": {
				"north": {"uv": [7.25, 10.25, 7, 10], "texture": "#0"},
				"east": {"uv": [10, 6.75, 10.25, 7], "rotation": 90, "texture": "#0"},
				"south": {"uv": [10.25, 7, 10, 7.25], "rotation": 180, "texture": "#0"},
				"west": {"uv": [6.5, 10, 6.75, 10.25], "rotation": 270, "texture": "#0"},
				"up": {"uv": [6.5, 10.25, 6.25, 10], "rotation": 180, "texture": "#0"},
				"down": {"uv": [7, 10.25, 6.75, 10], "texture": "#0"}
			}
		},
		{
			"from": [12.5225, 5.48358, 6.6275],
			"to": [13.8725, 9.80358, 7.4975],
			"rotation": {"angle": 0, "axis": "y", "origin": [8, 9.98358, 8.11]},
			"faces": {
				"north": {"uv": [5.25, 10.25, 5, 9.25], "texture": "#0"},
				"east": {"uv": [9.25, 6, 10.25, 6.25], "rotation": 90, "texture": "#0"},
				"south": {"uv": [5.5, 9.25, 5.25, 10.25], "rotation": 180, "texture": "#0"},
				"west": {"uv": [6, 9.25, 7, 9.5], "rotation": 270, "texture": "#0"},
				"up": {"uv": [7.5, 10.25, 7.25, 10], "rotation": 180, "texture": "#0"},
				"down": {"uv": [10.25, 7.5, 10, 7.25], "texture": "#0"}
			}
		},
		{
			"from": [8.2925, 10.88358, 6.6275],
			"to": [9.6425, 15.20358, 7.4975],
			"rotation": {"angle": 0, "axis": "y", "origin": [8, 9.98358, 8.11]},
			"faces": {
				"north": {"uv": [8.25, 10.25, 8, 9.25], "texture": "#0"},
				"east": {"uv": [9.25, 7.75, 10.25, 8], "rotation": 90, "texture": "#0"},
				"south": {"uv": [9.5, 8, 9.25, 9], "rotation": 180, "texture": "#0"},
				"west": {"uv": [7, 9.25, 8, 9.5], "rotation": 270, "texture": "#0"},
				"up": {"uv": [10.5, 0.25, 10.25, 0], "rotation": 180, "texture": "#0"},
				"down": {"uv": [0.5, 10.5, 0.25, 10.25], "texture": "#0"}
			}
		},
		{
			"from": [9.6425, 12.77358, 6.6275],
			"to": [10.1825, 14.66358, 7.4975],
			"rotation": {"angle": 0, "axis": "y", "origin": [8, 9.98358, 8.11]},
			"faces": {
				"north": {"uv": [7.75, 10, 7.5, 9.5], "texture": "#0"},
				"east": {"uv": [9.5, 7.25, 10, 7.5], "rotation": 90, "texture": "#0"},
				"south": {"uv": [8, 9.5, 7.75, 10], "rotation": 180, "texture": "#0"},
				"west": {"uv": [7, 9.5, 7.5, 9.75], "rotation": 270, "texture": "#0"},
				"up": {"uv": [10.25, 10, 10, 9.75], "rotation": 180, "texture": "#0"},
				"down": {"uv": [10.25, 10.25, 10, 10], "texture": "#0"}
			}
		},
		{
			"from": [10.1825, 12.77358, 6.6275],
			"to": [10.7225, 14.12358, 7.4975],
			"rotation": {"angle": 0, "axis": "y", "origin": [8, 9.98358, 8.11]},
			"faces": {
				"north": {"uv": [9, 10.25, 8.75, 10], "texture": "#0"},
				"east": {"uv": [10, 8.5, 10.25, 8.75], "rotation": 90, "texture": "#0"},
				"south": {"uv": [10.25, 8.75, 10, 9], "rotation": 180, "texture": "#0"},
				"west": {"uv": [10, 8.25, 10.25, 8.5], "rotation": 270, "texture": "#0"},
				"up": {"uv": [8.5, 10.25, 8.25, 10], "rotation": 180, "texture": "#0"},
				"down": {"uv": [8.75, 10.25, 8.5, 10], "texture": "#0"}
			}
		},
		{
			"from": [9.9125, 12.23358, 6.6275],
			"to": [10.9925, 12.77358, 7.4975],
			"rotation": {"angle": 0, "axis": "y", "origin": [8, 9.98358, 8.11]},
			"faces": {
				"north": {"uv": [10.25, 9.75, 10, 9.5], "texture": "#0"},
				"east": {"uv": [9.5, 10, 9.75, 10.25], "rotation": 90, "texture": "#0"},
				"south": {"uv": [10, 10, 9.75, 10.25], "rotation": 180, "texture": "#0"},
				"west": {"uv": [10, 9, 10.25, 9.25], "rotation": 270, "texture": "#0"},
				"up": {"uv": [9.25, 10.25, 9, 10], "rotation": 180, "texture": "#0"},
				"down": {"uv": [9.5, 10.25, 9.25, 10], "texture": "#0"}
			}
		},
		{
			"from": [10.7225, 12.77358, 6.6275],
			"to": [11.2625, 14.66358, 7.4975],
			"rotation": {"angle": 0, "axis": "y", "origin": [8, 9.98358, 8.11]},
			"faces": {
				"north": {"uv": [7, 10, 6.75, 9.5], "texture": "#0"},
				"east": {"uv": [6.25, 9.5, 6.75, 9.75], "rotation": 90, "texture": "#0"},
				"south": {"uv": [9.75, 6.75, 9.5, 7.25], "rotation": 180, "texture": "#0"},
				"west": {"uv": [9.5, 5.75, 10, 6], "rotation": 270, "texture": "#0"},
				"up": {"uv": [7.75, 10.25, 7.5, 10], "rotation": 180, "texture": "#0"},
				"down": {"uv": [10.25, 7.75, 10, 7.5], "texture": "#0"}
			}
		},
		{
			"from": [11.2625, 10.88358, 6.6275],
			"to": [12.6125, 15.20358, 7.4975],
			"rotation": {"angle": 0, "axis": "y", "origin": [8, 9.98358, 8.11]},
			"faces": {
				"north": {"uv": [5.75, 10.25, 5.5, 9.25], "texture": "#0"},
				"east": {"uv": [9.25, 6.5, 10.25, 6.75], "rotation": 90, "texture": "#0"},
				"south": {"uv": [9.5, 6.75, 9.25, 7.75], "rotation": 180, "texture": "#0"},
				"west": {"uv": [9.25, 6.25, 10.25, 6.5], "rotation": 270, "texture": "#0"},
				"up": {"uv": [8, 10.25, 7.75, 10], "rotation": 180, "texture": "#0"},
				"down": {"uv": [10.25, 8.25, 10, 8], "texture": "#0"}
			}
		},
		{
			"from": [3.9725, 10.88358, 6.6275],
			"to": [6.1325, 11.96358, 7.4975],
			"rotation": {"angle": 0, "axis": "y", "origin": [8, 9.98358, 8.11]},
			"faces": {
				"north": {"uv": [10, 9, 9.5, 8.75], "texture": "#0"},
				"east": {"uv": [1, 10.25, 1.25, 10.5], "rotation": 90, "texture": "#0"},
				"south": {"uv": [10, 9, 9.5, 9.25], "rotation": 180, "texture": "#0"},
				"west": {"uv": [10.25, 0.75, 10.5, 1], "rotation": 270, "texture": "#0"},
				"up": {"uv": [10, 8.75, 9.5, 8.5], "rotation": 180, "texture": "#0"},
				"down": {"uv": [9.25, 9.75, 8.75, 9.5], "texture": "#0"}
			}
		},
		{
			"from": [6.1325, 10.88358, 6.6275],
			"to": [7.4825, 15.20358, 7.4975],
			"rotation": {"angle": 0, "axis": "y", "origin": [8, 9.98358, 8.11]},
			"faces": {
				"north": {"uv": [0.25, 10.5, 0, 9.5], "texture": "#0"},
				"east": {"uv": [9.25, 9.25, 10.25, 9.5], "rotation": 90, "texture": "#0"},
				"south": {"uv": [9.75, 0, 9.5, 1], "rotation": 180, "texture": "#0"},
				"west": {"uv": [8.25, 9.25, 9.25, 9.5], "rotation": 270, "texture": "#0"},
				"up": {"uv": [10.5, 0.75, 10.25, 0.5], "rotation": 180, "texture": "#0"},
				"down": {"uv": [1, 10.5, 0.75, 10.25], "texture": "#0"}
			}
		},
		{
			"from": [3.9725, 14.12358, 6.6275],
			"to": [6.1325, 15.20358, 7.4975],
			"rotation": {"angle": 0, "axis": "y", "origin": [8, 9.98358, 8.11]},
			"faces": {
				"north": {"uv": [8.75, 9.75, 8.25, 9.5], "texture": "#0"},
				"east": {"uv": [0.5, 10.25, 0.75, 10.5], "rotation": 90, "texture": "#0"},
				"south": {"uv": [10, 8.25, 9.5, 8.5], "rotation": 180, "texture": "#0"},
				"west": {"uv": [10.25, 0.25, 10.5, 0.5], "rotation": 270, "texture": "#0"},
				"up": {"uv": [10, 7.75, 9.5, 7.5], "rotation": 180, "texture": "#0"},
				"down": {"uv": [10, 8.25, 9.5, 8], "texture": "#0"}
			}
		}
	],
	"gui_light": "front",
	"display": {
		"thirdperson_righthand": {
			"rotation": [71.25, -90, 1],
			"translation": [0, 0.5, -1.5],
			"scale": [0.2, 0.2, 0.2]
		},
		"thirdperson_lefthand": {
			"rotation": [71.25, -90, 0],
			"translation": [0, 0.5, -1.5],
			"scale": [0.2, 0.2, 0.2]
		},
		"firstperson_righthand": {
			"rotation": [-20.47, -83.24, -0.71],
			"translation": [0, 3, 2.5],
			"scale": [0.2, 0.2, 0.2]
		},
		"firstperson_lefthand": {
			"rotation": [-19.75, -83, 0],
			"translation": [0.75, 3, 2],
			"scale": [0.2, 0.2, 0.2]
		},
		"ground": {
			"translation": [0, 4.25, 0],
			"scale": [0.4, 0.4, 0.4]
		},
		"gui": {
			"translation": [0, -1, 0],
			"scale": [0.6, 0.6, 0.6]
		},
		"fixed": {
			"rotation": [180, 0, 180],
			"scale": [0.4, 0.4, 0.4]
		}
	},
	"groups": [
		{
			"name": "Ring",
			"origin": [11.65642, 0.4, 16.82737],
			"color": 0,
			"nbt": "{}",
			"armAnimationEnabled": false,
			"children": [0, 1, 2, 3, 4, 5, 6, 7, 8, 9, 10, 11, 12, 13, 14, 15, 16, 17, 18, 19, 20, 21, 22, 23]
		},
		{
			"name": "Face",
			"origin": [13, 0, -1],
			"color": 0,
			"nbt": "{}",
			"armAnimationEnabled": false,
			"children": [
				24,
				25,
				26,
				27,
				28,
				{
					"name": "Text",
					"origin": [1.825, 0, 0.2],
					"color": 0,
					"nbt": "{}",
					"armAnimationEnabled": false,
					"children": [
						{
							"name": "B",
							"origin": [8, 9.98358, 7.89],
							"color": 0,
							"nbt": "{}",
							"armAnimationEnabled": false,
							"children": [29, 30, 31, 32, 33, 34, 35]
						},
						{
							"name": "U",
							"origin": [8, 9.98358, 7.89],
							"color": 0,
							"nbt": "{}",
							"armAnimationEnabled": false,
							"children": [36, 37, 38]
						},
						{
							"name": "H",
							"origin": [8, 9.98358, 7.89],
							"color": 0,
							"nbt": "{}",
							"armAnimationEnabled": false,
							"children": [39, 40, 41]
						},
						{
							"name": "M",
							"origin": [8, 9.98358, 7.89],
							"color": 0,
							"nbt": "{}",
							"armAnimationEnabled": false,
							"children": [42, 43, 44, 45, 46, 47]
						},
						{
							"name": "C",
							"origin": [8, 9.98358, 7.89],
							"color": 0,
							"nbt": "{}",
							"armAnimationEnabled": false,
							"children": [48, 49, 50]
						}
					]
				},
				{
					"name": "Text",
					"origin": [1.825, 0, 0.2],
					"color": 0,
					"nbt": "{}",
					"armAnimationEnabled": false,
					"children": [
						{
							"name": "B",
							"origin": [8, 9.98358, 7.89],
							"color": 0,
							"nbt": "{}",
							"armAnimationEnabled": false,
							"children": [51, 52, 53, 54, 55, 56, 57]
						},
						{
							"name": "U",
							"origin": [8, 9.98358, 7.89],
							"color": 0,
							"nbt": "{}",
							"armAnimationEnabled": false,
							"children": [58, 59, 60]
						},
						{
							"name": "H",
							"origin": [8, 9.98358, 7.89],
							"color": 0,
							"nbt": "{}",
							"armAnimationEnabled": false,
							"children": [61, 62, 63]
						},
						{
							"name": "M",
							"origin": [8, 9.98358, 7.89],
							"color": 0,
							"nbt": "{}",
							"armAnimationEnabled": false,
							"children": [64, 65, 66, 67, 68, 69]
						},
						{
							"name": "C",
							"origin": [8, 9.98358, 7.89],
							"color": 0,
							"nbt": "{}",
							"armAnimationEnabled": false,
							"children": [70, 71, 72]
						}
					]
				}
			]
		}
	]
}