{
	"credit": "Made with Blockbench",
	"texture_size": [32, 32],
	"textures": {
		"0": "item/omnitool/zeussplitter",
		"particle": "item/omnitool/zeussplitter"
	},
	"elements": [
		{
			"from": [7.5, 6.51673, 8.90815],
			"to": [8.5, 7.51673, 9.90815],
			"rotation": {"angle": -45, "axis": "x", "origin": [8, 5.60858, 8]},
			"faces": {
				"north": {"uv": [3.5, 0.5, 4, 1], "texture": "#0"},
				"east": {"uv": [3.5, 3.5, 4, 4], "texture": "#0"},
				"south": {"uv": [0, 4, 0.5, 4.5], "texture": "#0"},
				"west": {"uv": [0.5, 4, 1, 4.5], "texture": "#0"},
				"up": {"uv": [4.5, 1, 4, 0.5], "texture": "#0"},
				"down": {"uv": [1.5, 4, 1, 4.5], "texture": "#0"}
			}
		},
		{
			"from": [7.5, 7.1, 7.5],
			"to": [8.5, 8.1, 8.5],
			"rotation": {"angle": 45, "axis": "z", "origin": [8, 7.6, 8]},
			"faces": {
				"north": {"uv": [0, 4, 0.5, 4.5], "rotation": 270, "texture": "#0"},
				"east": {"uv": [4.5, 1, 4, 0.5], "rotation": 270, "texture": "#0"},
				"south": {"uv": [3.5, 0.5, 4, 1], "rotation": 90, "texture": "#0"},
				"west": {"uv": [1.5, 4, 1, 4.5], "rotation": 270, "texture": "#0"},
				"up": {"uv": [3.5, 3.5, 4, 4], "rotation": 90, "texture": "#0"},
				"down": {"uv": [0.5, 4, 1, 4.5], "rotation": 90, "texture": "#0"}
			}
		},
		{
			"from": [7.75, 9.02696, 11.41838],
			"to": [8.25, 9.52696, 11.91838],
			"rotation": {"angle": -45, "axis": "x", "origin": [8, 5.60858, 8]},
			"faces": {
				"north": {"uv": [0.5, 4.5, 0.75, 4.75], "texture": "#0"},
				"east": {"uv": [4.5, 0.5, 4.75, 0.75], "texture": "#0"},
				"south": {"uv": [1, 4.5, 1.25, 4.75], "texture": "#0"},
				"west": {"uv": [4.5, 1, 4.75, 1.25], "texture": "#0"},
				"up": {"uv": [1.75, 4.75, 1.5, 4.5], "texture": "#0"},
				"down": {"uv": [4.75, 1.5, 4.5, 1.75], "texture": "#0"}
			}
		},
		{
			"from": [7.7, 5.7435, 8.13492],
			"to": [8.3, 6.1435, 10.63492],
			"rotation": {"angle": -45, "axis": "x", "origin": [8, 5.60858, 8]},
			"faces": {
				"north": {"uv": [2, 4, 2.25, 4.25], "texture": "#0"},
				"east": {"uv": [2, 0, 3.25, 0.25], "texture": "#0"},
				"south": {"uv": [4, 2, 4.25, 2.25], "texture": "#0"},
				"west": {"uv": [2, 0.5, 3.25, 0.75], "texture": "#0"},
				"up": {"uv": [2.25, 2.25, 2, 1], "texture": "#0"},
				"down": {"uv": [0.25, 2.5, 0, 3.75], "texture": "#0"}
			}
		},
		{
			"from": [7.7, 7.8435, 5.36508],
			"to": [8.3, 8.2435, 7.86508],
			"rotation": {"angle": 45, "axis": "x", "origin": [8, 5.60858, 8]},
			"faces": {
				"north": {"uv": [4, 2.5, 4.25, 2.75], "texture": "#0"},
				"east": {"uv": [0.5, 2.5, 1.75, 2.75], "texture": "#0"},
				"south": {"uv": [4, 3, 4.25, 3.25], "texture": "#0"},
				"west": {"uv": [2.5, 1, 3.75, 1.25], "texture": "#0"},
				"up": {"uv": [2.75, 2.75, 2.5, 1.5], "texture": "#0"},
				"down": {"uv": [2.25, 2.5, 2, 3.75], "texture": "#0"}
			}
		},
		{
			"from": [7.9, 8.24203, 7.03076],
			"to": [8.1, 8.74203, 7.33076],
			"rotation": {"angle": 45, "axis": "x", "origin": [8, 5.60858, 8]},
			"faces": {
				"north": {"uv": [1, 7, 1.125, 7.25], "texture": "#0"},
				"east": {"uv": [7, 1, 7.125, 1.25], "texture": "#0"},
				"south": {"uv": [1.5, 7, 1.625, 7.25], "texture": "#0"},
				"west": {"uv": [7, 1.5, 7.125, 1.75], "texture": "#0"},
				"up": {"uv": [7.625, 8.125, 7.5, 8], "texture": "#0"},
				"down": {"uv": [8.125, 7.5, 8, 7.625], "texture": "#0"}
			}
		},
		{
			"from": [7.9, 8.29749, 9.44246],
			"to": [8.1, 8.89749, 9.74246],
			"rotation": {"angle": 0, "axis": "x", "origin": [8, 5.60858, 8]},
			"faces": {
				"north": {"uv": [2, 7, 2.125, 7.25], "texture": "#0"},
				"east": {"uv": [7, 2, 7.125, 2.25], "texture": "#0"},
				"south": {"uv": [2.5, 7, 2.625, 7.25], "texture": "#0"},
				"west": {"uv": [7, 2.5, 7.125, 2.75], "texture": "#0"},
				"up": {"uv": [8.125, 8.125, 8, 8], "texture": "#0"},
				"down": {"uv": [0.125, 8.5, 0, 8.625], "texture": "#0"}
			}
		},
		{
			"from": [7.875, 6.69983, 11.34584],
			"to": [8.125, 6.92443, 11.57044],
			"rotation": {"angle": -45, "axis": "x", "origin": [8, 5.60858, 8]},
			"faces": {
				"north": {"uv": [8.5, 0, 8.625, 0.125], "texture": "#0"},
				"east": {"uv": [0.5, 8.5, 0.625, 8.625], "texture": "#0"},
				"south": {"uv": [8.5, 0.5, 8.625, 0.625], "texture": "#0"},
				"west": {"uv": [1, 8.5, 1.125, 8.625], "texture": "#0"},
				"up": {"uv": [8.625, 1.125, 8.5, 1], "texture": "#0"},
				"down": {"uv": [1.625, 8.5, 1.5, 8.625], "texture": "#0"}
			}
		},
		{
			"from": [7.9, 8.64203, 7.38076],
			"to": [8.1, 9.14203, 7.68076],
			"rotation": {"angle": 45, "axis": "x", "origin": [8, 6.00858, 8.35]},
			"faces": {
				"north": {"uv": [1, 7, 1.125, 7.25], "texture": "#0"},
				"east": {"uv": [7, 1, 7.125, 1.25], "texture": "#0"},
				"south": {"uv": [1.5, 7, 1.625, 7.25], "texture": "#0"},
				"west": {"uv": [7, 1.5, 7.125, 1.75], "texture": "#0"},
				"up": {"uv": [7.625, 8.125, 7.5, 8], "texture": "#0"},
				"down": {"uv": [8.125, 7.5, 8, 7.625], "texture": "#0"}
			}
		},
		{
			"from": [7.9, 8.69749, 9.79246],
			"to": [8.1, 9.29749, 10.09246],
			"rotation": {"angle": 0, "axis": "x", "origin": [8, 6.00858, 8.35]},
			"faces": {
				"north": {"uv": [2, 7, 2.125, 7.25], "texture": "#0"},
				"east": {"uv": [7, 2, 7.125, 2.25], "texture": "#0"},
				"south": {"uv": [2.5, 7, 2.625, 7.25], "texture": "#0"},
				"west": {"uv": [7, 2.5, 7.125, 2.75], "texture": "#0"},
				"up": {"uv": [8.125, 8.125, 8, 8], "texture": "#0"},
				"down": {"uv": [0.125, 8.5, 0, 8.625], "texture": "#0"}
			}
		},
		{
			"from": [7.875, 7.09983, 11.69584],
			"to": [8.125, 7.82443, 11.92044],
			"rotation": {"angle": -45, "axis": "x", "origin": [8, 6.00858, 8.35]},
			"faces": {
				"north": {"uv": [8.5, 0, 8.625, 0.125], "texture": "#0"},
				"east": {"uv": [0.5, 8.5, 0.625, 8.625], "texture": "#0"},
				"south": {"uv": [8.5, 0.5, 8.625, 0.625], "texture": "#0"},
				"west": {"uv": [1, 8.5, 1.125, 8.625], "texture": "#0"},
				"up": {"uv": [8.625, 1.125, 8.5, 1], "texture": "#0"},
				"down": {"uv": [1.625, 8.5, 1.5, 8.625], "texture": "#0"}
			}
		},
		{
			"from": [7.9, 9.05453, 7.73076],
			"to": [8.1, 9.55453, 8.03076],
			"rotation": {"angle": 45, "axis": "x", "origin": [8, 6.42108, 8.7]},
			"faces": {
				"north": {"uv": [1, 7, 1.125, 7.25], "texture": "#0"},
				"east": {"uv": [7, 1, 7.125, 1.25], "texture": "#0"},
				"south": {"uv": [1.5, 7, 1.625, 7.25], "texture": "#0"},
				"west": {"uv": [7, 1.5, 7.125, 1.75], "texture": "#0"},
				"up": {"uv": [7.625, 8.125, 7.5, 8], "texture": "#0"},
				"down": {"uv": [8.125, 7.5, 8, 7.625], "texture": "#0"}
			}
		},
		{
			"from": [7.9, 9.10999, 10.14246],
			"to": [8.1, 9.70999, 10.44246],
			"rotation": {"angle": 0, "axis": "x", "origin": [8, 6.42108, 8.7]},
			"faces": {
				"north": {"uv": [2, 7, 2.125, 7.25], "texture": "#0"},
				"east": {"uv": [7, 2, 7.125, 2.25], "texture": "#0"},
				"south": {"uv": [2.5, 7, 2.625, 7.25], "texture": "#0"},
				"west": {"uv": [7, 2.5, 7.125, 2.75], "texture": "#0"},
				"up": {"uv": [8.125, 8.125, 8, 8], "texture": "#0"},
				"down": {"uv": [0.125, 8.5, 0, 8.625], "texture": "#0"}
			}
		},
		{
			"from": [7.875, 9.60509, 10.18194],
			"to": [8.125, 10.82969, 10.40654],
			"rotation": {"angle": -45, "axis": "x", "origin": [8, 9.71739, 10.29424]},
			"faces": {
				"north": {"uv": [8.5, 0, 8.625, 0.125], "texture": "#0"},
				"east": {"uv": [0.5, 8.5, 0.625, 8.625], "texture": "#0"},
				"south": {"uv": [8.5, 0.5, 8.625, 0.625], "texture": "#0"},
				"west": {"uv": [1, 8.5, 1.125, 8.625], "texture": "#0"},
				"up": {"uv": [8.625, 1.125, 8.5, 1], "texture": "#0"},
				"down": {"uv": [1.625, 8.5, 1.5, 8.625], "texture": "#0"}
			}
		},
		{
			"from": [7.9, 4.29792, 7.38076],
			"to": [8.1, 4.59792, 7.88076],
			"rotation": {"angle": -45, "axis": "x", "origin": [8, 5.60858, 8]},
			"faces": {
				"north": {"uv": [10.5, 7, 10.625, 7.125], "texture": "#0"},
				"east": {"uv": [6, 7, 6.25, 7.125], "texture": "#0"},
				"south": {"uv": [7.5, 10.5, 7.625, 10.625], "texture": "#0"},
				"west": {"uv": [7, 6, 7.25, 6.125], "texture": "#0"},
				"up": {"uv": [6.625, 7.25, 6.5, 7], "texture": "#0"},
				"down": {"uv": [7.125, 6.5, 7, 6.75], "texture": "#0"}
			}
		},
		{
			"from": [7.9, 4.24393, 7.98891],
			"to": [8.1, 4.54393, 8.48891],
			"rotation": {"angle": 0, "axis": "x", "origin": [8, 5.60858, 8]},
			"faces": {
				"north": {"uv": [10.5, 7.5, 10.625, 7.625], "texture": "#0"},
				"east": {"uv": [7, 7, 7.25, 7.125], "texture": "#0"},
				"south": {"uv": [8, 10.5, 8.125, 10.625], "texture": "#0"},
				"west": {"uv": [0, 7.5, 0.25, 7.625], "texture": "#0"},
				"up": {"uv": [7.625, 0.25, 7.5, 0], "texture": "#0"},
				"down": {"uv": [0.625, 7.5, 0.5, 7.75], "texture": "#0"}
			}
		},
		{
			"from": [7.9, 4.59749, 8.54246],
			"to": [8.1, 5.19749, 8.84246],
			"rotation": {"angle": 0, "axis": "x", "origin": [8, 5.60858, 8]},
			"faces": {
				"north": {"uv": [5, 7, 5.125, 7.25], "texture": "#0"},
				"east": {"uv": [7, 5, 7.125, 5.25], "texture": "#0"},
				"south": {"uv": [5.5, 7, 5.625, 7.25], "texture": "#0"},
				"west": {"uv": [7, 5.5, 7.125, 5.75], "texture": "#0"},
				"up": {"uv": [10.625, 6.625, 10.5, 6.5], "texture": "#0"},
				"down": {"uv": [7.125, 10.5, 7, 10.625], "texture": "#0"}
			}
		},
		{
			"from": [7.9, 4.71993, 8.09315],
			"to": [8.1, 4.93203, 8.30525],
			"rotation": {"angle": -45, "axis": "x", "origin": [8, 5.60858, 8]},
			"faces": {
				"north": {"uv": [10.5, 5, 10.625, 5.125], "texture": "#0"},
				"east": {"uv": [5.5, 10.5, 5.625, 10.625], "texture": "#0"},
				"south": {"uv": [10.5, 5.5, 10.625, 5.625], "texture": "#0"},
				"west": {"uv": [6, 10.5, 6.125, 10.625], "texture": "#0"},
				"up": {"uv": [10.625, 6.125, 10.5, 6], "texture": "#0"},
				"down": {"uv": [6.625, 10.5, 6.5, 10.625], "texture": "#0"}
			}
		},
		{
			"from": [7.9, 4.29792, 8.11924],
			"to": [8.1, 4.59792, 8.61924],
			"rotation": {"angle": 45, "axis": "x", "origin": [8, 5.60858, 8]},
			"faces": {
				"north": {"uv": [0, 11, 0.125, 11.125], "texture": "#0"},
				"east": {"uv": [7.5, 2.5, 7.75, 2.625], "texture": "#0"},
				"south": {"uv": [11, 0, 11.125, 0.125], "texture": "#0"},
				"west": {"uv": [3, 7.5, 3.25, 7.625], "texture": "#0"},
				"up": {"uv": [7.625, 3.25, 7.5, 3], "texture": "#0"},
				"down": {"uv": [3.625, 7.5, 3.5, 7.75], "texture": "#0"}
			}
		},
		{
			"from": [7.9, 4.24393, 7.51109],
			"to": [8.1, 4.54393, 8.01109],
			"rotation": {"angle": 0, "axis": "x", "origin": [8, 5.60858, 8]},
			"faces": {
				"north": {"uv": [10.5, 10, 10.625, 10.125], "texture": "#0"},
				"east": {"uv": [7.5, 1.5, 7.75, 1.625], "texture": "#0"},
				"south": {"uv": [10.5, 10.5, 10.625, 10.625], "texture": "#0"},
				"west": {"uv": [2, 7.5, 2.25, 7.625], "texture": "#0"},
				"up": {"uv": [7.625, 2.25, 7.5, 2], "texture": "#0"},
				"down": {"uv": [2.625, 7.5, 2.5, 7.75], "texture": "#0"}
			}
		},
		{
			"from": [7.9, 4.59749, 7.15754],
			"to": [8.1, 5.19749, 7.45754],
			"rotation": {"angle": 0, "axis": "x", "origin": [8, 5.60858, 8]},
			"faces": {
				"north": {"uv": [7.5, 0.5, 7.625, 0.75], "texture": "#0"},
				"east": {"uv": [1, 7.5, 1.125, 7.75], "texture": "#0"},
				"south": {"uv": [7.5, 1, 7.625, 1.25], "texture": "#0"},
				"west": {"uv": [1.5, 7.5, 1.625, 7.75], "texture": "#0"},
				"up": {"uv": [10.625, 9.625, 10.5, 9.5], "texture": "#0"},
				"down": {"uv": [10.125, 10.5, 10, 10.625], "texture": "#0"}
			}
		},
		{
			"from": [7.9, 4.71993, 7.69475],
			"to": [8.1, 4.93203, 7.90685],
			"rotation": {"angle": 45, "axis": "x", "origin": [8, 5.60858, 8]},
			"faces": {
				"north": {"uv": [10.5, 8, 10.625, 8.125], "texture": "#0"},
				"east": {"uv": [8.5, 10.5, 8.625, 10.625], "texture": "#0"},
				"south": {"uv": [10.5, 8.5, 10.625, 8.625], "texture": "#0"},
				"west": {"uv": [9, 10.5, 9.125, 10.625], "texture": "#0"},
				"up": {"uv": [10.625, 9.125, 10.5, 9], "texture": "#0"},
				"down": {"uv": [9.625, 10.5, 9.5, 10.625], "texture": "#0"}
			}
		},
		{
			"from": [7.9, 8.29749, 6.25754],
			"to": [8.1, 8.89749, 6.55754],
			"rotation": {"angle": 0, "axis": "x", "origin": [8, 5.60858, 8]},
			"faces": {
				"north": {"uv": [4, 7, 4.125, 7.25], "texture": "#0"},
				"east": {"uv": [7, 4, 7.125, 4.25], "texture": "#0"},
				"south": {"uv": [4.5, 7, 4.625, 7.25], "texture": "#0"},
				"west": {"uv": [7, 4.5, 7.125, 4.75], "texture": "#0"},
				"up": {"uv": [8.625, 3.625, 8.5, 3.5], "texture": "#0"},
				"down": {"uv": [4.125, 8.5, 4, 8.625], "texture": "#0"}
			}
		},
		{
			"from": [7.9, 8.24203, 8.66924],
			"to": [8.1, 8.74203, 8.96924],
			"rotation": {"angle": -45, "axis": "x", "origin": [8, 5.60858, 8]},
			"faces": {
				"north": {"uv": [3, 7, 3.125, 7.25], "texture": "#0"},
				"east": {"uv": [7, 3, 7.125, 3.25], "texture": "#0"},
				"south": {"uv": [3.5, 7, 3.625, 7.25], "texture": "#0"},
				"west": {"uv": [7, 3.5, 7.125, 3.75], "texture": "#0"},
				"up": {"uv": [8.625, 3.125, 8.5, 3], "texture": "#0"},
				"down": {"uv": [3.625, 8.5, 3.5, 8.625], "texture": "#0"}
			}
		},
		{
			"from": [7.875, 6.69983, 4.42956],
			"to": [8.125, 6.92443, 4.65416],
			"rotation": {"angle": 45, "axis": "x", "origin": [8, 5.60858, 8]},
			"faces": {
				"north": {"uv": [8.5, 1.5, 8.625, 1.625], "texture": "#0"},
				"east": {"uv": [2, 8.5, 2.125, 8.625], "texture": "#0"},
				"south": {"uv": [8.5, 2, 8.625, 2.125], "texture": "#0"},
				"west": {"uv": [2.5, 8.5, 2.625, 8.625], "texture": "#0"},
				"up": {"uv": [8.625, 2.625, 8.5, 2.5], "texture": "#0"},
				"down": {"uv": [3.125, 8.5, 3, 8.625], "texture": "#0"}
			}
		},
		{
			"from": [7.9, 8.42849, 5.78092],
			"to": [8.1, 8.92849, 6.08092],
			"rotation": {"angle": -45, "axis": "x", "origin": [8, 8.96584, 6.12307]},
			"faces": {
				"north": {"uv": [3, 7, 3.125, 7.25], "texture": "#0"},
				"east": {"uv": [7, 3, 7.125, 3.25], "texture": "#0"},
				"south": {"uv": [3.5, 7, 3.625, 7.25], "texture": "#0"},
				"west": {"uv": [7, 3.5, 7.125, 3.75], "texture": "#0"},
				"up": {"uv": [8.625, 3.125, 8.5, 3], "texture": "#0"},
				"down": {"uv": [3.625, 8.5, 3.5, 8.625], "texture": "#0"}
			}
		},
		{
			"from": [7.9, 8.69749, 5.90754],
			"to": [8.1, 9.29749, 6.20754],
			"rotation": {"angle": 0, "axis": "x", "origin": [8, 8.96584, 6.12307]},
			"faces": {
				"north": {"uv": [4, 7, 4.125, 7.25], "texture": "#0"},
				"east": {"uv": [7, 4, 7.125, 4.25], "texture": "#0"},
				"south": {"uv": [4.5, 7, 4.625, 7.25], "texture": "#0"},
				"west": {"uv": [7, 4.5, 7.125, 4.75], "texture": "#0"},
				"up": {"uv": [8.625, 3.625, 8.5, 3.5], "texture": "#0"},
				"down": {"uv": [4.125, 8.5, 4, 8.625], "texture": "#0"}
			}
		},
		{
			"from": [7.875, 9.04569, 5.72342],
			"to": [8.125, 9.77029, 5.94802],
			"rotation": {"angle": 45, "axis": "x", "origin": [8, 8.96584, 6.12307]},
			"faces": {
				"north": {"uv": [8.5, 1.5, 8.625, 1.625], "texture": "#0"},
				"east": {"uv": [2, 8.5, 2.125, 8.625], "texture": "#0"},
				"south": {"uv": [8.5, 2, 8.625, 2.125], "texture": "#0"},
				"west": {"uv": [2.5, 8.5, 2.625, 8.625], "texture": "#0"},
				"up": {"uv": [8.625, 2.625, 8.5, 2.5], "texture": "#0"},
				"down": {"uv": [3.125, 8.5, 3, 8.625], "texture": "#0"}
			}
		},
		{
			"from": [7.9, 8.82849, 5.43092],
			"to": [8.1, 9.32849, 5.73092],
			"rotation": {"angle": -45, "axis": "x", "origin": [8, 9.36584, 5.77307]},
			"faces": {
				"north": {"uv": [3, 7, 3.125, 7.25], "texture": "#0"},
				"east": {"uv": [7, 3, 7.125, 3.25], "texture": "#0"},
				"south": {"uv": [3.5, 7, 3.625, 7.25], "texture": "#0"},
				"west": {"uv": [7, 3.5, 7.125, 3.75], "texture": "#0"},
				"up": {"uv": [8.625, 3.125, 8.5, 3], "texture": "#0"},
				"down": {"uv": [3.625, 8.5, 3.5, 8.625], "texture": "#0"}
			}
		},
		{
			"from": [7.9, 9.09749, 5.55754],
			"to": [8.1, 9.69749, 5.85754],
			"rotation": {"angle": 0, "axis": "x", "origin": [8, 9.36584, 5.77307]},
			"faces": {
				"north": {"uv": [4, 7, 4.125, 7.25], "texture": "#0"},
				"east": {"uv": [7, 4, 7.125, 4.25], "texture": "#0"},
				"south": {"uv": [4.5, 7, 4.625, 7.25], "texture": "#0"},
				"west": {"uv": [7, 4.5, 7.125, 4.75], "texture": "#0"},
				"up": {"uv": [8.625, 3.625, 8.5, 3.5], "texture": "#0"},
				"down": {"uv": [4.125, 8.5, 4, 8.625], "texture": "#0"}
			}
		},
		{
			"from": [7.875, 9.44569, 5.37342],
			"to": [8.125, 10.67029, 5.59802],
			"rotation": {"angle": 45, "axis": "x", "origin": [8, 9.36584, 5.77307]},
			"faces": {
				"north": {"uv": [8.5, 1.5, 8.625, 1.625], "texture": "#0"},
				"east": {"uv": [2, 8.5, 2.125, 8.625], "texture": "#0"},
				"south": {"uv": [8.5, 2, 8.625, 2.125], "texture": "#0"},
				"west": {"uv": [2.5, 8.5, 2.625, 8.625], "texture": "#0"},
				"up": {"uv": [8.625, 2.625, 8.5, 2.5], "texture": "#0"},
				"down": {"uv": [3.125, 8.5, 3, 8.625], "texture": "#0"}
			}
		},
		{
			"from": [7.9, 7.45772, 10.63492],
			"to": [8.1, 7.75772, 11.03492],
			"rotation": {"angle": -45, "axis": "x", "origin": [8, 5.60858, 8]},
			"faces": {
				"north": {"uv": [7.5, 3.5, 7.625, 3.625], "texture": "#0"},
				"east": {"uv": [5.5, 0.5, 5.75, 0.625], "texture": "#0"},
				"south": {"uv": [4, 7.5, 4.125, 7.625], "texture": "#0"},
				"west": {"uv": [1, 5.5, 1.25, 5.625], "texture": "#0"},
				"up": {"uv": [5.625, 1.25, 5.5, 1], "texture": "#0"},
				"down": {"uv": [1.625, 5.5, 1.5, 5.75], "texture": "#0"}
			}
		},
		{
			"from": [7.9, 9.14897, 4.54539],
			"to": [8.1, 9.44897, 5.34539],
			"rotation": {"angle": 45, "axis": "x", "origin": [8, 5.60858, 8]},
			"faces": {
				"north": {"uv": [7.5, 5.5, 7.625, 5.625], "texture": "#0"},
				"east": {"uv": [2, 5, 2.375, 5.125], "texture": "#0"},
				"south": {"uv": [6, 7.5, 6.125, 7.625], "texture": "#0"},
				"west": {"uv": [5, 2, 5.375, 2.125], "texture": "#0"},
				"up": {"uv": [2.625, 5.375, 2.5, 5], "texture": "#0"},
				"down": {"uv": [5.125, 2.5, 5, 2.875], "texture": "#0"}
			}
		},
		{
			"from": [7.9, 9.12012, 7.15303],
			"to": [8.1, 9.52012, 7.45303],
			"rotation": {"angle": 22.5, "axis": "x", "origin": [8, 5.60858, 8]},
			"faces": {
				"north": {"uv": [5.5, 1.5, 5.625, 1.75], "texture": "#0"},
				"east": {"uv": [2, 5.5, 2.125, 5.75], "texture": "#0"},
				"south": {"uv": [5.5, 2, 5.625, 2.25], "texture": "#0"},
				"west": {"uv": [2.5, 5.5, 2.625, 5.75], "texture": "#0"},
				"up": {"uv": [7.625, 4.125, 7.5, 4], "texture": "#0"},
				"down": {"uv": [4.625, 7.5, 4.5, 7.625], "texture": "#0"}
			}
		},
		{
			"from": [7.9, 9.13077, 10.23219],
			"to": [8.1, 9.53077, 10.53219],
			"rotation": {"angle": -22.5, "axis": "x", "origin": [8, 5.60858, 8]},
			"faces": {
				"north": {"uv": [5.5, 3.5, 5.625, 3.75], "texture": "#0"},
				"east": {"uv": [4, 5.5, 4.125, 5.75], "texture": "#0"},
				"south": {"uv": [5.5, 4, 5.625, 4.25], "texture": "#0"},
				"west": {"uv": [4.5, 5.5, 4.625, 5.75], "texture": "#0"},
				"up": {"uv": [7.625, 5.125, 7.5, 5], "texture": "#0"},
				"down": {"uv": [5.625, 7.5, 5.5, 7.625], "texture": "#0"}
			}
		},
		{
			"from": [7.9, 9.43168, 8.69155],
			"to": [8.1, 9.83168, 8.99155],
			"rotation": {"angle": 0, "axis": "x", "origin": [8, 5.60858, 8]},
			"faces": {
				"north": {"uv": [5.5, 2.5, 5.625, 2.75], "texture": "#0"},
				"east": {"uv": [3, 5.5, 3.125, 5.75], "texture": "#0"},
				"south": {"uv": [5.5, 3, 5.625, 3.25], "texture": "#0"},
				"west": {"uv": [3.5, 5.5, 3.625, 5.75], "texture": "#0"},
				"up": {"uv": [7.625, 4.625, 7.5, 4.5], "texture": "#0"},
				"down": {"uv": [5.125, 7.5, 5, 7.625], "texture": "#0"}
			}
		},
		{
			"from": [7.9, 9.14897, 10.65461],
			"to": [8.1, 9.44897, 11.45461],
			"rotation": {"angle": -45, "axis": "x", "origin": [8, 5.60858, 8]},
			"faces": {
				"north": {"uv": [0.5, 8, 0.625, 8.125], "texture": "#0"},
				"east": {"uv": [3, 5, 3.375, 5.125], "texture": "#0"},
				"south": {"uv": [8, 0.5, 8.125, 0.625], "texture": "#0"},
				"west": {"uv": [5, 3, 5.375, 3.125], "texture": "#0"},
				"up": {"uv": [3.625, 5.375, 3.5, 5], "texture": "#0"},
				"down": {"uv": [5.125, 3.5, 5, 3.875], "texture": "#0"}
			}
		},
		{
			"from": [7.9, 9.13077, 5.46781],
			"to": [8.1, 9.53077, 5.76781],
			"rotation": {"angle": 22.5, "axis": "x", "origin": [8, 5.60858, 8]},
			"faces": {
				"north": {"uv": [2, 6, 2.125, 6.25], "texture": "#0"},
				"east": {"uv": [6, 2, 6.125, 2.25], "texture": "#0"},
				"south": {"uv": [2.5, 6, 2.625, 6.25], "texture": "#0"},
				"west": {"uv": [6, 2.5, 6.125, 2.75], "texture": "#0"},
				"up": {"uv": [0.125, 8.125, 0, 8], "texture": "#0"},
				"down": {"uv": [8.125, 0, 8, 0.125], "texture": "#0"}
			}
		},
		{
			"from": [7.9, 9.43168, 7.00845],
			"to": [8.1, 9.83168, 7.30845],
			"rotation": {"angle": 0, "axis": "x", "origin": [8, 5.60858, 8]},
			"faces": {
				"north": {"uv": [1, 6, 1.125, 6.25], "texture": "#0"},
				"east": {"uv": [6, 1, 6.125, 1.25], "texture": "#0"},
				"south": {"uv": [1.5, 6, 1.625, 6.25], "texture": "#0"},
				"west": {"uv": [6, 1.5, 6.125, 1.75], "texture": "#0"},
				"up": {"uv": [7.625, 7.125, 7.5, 7], "texture": "#0"},
				"down": {"uv": [7.625, 7.5, 7.5, 7.625], "texture": "#0"}
			}
		},
		{
			"from": [7.9, 9.12012, 8.54697],
			"to": [8.1, 9.52012, 8.84697],
			"rotation": {"angle": -22.5, "axis": "x", "origin": [8, 5.60858, 8]},
			"faces": {
				"north": {"uv": [0, 6, 0.125, 6.25], "texture": "#0"},
				"east": {"uv": [6, 0, 6.125, 0.25], "texture": "#0"},
				"south": {"uv": [0.5, 6, 0.625, 6.25], "texture": "#0"},
				"west": {"uv": [6, 0.5, 6.125, 0.75], "texture": "#0"},
				"up": {"uv": [7.625, 6.625, 7.5, 6.5], "texture": "#0"},
				"down": {"uv": [7.125, 7.5, 7, 7.625], "texture": "#0"}
			}
		},
		{
			"from": [7.9, 7.45772, 4.96508],
			"to": [8.1, 7.75772, 5.36508],
			"rotation": {"angle": 45, "axis": "x", "origin": [8, 5.60858, 8]},
			"faces": {
				"north": {"uv": [7.5, 6, 7.625, 6.125], "texture": "#0"},
				"east": {"uv": [5.5, 4.5, 5.75, 4.625], "texture": "#0"},
				"south": {"uv": [6.5, 7.5, 6.625, 7.625], "texture": "#0"},
				"west": {"uv": [5, 5.5, 5.25, 5.625], "texture": "#0"},
				"up": {"uv": [5.625, 5.25, 5.5, 5], "texture": "#0"},
				"down": {"uv": [5.625, 5.5, 5.5, 5.75], "texture": "#0"}
			}
		},
		{
			"from": [9.84277, 8.24987, 7.9],
			"to": [10.14277, 8.64987, 8.1],
			"rotation": {"angle": 45, "axis": "z", "origin": [8, 5.60858, 8]},
			"faces": {
				"north": {"uv": [3, 6, 3.125, 6.25], "texture": "#0"},
				"east": {"uv": [6, 3, 6.125, 3.25], "texture": "#0"},
				"south": {"uv": [3.5, 6, 3.625, 6.25], "texture": "#0"},
				"west": {"uv": [6, 3.5, 6.125, 3.75], "texture": "#0"},
				"up": {"uv": [1.125, 8.125, 1, 8], "texture": "#0"},
				"down": {"uv": [8.125, 1, 8, 1.125], "texture": "#0"}
			}
		},
		{
			"from": [6.26496, 8.32185, 7.9],
			"to": [6.66496, 8.62185, 8.1],
			"rotation": {"angle": -22.5, "axis": "z", "origin": [8, 5.60858, 8]},
			"faces": {
				"north": {"uv": [6.5, 0.5, 6.75, 0.625], "texture": "#0"},
				"east": {"uv": [3.5, 8, 3.625, 8.125], "texture": "#0"},
				"south": {"uv": [1, 6.5, 1.25, 6.625], "texture": "#0"},
				"west": {"uv": [8, 3.5, 8.125, 3.625], "texture": "#0"},
				"up": {"uv": [6.75, 1.125, 6.5, 1], "texture": "#0"},
				"down": {"uv": [1.75, 6.5, 1.5, 6.625], "texture": "#0"}
			}
		},
		{
			"from": [7.80491, 8.62622, 7.9],
			"to": [8.19241, 8.92622, 8.1],
			"rotation": {"angle": 0, "axis": "z", "origin": [8, 5.60858, 8]},
			"faces": {
				"north": {"uv": [0, 7, 0.25, 7.125], "texture": "#0"},
				"east": {"uv": [7, 8, 7.125, 8.125], "texture": "#0"},
				"south": {"uv": [7, 0, 7.25, 0.125], "texture": "#0"},
				"west": {"uv": [8, 7, 8.125, 7.125], "texture": "#0"},
				"up": {"uv": [0.75, 7.125, 0.5, 7], "texture": "#0"},
				"down": {"uv": [7.25, 0.5, 7, 0.625], "texture": "#0"}
			}
		},
		{
			"from": [4.15324, 8.25681, 7.9],
			"to": [4.45324, 9.05681, 8.1],
			"rotation": {"angle": -45, "axis": "z", "origin": [8, 5.60858, 8]},
			"faces": {
				"north": {"uv": [4, 5, 4.125, 5.375], "texture": "#0"},
				"east": {"uv": [5, 4, 5.125, 4.375], "texture": "#0"},
				"south": {"uv": [4.5, 5, 4.625, 5.375], "texture": "#0"},
				"west": {"uv": [5, 4.5, 5.125, 4.875], "texture": "#0"},
				"up": {"uv": [3.125, 8.125, 3, 8], "texture": "#0"},
				"down": {"uv": [8.125, 3, 8, 3.125], "texture": "#0"}
			}
		},
		{
			"from": [8.53864, 9.12357, 7.9],
			"to": [8.83864, 9.52357, 8.1],
			"rotation": {"angle": 22.5, "axis": "z", "origin": [8, 5.60858, 8]},
			"faces": {
				"north": {"uv": [4, 6, 4.125, 6.25], "texture": "#0"},
				"east": {"uv": [6, 4, 6.125, 4.25], "texture": "#0"},
				"south": {"uv": [4.5, 6, 4.625, 6.25], "texture": "#0"},
				"west": {"uv": [6, 4.5, 6.125, 4.75], "texture": "#0"},
				"up": {"uv": [1.625, 8.125, 1.5, 8], "texture": "#0"},
				"down": {"uv": [8.125, 1.5, 8, 1.625], "texture": "#0"}
			}
		},
		{
			"from": [5.45949, 9.12732, 7.9],
			"to": [5.75949, 9.52732, 8.1],
			"rotation": {"angle": -22.5, "axis": "z", "origin": [8, 5.60858, 8]},
			"faces": {
				"north": {"uv": [6, 6, 6.125, 6.25], "texture": "#0"},
				"east": {"uv": [0, 6.5, 0.125, 6.75], "texture": "#0"},
				"south": {"uv": [6.5, 0, 6.625, 0.25], "texture": "#0"},
				"west": {"uv": [0.5, 6.5, 0.625, 6.75], "texture": "#0"},
				"up": {"uv": [2.625, 8.125, 2.5, 8], "texture": "#0"},
				"down": {"uv": [8.125, 2.5, 8, 2.625], "texture": "#0"}
			}
		},
		{
			"from": [6.99944, 9.43168, 7.9],
			"to": [7.29944, 9.83168, 8.1],
			"rotation": {"angle": 0, "axis": "z", "origin": [8, 5.60858, 8]},
			"faces": {
				"north": {"uv": [5, 6, 5.125, 6.25], "texture": "#0"},
				"east": {"uv": [6, 5, 6.125, 5.25], "texture": "#0"},
				"south": {"uv": [5.5, 6, 5.625, 6.25], "texture": "#0"},
				"west": {"uv": [6, 5.5, 6.125, 5.75], "texture": "#0"},
				"up": {"uv": [2.125, 8.125, 2, 8], "texture": "#0"},
				"down": {"uv": [8.125, 2, 8, 2.125], "texture": "#0"}
			}
		},
		{
			"from": [11.54676, 8.25681, 7.9],
			"to": [11.84676, 9.05681, 8.1],
			"rotation": {"angle": 45, "axis": "z", "origin": [8, 5.60858, 8]},
			"faces": {
				"north": {"uv": [5, 5, 5.125, 5.375], "texture": "#0"},
				"east": {"uv": [0, 5.5, 0.125, 5.875], "texture": "#0"},
				"south": {"uv": [5.5, 0, 5.625, 0.375], "texture": "#0"},
				"west": {"uv": [0.5, 5.5, 0.625, 5.875], "texture": "#0"},
				"up": {"uv": [6.625, 8.125, 6.5, 8], "texture": "#0"},
				"down": {"uv": [8.125, 6.5, 8, 6.625], "texture": "#0"}
			}
		},
		{
			"from": [9.33504, 8.32185, 7.9],
			"to": [9.73504, 8.62185, 8.1],
			"rotation": {"angle": 22.5, "axis": "z", "origin": [8, 5.60858, 8]},
			"faces": {
				"north": {"uv": [6.5, 5.5, 6.75, 5.625], "texture": "#0"},
				"east": {"uv": [6, 8, 6.125, 8.125], "texture": "#0"},
				"south": {"uv": [6, 6.5, 6.25, 6.625], "texture": "#0"},
				"west": {"uv": [8, 6, 8.125, 6.125], "texture": "#0"},
				"up": {"uv": [6.75, 6.125, 6.5, 6], "texture": "#0"},
				"down": {"uv": [6.75, 6.5, 6.5, 6.625], "texture": "#0"}
			}
		},
		{
			"from": [5.85723, 8.24987, 7.9],
			"to": [6.15723, 8.64987, 8.1],
			"rotation": {"angle": -45, "axis": "z", "origin": [8, 5.60858, 8]},
			"faces": {
				"north": {"uv": [6.5, 4.5, 6.625, 4.75], "texture": "#0"},
				"east": {"uv": [5, 6.5, 5.125, 6.75], "texture": "#0"},
				"south": {"uv": [6.5, 5, 6.625, 5.25], "texture": "#0"},
				"west": {"uv": [5.5, 6.5, 5.625, 6.75], "texture": "#0"},
				"up": {"uv": [5.625, 8.125, 5.5, 8], "texture": "#0"},
				"down": {"uv": [8.125, 5.5, 8, 5.625], "texture": "#0"}
			}
		},
		{
			"from": [7.16136, 9.12357, 7.9],
			"to": [7.46136, 9.52357, 8.1],
			"rotation": {"angle": -22.5, "axis": "z", "origin": [8, 5.60858, 8]},
			"faces": {
				"north": {"uv": [6.5, 3.5, 6.625, 3.75], "texture": "#0"},
				"east": {"uv": [4, 6.5, 4.125, 6.75], "texture": "#0"},
				"south": {"uv": [6.5, 4, 6.625, 4.25], "texture": "#0"},
				"west": {"uv": [4.5, 6.5, 4.625, 6.75], "texture": "#0"},
				"up": {"uv": [5.125, 8.125, 5, 8], "texture": "#0"},
				"down": {"uv": [8.125, 5, 8, 5.125], "texture": "#0"}
			}
		},
		{
			"from": [8.70056, 9.43168, 7.9],
			"to": [9.00056, 9.83168, 8.1],
			"rotation": {"angle": 0, "axis": "z", "origin": [8, 5.60858, 8]},
			"faces": {
				"north": {"uv": [6.5, 2.5, 6.625, 2.75], "texture": "#0"},
				"east": {"uv": [3, 6.5, 3.125, 6.75], "texture": "#0"},
				"south": {"uv": [6.5, 3, 6.625, 3.25], "texture": "#0"},
				"west": {"uv": [3.5, 6.5, 3.625, 6.75], "texture": "#0"},
				"up": {"uv": [4.625, 8.125, 4.5, 8], "texture": "#0"},
				"down": {"uv": [8.125, 4.5, 8, 4.625], "texture": "#0"}
			}
		},
		{
			"from": [10.24051, 9.12732, 7.9],
			"to": [10.54051, 9.52732, 8.1],
			"rotation": {"angle": 22.5, "axis": "z", "origin": [8, 5.60858, 8]},
			"faces": {
				"north": {"uv": [6.5, 1.5, 6.625, 1.75], "texture": "#0"},
				"east": {"uv": [2, 6.5, 2.125, 6.75], "texture": "#0"},
				"south": {"uv": [6.5, 2, 6.625, 2.25], "texture": "#0"},
				"west": {"uv": [2.5, 6.5, 2.625, 6.75], "texture": "#0"},
				"up": {"uv": [4.125, 8.125, 4, 8], "texture": "#0"},
				"down": {"uv": [8.125, 4, 8, 4.125], "texture": "#0"}
			}
		},
		{
			"from": [7.7, 7.8435, 8.13492],
			"to": [8.3, 8.2435, 10.63492],
			"rotation": {"angle": -45, "axis": "x", "origin": [8, 5.60858, 8]},
			"faces": {
				"north": {"uv": [4, 4, 4.25, 4.25], "texture": "#0"},
				"east": {"uv": [3.5, 0, 4.75, 0.25], "texture": "#0"},
				"south": {"uv": [0, 4.5, 0.25, 4.75], "texture": "#0"},
				"west": {"uv": [0.5, 3.5, 1.75, 3.75], "texture": "#0"},
				"up": {"uv": [3.75, 3.25, 3.5, 2], "texture": "#0"},
				"down": {"uv": [3.25, 3.5, 3, 4.75], "texture": "#0"}
			}
		},
		{
			"from": [7.7, 5.7435, 5.36508],
			"to": [8.3, 6.1435, 7.86508],
			"rotation": {"angle": 45, "axis": "x", "origin": [8, 5.60858, 8]},
			"faces": {
				"north": {"uv": [3.5, 4, 3.75, 4.25], "texture": "#0"},
				"east": {"uv": [0.5, 3, 1.75, 3.25], "texture": "#0"},
				"south": {"uv": [4, 3.5, 4.25, 3.75], "texture": "#0"},
				"west": {"uv": [3, 1.5, 4.25, 1.75], "texture": "#0"},
				"up": {"uv": [3.25, 3.25, 3, 2], "texture": "#0"},
				"down": {"uv": [2.75, 3, 2.5, 4.25], "texture": "#0"}
			}
		},
		{
			"from": [7.8, 0.5, 7.8],
			"to": [8.2, 5.5, 8.2],
			"rotation": {"angle": 0, "axis": "x", "origin": [8, 5.60858, 8]},
			"faces": {
				"north": {"uv": [0, 0, 0.25, 2.5], "texture": "#0"},
				"east": {"uv": [0.5, 0, 0.75, 2.5], "texture": "#0"},
				"south": {"uv": [1, 0, 1.25, 2.5], "texture": "#0"},
				"west": {"uv": [1.5, 0, 1.75, 2.5], "texture": "#0"},
				"up": {"uv": [4.25, 1.25, 4, 1], "texture": "#0"},
				"down": {"uv": [1.75, 4, 1.5, 4.25], "texture": "#0"}
			}
		},
		{
			"from": [7.8, 2.9837, 5.37513],
			"to": [8.2, 3.5837, 5.97513],
			"rotation": {"angle": -45, "axis": "x", "origin": [8, 5.60858, 8]},
			"faces": {
				"north": {"uv": [2, 4.5, 2.25, 4.75], "texture": "#0"},
				"east": {"uv": [4.5, 2, 4.75, 2.25], "texture": "#0"},
				"south": {"uv": [2.5, 4.5, 2.75, 4.75], "texture": "#0"},
				"west": {"uv": [4.5, 2.5, 4.75, 2.75], "texture": "#0"},
				"up": {"uv": [4.75, 3.25, 4.5, 3], "texture": "#0"},
				"down": {"uv": [3.75, 4.5, 3.5, 4.75], "texture": "#0"}
			}
		},
		{
			"from": [7.7, 3.08977, 5.48119],
			"to": [8.3, 3.48977, 5.88119],
			"rotation": {"angle": -45, "axis": "x", "origin": [8, 5.60858, 8]},
			"faces": {
				"north": {"uv": [0.5, 5, 0.75, 5.25], "texture": "#0"},
				"east": {"uv": [5, 0.5, 5.25, 0.75], "texture": "#0"},
				"south": {"uv": [1, 5, 1.25, 5.25], "texture": "#0"},
				"west": {"uv": [5, 1, 5.25, 1.25], "texture": "#0"},
				"up": {"uv": [1.75, 5.25, 1.5, 5], "texture": "#0"},
				"down": {"uv": [5.25, 1.5, 5, 1.75], "texture": "#0"}
			}
		},
		{
			"from": [7.8, 1.6402, 4.03162],
			"to": [8.2, 2.2402, 4.63162],
			"rotation": {"angle": -45, "axis": "x", "origin": [8, 5.60858, 8]},
			"faces": {
				"north": {"uv": [4.5, 3.5, 4.75, 3.75], "texture": "#0"},
				"east": {"uv": [4, 4.5, 4.25, 4.75], "texture": "#0"},
				"south": {"uv": [4.5, 4, 4.75, 4.25], "texture": "#0"},
				"west": {"uv": [4.5, 4.5, 4.75, 4.75], "texture": "#0"},
				"up": {"uv": [0.25, 5.25, 0, 5], "texture": "#0"},
				"down": {"uv": [5.25, 0, 5, 0.25], "texture": "#0"}
			}
		},
		{
			"from": [7.85, 5.24695, 8.06669],
			"to": [8.15, 5.44695, 8.26669],
			"rotation": {"angle": -22.5, "axis": "x", "origin": [8, 5.60858, 8]},
			"faces": {
				"north": {"uv": [8.5, 4, 8.625, 4.125], "texture": "#0"},
				"east": {"uv": [4.5, 8.5, 4.625, 8.625], "texture": "#0"},
				"south": {"uv": [8.5, 4.5, 8.625, 4.625], "texture": "#0"},
				"west": {"uv": [5, 8.5, 5.125, 8.625], "texture": "#0"},
				"up": {"uv": [8.625, 5.125, 8.5, 5], "texture": "#0"},
				"down": {"uv": [5.625, 8.5, 5.5, 8.625], "texture": "#0"}
			}
		},
		{
			"from": [8.06352, 5.24826, 7.85],
			"to": [8.26352, 5.44826, 8.15],
			"rotation": {"angle": 22.5, "axis": "z", "origin": [8, 5.60858, 8]},
			"faces": {
				"north": {"uv": [9.5, 4, 9.625, 4.125], "texture": "#0"},
				"east": {"uv": [4.5, 9.5, 4.625, 9.625], "texture": "#0"},
				"south": {"uv": [9.5, 4.5, 9.625, 4.625], "texture": "#0"},
				"west": {"uv": [5, 9.5, 5.125, 9.625], "texture": "#0"},
				"up": {"uv": [9.625, 5.125, 9.5, 5], "texture": "#0"},
				"down": {"uv": [5.625, 9.5, 5.5, 9.625], "texture": "#0"}
			}
		},
		{
			"from": [8.10558, 5.17485, 7.85],
			"to": [8.30558, 5.37485, 8.15],
			"rotation": {"angle": 45, "axis": "z", "origin": [8, 5.60858, 8]},
			"faces": {
				"north": {"uv": [9.5, 5.5, 9.625, 5.625], "texture": "#0"},
				"east": {"uv": [6, 9.5, 6.125, 9.625], "texture": "#0"},
				"south": {"uv": [9.5, 6, 9.625, 6.125], "texture": "#0"},
				"west": {"uv": [6.5, 9.5, 6.625, 9.625], "texture": "#0"},
				"up": {"uv": [9.625, 6.625, 9.5, 6.5], "texture": "#0"},
				"down": {"uv": [7.125, 9.5, 7, 9.625], "texture": "#0"}
			}
		},
		{
			"from": [8.31766, 5.72491, 7.85],
			"to": [8.51766, 5.92491, 8.15],
			"rotation": {"angle": -22.5, "axis": "z", "origin": [8, 5.60858, 8]},
			"faces": {
				"north": {"uv": [9.5, 7, 9.625, 7.125], "texture": "#0"},
				"east": {"uv": [7.5, 9.5, 7.625, 9.625], "texture": "#0"},
				"south": {"uv": [9.5, 7.5, 9.625, 7.625], "texture": "#0"},
				"west": {"uv": [8, 9.5, 8.125, 9.625], "texture": "#0"},
				"up": {"uv": [9.625, 8.125, 9.5, 8], "texture": "#0"},
				"down": {"uv": [8.625, 9.5, 8.5, 9.625], "texture": "#0"}
			}
		},
		{
			"from": [7.831, 6.11689, 7.85],
			"to": [8.031, 6.31689, 8.15],
			"rotation": {"angle": -45, "axis": "z", "origin": [8, 5.60858, 8]},
			"faces": {
				"north": {"uv": [2, 10, 2.125, 10.125], "texture": "#0"},
				"east": {"uv": [10, 2, 10.125, 2.125], "texture": "#0"},
				"south": {"uv": [2.5, 10, 2.625, 10.125], "texture": "#0"},
				"west": {"uv": [10, 2.5, 10.125, 2.625], "texture": "#0"},
				"up": {"uv": [3.125, 10.125, 3, 10], "texture": "#0"},
				"down": {"uv": [10.125, 3, 10, 3.125], "texture": "#0"}
			}
		},
		{
			"from": [7.91492, 6.12765, 7.85],
			"to": [8.11492, 6.32765, 8.15],
			"rotation": {"angle": -22.5, "axis": "z", "origin": [8, 5.60858, 8]},
			"faces": {
				"north": {"uv": [3.5, 10, 3.625, 10.125], "texture": "#0"},
				"east": {"uv": [10, 3.5, 10.125, 3.625], "texture": "#0"},
				"south": {"uv": [4, 10, 4.125, 10.125], "texture": "#0"},
				"west": {"uv": [10, 4, 10.125, 4.125], "texture": "#0"},
				"up": {"uv": [4.625, 10.125, 4.5, 10], "texture": "#0"},
				"down": {"uv": [10.125, 4.5, 10, 4.625], "texture": "#0"}
			}
		},
		{
			"from": [8.46626, 5.651, 7.85],
			"to": [8.66626, 5.851, 8.15],
			"rotation": {"angle": 22.5, "axis": "z", "origin": [8, 5.60858, 8]},
			"faces": {
				"north": {"uv": [0.5, 10, 0.625, 10.125], "texture": "#0"},
				"east": {"uv": [10, 0.5, 10.125, 0.625], "texture": "#0"},
				"south": {"uv": [1, 10, 1.125, 10.125], "texture": "#0"},
				"west": {"uv": [10, 1, 10.125, 1.125], "texture": "#0"},
				"up": {"uv": [1.625, 10.125, 1.5, 10], "texture": "#0"},
				"down": {"uv": [10.125, 1.5, 10, 1.625], "texture": "#0"}
			}
		},
		{
			"from": [8.39931, 5.70273, 7.85],
			"to": [8.59931, 5.90273, 8.15],
			"rotation": {"angle": 0, "axis": "z", "origin": [8, 5.60858, 8]},
			"faces": {
				"north": {"uv": [9.5, 8.5, 9.625, 8.625], "texture": "#0"},
				"east": {"uv": [9, 9.5, 9.125, 9.625], "texture": "#0"},
				"south": {"uv": [9.5, 9, 9.625, 9.125], "texture": "#0"},
				"west": {"uv": [9.5, 9.5, 9.625, 9.625], "texture": "#0"},
				"up": {"uv": [0.125, 10.125, 0, 10], "texture": "#0"},
				"down": {"uv": [10.125, 0, 10, 0.125], "texture": "#0"}
			}
		},
		{
			"from": [7.73648, 5.24826, 7.85],
			"to": [7.93648, 5.44826, 8.15],
			"rotation": {"angle": -22.5, "axis": "z", "origin": [8, 5.60858, 8]},
			"faces": {
				"north": {"uv": [10.5, 3.5, 10.625, 3.625], "texture": "#0"},
				"east": {"uv": [4, 10.5, 4.125, 10.625], "texture": "#0"},
				"south": {"uv": [10.5, 4, 10.625, 4.125], "texture": "#0"},
				"west": {"uv": [4.5, 10.5, 4.625, 10.625], "texture": "#0"},
				"up": {"uv": [10.625, 4.625, 10.5, 4.5], "texture": "#0"},
				"down": {"uv": [5.125, 10.5, 5, 10.625], "texture": "#0"}
			}
		},
		{
			"from": [7.69442, 5.17485, 7.85],
			"to": [7.89442, 5.37485, 8.15],
			"rotation": {"angle": -45, "axis": "z", "origin": [8, 5.60858, 8]},
			"faces": {
				"north": {"uv": [10.5, 2, 10.625, 2.125], "texture": "#0"},
				"east": {"uv": [2.5, 10.5, 2.625, 10.625], "texture": "#0"},
				"south": {"uv": [10.5, 2.5, 10.625, 2.625], "texture": "#0"},
				"west": {"uv": [3, 10.5, 3.125, 10.625], "texture": "#0"},
				"up": {"uv": [10.625, 3.125, 10.5, 3], "texture": "#0"},
				"down": {"uv": [3.625, 10.5, 3.5, 10.625], "texture": "#0"}
			}
		},
		{
			"from": [7.48234, 5.72491, 7.85],
			"to": [7.68234, 5.92491, 8.15],
			"rotation": {"angle": 22.5, "axis": "z", "origin": [8, 5.60858, 8]},
			"faces": {
				"north": {"uv": [10.5, 0.5, 10.625, 0.625], "texture": "#0"},
				"east": {"uv": [1, 10.5, 1.125, 10.625], "texture": "#0"},
				"south": {"uv": [10.5, 1, 10.625, 1.125], "texture": "#0"},
				"west": {"uv": [1.5, 10.5, 1.625, 10.625], "texture": "#0"},
				"up": {"uv": [10.625, 1.625, 10.5, 1.5], "texture": "#0"},
				"down": {"uv": [2.125, 10.5, 2, 10.625], "texture": "#0"}
			}
		},
		{
			"from": [7.40069, 5.70273, 7.85],
			"to": [7.60069, 5.90273, 8.15],
			"rotation": {"angle": 0, "axis": "z", "origin": [8, 5.60858, 8]},
			"faces": {
				"north": {"uv": [9.5, 10, 9.625, 10.125], "texture": "#0"},
				"east": {"uv": [10, 9.5, 10.125, 9.625], "texture": "#0"},
				"south": {"uv": [10, 10, 10.125, 10.125], "texture": "#0"},
				"west": {"uv": [0, 10.5, 0.125, 10.625], "texture": "#0"},
				"up": {"uv": [10.625, 0.125, 10.5, 0], "texture": "#0"},
				"down": {"uv": [0.625, 10.5, 0.5, 10.625], "texture": "#0"}
			}
		},
		{
			"from": [7.969, 6.11689, 7.85],
			"to": [8.169, 6.31689, 8.15],
			"rotation": {"angle": 45, "axis": "z", "origin": [8, 5.60858, 8]},
			"faces": {
				"north": {"uv": [8, 10, 8.125, 10.125], "texture": "#0"},
				"east": {"uv": [10, 8, 10.125, 8.125], "texture": "#0"},
				"south": {"uv": [8.5, 10, 8.625, 10.125], "texture": "#0"},
				"west": {"uv": [10, 8.5, 10.125, 8.625], "texture": "#0"},
				"up": {"uv": [9.125, 10.125, 9, 10], "texture": "#0"},
				"down": {"uv": [10.125, 9, 10, 9.125], "texture": "#0"}
			}
		},
		{
			"from": [7.88508, 6.12765, 7.85],
			"to": [8.08508, 6.32765, 8.15],
			"rotation": {"angle": 22.5, "axis": "z", "origin": [8, 5.60858, 8]},
			"faces": {
				"north": {"uv": [6.5, 10, 6.625, 10.125], "texture": "#0"},
				"east": {"uv": [10, 6.5, 10.125, 6.625], "texture": "#0"},
				"south": {"uv": [7, 10, 7.125, 10.125], "texture": "#0"},
				"west": {"uv": [10, 7, 10.125, 7.125], "texture": "#0"},
				"up": {"uv": [7.625, 10.125, 7.5, 10], "texture": "#0"},
				"down": {"uv": [10.125, 7.5, 10, 7.625], "texture": "#0"}
			}
		},
		{
			"from": [7.33374, 5.651, 7.85],
			"to": [7.53374, 5.851, 8.15],
			"rotation": {"angle": -22.5, "axis": "z", "origin": [8, 5.60858, 8]},
			"faces": {
				"north": {"uv": [5, 10, 5.125, 10.125], "texture": "#0"},
				"east": {"uv": [10, 5, 10.125, 5.125], "texture": "#0"},
				"south": {"uv": [5.5, 10, 5.625, 10.125], "texture": "#0"},
				"west": {"uv": [10, 5.5, 10.125, 5.625], "texture": "#0"},
				"up": {"uv": [6.125, 10.125, 6, 10], "texture": "#0"},
				"down": {"uv": [10.125, 6, 10, 6.125], "texture": "#0"}
			}
		},
		{
			"from": [7.85, 5.17242, 8.108],
			"to": [8.15, 5.37242, 8.308],
			"rotation": {"angle": -45, "axis": "x", "origin": [8, 5.60858, 8]},
			"faces": {
				"north": {"uv": [8.5, 5.5, 8.625, 5.625], "texture": "#0"},
				"east": {"uv": [6, 8.5, 6.125, 8.625], "texture": "#0"},
				"south": {"uv": [8.5, 6, 8.625, 6.125], "texture": "#0"},
				"west": {"uv": [6.5, 8.5, 6.625, 8.625], "texture": "#0"},
				"up": {"uv": [8.625, 6.625, 8.5, 6.5], "texture": "#0"},
				"down": {"uv": [7.125, 8.5, 7, 8.625], "texture": "#0"}
			}
		},
		{
			"from": [7.85, 5.72622, 8.32082],
			"to": [8.15, 5.92622, 8.52082],
			"rotation": {"angle": 22.5, "axis": "x", "origin": [8, 5.60858, 8]},
			"faces": {
				"north": {"uv": [8.5, 7, 8.625, 7.125], "texture": "#0"},
				"east": {"uv": [7.5, 8.5, 7.625, 8.625], "texture": "#0"},
				"south": {"uv": [8.5, 7.5, 8.625, 7.625], "texture": "#0"},
				"west": {"uv": [8, 8.5, 8.125, 8.625], "texture": "#0"},
				"up": {"uv": [8.625, 8.125, 8.5, 8], "texture": "#0"},
				"down": {"uv": [8.625, 8.5, 8.5, 8.625], "texture": "#0"}
			}
		},
		{
			"from": [7.85, 5.70273, 8.40273],
			"to": [8.15, 5.90273, 8.60273],
			"rotation": {"angle": 0, "axis": "x", "origin": [8, 5.60858, 8]},
			"faces": {
				"north": {"uv": [0, 9, 0.125, 9.125], "texture": "#0"},
				"east": {"uv": [9, 0, 9.125, 0.125], "texture": "#0"},
				"south": {"uv": [0.5, 9, 0.625, 9.125], "texture": "#0"},
				"west": {"uv": [9, 0.5, 9.125, 0.625], "texture": "#0"},
				"up": {"uv": [1.125, 9.125, 1, 9], "texture": "#0"},
				"down": {"uv": [9.125, 1, 9, 1.125], "texture": "#0"}
			}
		},
		{
			"from": [7.85, 5.64969, 8.46942],
			"to": [8.15, 5.84969, 8.66942],
			"rotation": {"angle": -22.5, "axis": "x", "origin": [8, 5.60858, 8]},
			"faces": {
				"north": {"uv": [1.5, 9, 1.625, 9.125], "texture": "#0"},
				"east": {"uv": [9, 1.5, 9.125, 1.625], "texture": "#0"},
				"south": {"uv": [2, 9, 2.125, 9.125], "texture": "#0"},
				"west": {"uv": [9, 2, 9.125, 2.125], "texture": "#0"},
				"up": {"uv": [2.625, 9.125, 2.5, 9], "texture": "#0"},
				"down": {"uv": [9.125, 2.5, 9, 2.625], "texture": "#0"}
			}
		},
		{
			"from": [7.85, 5.57516, 8.51073],
			"to": [8.15, 5.77516, 8.71073],
			"rotation": {"angle": -45, "axis": "x", "origin": [8, 5.60858, 8]},
			"faces": {
				"north": {"uv": [3, 9, 3.125, 9.125], "texture": "#0"},
				"east": {"uv": [9, 3, 9.125, 3.125], "texture": "#0"},
				"south": {"uv": [3.5, 9, 3.625, 9.125], "texture": "#0"},
				"west": {"uv": [9, 3.5, 9.125, 3.625], "texture": "#0"},
				"up": {"uv": [4.125, 9.125, 4, 9], "texture": "#0"},
				"down": {"uv": [9.125, 4, 9, 4.125], "texture": "#0"}
			}
		},
		{
			"from": [7.85, 5.24695, 7.73331],
			"to": [8.15, 5.44695, 7.93331],
			"rotation": {"angle": 22.5, "axis": "x", "origin": [8, 5.60858, 8]},
			"faces": {
				"north": {"uv": [9.5, 2.5, 9.625, 2.625], "texture": "#0"},
				"east": {"uv": [3, 9.5, 3.125, 9.625], "texture": "#0"},
				"south": {"uv": [9.5, 3, 9.625, 3.125], "texture": "#0"},
				"west": {"uv": [3.5, 9.5, 3.625, 9.625], "texture": "#0"},
				"up": {"uv": [9.625, 3.625, 9.5, 3.5], "texture": "#0"},
				"down": {"uv": [4.125, 9.5, 4, 9.625], "texture": "#0"}
			}
		},
		{
			"from": [7.85, 5.17242, 7.692],
			"to": [8.15, 5.37242, 7.892],
			"rotation": {"angle": 45, "axis": "x", "origin": [8, 5.60858, 8]},
			"faces": {
				"north": {"uv": [9.5, 1, 9.625, 1.125], "texture": "#0"},
				"east": {"uv": [1.5, 9.5, 1.625, 9.625], "texture": "#0"},
				"south": {"uv": [9.5, 1.5, 9.625, 1.625], "texture": "#0"},
				"west": {"uv": [2, 9.5, 2.125, 9.625], "texture": "#0"},
				"up": {"uv": [9.625, 2.125, 9.5, 2], "texture": "#0"},
				"down": {"uv": [2.625, 9.5, 2.5, 9.625], "texture": "#0"}
			}
		},
		{
			"from": [7.85, 5.72622, 7.47918],
			"to": [8.15, 5.92622, 7.67918],
			"rotation": {"angle": -22.5, "axis": "x", "origin": [8, 5.60858, 8]},
			"faces": {
				"north": {"uv": [9, 9, 9.125, 9.125], "texture": "#0"},
				"east": {"uv": [0, 9.5, 0.125, 9.625], "texture": "#0"},
				"south": {"uv": [9.5, 0, 9.625, 0.125], "texture": "#0"},
				"west": {"uv": [0.5, 9.5, 0.625, 9.625], "texture": "#0"},
				"up": {"uv": [9.625, 0.625, 9.5, 0.5], "texture": "#0"},
				"down": {"uv": [1.125, 9.5, 1, 9.625], "texture": "#0"}
			}
		},
		{
			"from": [7.85, 5.70273, 7.39727],
			"to": [8.15, 5.90273, 7.59727],
			"rotation": {"angle": 0, "axis": "x", "origin": [8, 5.60858, 8]},
			"faces": {
				"north": {"uv": [7.5, 9, 7.625, 9.125], "texture": "#0"},
				"east": {"uv": [9, 7.5, 9.125, 7.625], "texture": "#0"},
				"south": {"uv": [8, 9, 8.125, 9.125], "texture": "#0"},
				"west": {"uv": [9, 8, 9.125, 8.125], "texture": "#0"},
				"up": {"uv": [8.625, 9.125, 8.5, 9], "texture": "#0"},
				"down": {"uv": [9.125, 8.5, 9, 8.625], "texture": "#0"}
			}
		},
		{
			"from": [7.85, 5.64969, 7.33058],
			"to": [8.15, 5.84969, 7.53058],
			"rotation": {"angle": 22.5, "axis": "x", "origin": [8, 5.60858, 8]},
			"faces": {
				"north": {"uv": [6, 9, 6.125, 9.125], "texture": "#0"},
				"east": {"uv": [9, 6, 9.125, 6.125], "texture": "#0"},
				"south": {"uv": [6.5, 9, 6.625, 9.125], "texture": "#0"},
				"west": {"uv": [9, 6.5, 9.125, 6.625], "texture": "#0"},
				"up": {"uv": [7.125, 9.125, 7, 9], "texture": "#0"},
				"down": {"uv": [9.125, 7, 9, 7.125], "texture": "#0"}
			}
		},
		{
			"from": [7.85, 5.57516, 7.28927],
			"to": [8.15, 5.77516, 7.48927],
			"rotation": {"angle": 45, "axis": "x", "origin": [8, 5.60858, 8]},
			"faces": {
				"north": {"uv": [4.5, 9, 4.625, 9.125], "texture": "#0"},
				"east": {"uv": [9, 4.5, 9.125, 4.625], "texture": "#0"},
				"south": {"uv": [5, 9, 5.125, 9.125], "texture": "#0"},
				"west": {"uv": [9, 5, 9.125, 5.125], "texture": "#0"},
				"up": {"uv": [5.625, 9.125, 5.5, 9], "texture": "#0"},
				"down": {"uv": [9.125, 5.5, 9, 5.625], "texture": "#0"}
			}
		}
	],
	"display": {
		"thirdperson_righthand": {
			"translation": [0, 11.75, 0],
			"scale": [2, 2, 2]
		},
		"thirdperson_lefthand": {
			"translation": [0, 11.75, 0],
			"scale": [2, 2, 2]
		},
		"firstperson_righthand": {
			"rotation": [-13, -1.66, -0.66],
			"translation": [0, 8.5, 1.5],
			"scale": [1.5, 1.5, 1.5]
		},
		"firstperson_lefthand": {
			"rotation": [-1.75, 2.75, -0.18],
			"translation": [0, 8.5, 1.5],
			"scale": [1.5, 1.5, 1.5]
		},
		"ground": {
			"rotation": [32.01, 2.78, 9.65],
			"translation": [0, 11.5, 0],
			"scale": [2, 2, 2]
		},
		"gui": {
			"rotation": [-75.5, -45, -90],
			"translation": [3.25, 3.25, 0],
			"scale": [1.9, 1.9, 1.9]
		}
	}
}