{
  "parent": "minecraft:block/stone_button_inventory",
  "overrides": [
    {"predicate": {"custom_model_data":1}, "model": "item/crates/dolphin"},
	{"predicate": {"custom_model_data":2}, "model": "item/crates/lobster"},
	{"predicate": {"custom_model_data":3}, "model": "item/crates/lootbox"},
	{"predicate": {"custom_model_data":6}, "model": "item/crates/shark"},
	{"predicate": {"custom_model_data":7}, "model": "item/crates/skin"},
	{"predicate": {"custom_model_data":10}, "model": "item/crates/whale"}
  ]
}