{
  "parent": "minecraft:item/generated",
  "textures": {
    "layer0": "minecraft:block/tripwire_hook"
  },
  "overrides": [
    {"predicate": {"custom_model_data":1}, "model": "item/keys/dolphin"},
	{"predicate": {"custom_model_data":2}, "model": "item/keys/lobster"},
	{"predicate": {"custom_model_data":3}, "model": "item/crates/lootbox_handheld"},
	{"predicate": {"custom_model_data":6}, "model": "item/keys/shark"},
	{"predicate": {"custom_model_data":7}, "model": "item/keys/skin"},
	{"predicate": {"custom_model_data":10}, "model": "item/keys/whale"}
  ]
}