{
    "parent": "item/generated",
    "overrides": [
        {
            "predicate": {
                "custom_model_data": 0
            },
            "model": "item/skins/tools/bow/default/bow"
        },
        {
            "predicate": {
                "custom_model_data": 0,
                "pulling": 1
            },
            "model": "item/skins/tools/bow/default/bow_pulling_0"
        },
        {
            "predicate": {
                "custom_model_data": 0,
                "pulling": 1,
                "pull": 0.65
            },
            "model": "item/skins/tools/bow/default/bow_pulling_1"
        },
        {
            "predicate": {
                "custom_model_data": 0,
                "pulling": 1,
                "pull": 0.9
            },
            "model": "item/skins/tools/bow/default/bow_pulling_2"
        },
        {
            "predicate": {
                "custom_model_data": 1000
            },
            "model": "item/skins/tools/bow/valentines/bow"
        },
        {
            "predicate": {
                "custom_model_data": 1000,
                "pulling": 1
            },
            "model": "item/skins/tools/bow/valentines/bow_pulling_0"
        },
        {
            "predicate": {
                "custom_model_data": 1000,
                "pulling": 1,
                "pull": 0.65
            },
            "model": "item/skins/tools/bow/valentines/bow_pulling_1"
        },
        {
            "predicate": {
                "custom_model_data": 1000,
                "pulling": 1,
                "pull": 0.9
            },
            "model": "item/skins/tools/bow/valentines/bow_pulling_2"
        },
        {
            "predicate": {
                "custom_model_data": 1001
            },
            "model": "item/skins/tools/bow/bone_bow/bow"
        },
        {
            "predicate": {
                "custom_model_data": 1001,
                "pulling": 1
            },
            "model": "item/skins/tools/bow/bone_bow/bow_pulling_0"
        },
        {
            "predicate": {
                "custom_model_data": 1001,
                "pulling": 1,
                "pull": 0.65
            },
            "model": "item/skins/tools/bow/bone_bow/bow_pulling_1"
        },
        {
            "predicate": {
                "custom_model_data": 1001,
                "pulling": 1,
                "pull": 0.9
            },
            "model": "item/skins/tools/bow/bone_bow/bow_pulling_2"
        }
    ]
}
