{
  "parent": "item/handheld",
  "textures": {
    "layer0": "item/golden_axe"
  },
  "overrides": [
    {
      "predicate": {
        "custom_model_data": 2000
      },
      "model": "item/skins/tools/axe/bronze"
    },
    {
      "predicate": {
        "custom_model_data": 2001
      },
      "model": "item/skins/tools/axe/oxidized_copper"
    },
    {
      "predicate": {
        "custom_model_data": 2002
      },
      "model": "item/skins/tools/axe/silver"
    },
    {
      "predicate": {
        "custom_model_data": 2003
      },
      "model": "item/skins/tools/axe/cobalt"
    },
    {
      "predicate": {
        "custom_model_data": 2004
      },
      "model": "item/skins/tools/axe/amethyst"
    },
    {
      "predicate": {
        "custom_model_data": 2005
      },
      "model": "item/skins/tools/axe/ruby"
    },
    {
      "predicate": {
        "custom_model_data": 2006
      },
      "model": "item/skins/tools/axe/sapphire"
    },
    {
      "predicate": {
        "custom_model_data": 2007
      },
      "model": "item/skins/tools/axe/emerald"
    },
    {
      "predicate": {
        "custom_model_data": 2008
      },
      "model": "item/skins/tools/axe/ender"
    },
    {
      "predicate": {
        "custom_model_data": 2009
      },
      "model": "item/skins/tools/axe/obsidian"
    },
    {
      "predicate": {
        "custom_model_data": 2010
      },
      "model": "item/skins/tools/axe/leaf"
    },
    {
      "predicate": {
        "custom_model_data": 2011
      },
      "model": "item/skins/tools/axe/deep_rock"
    },
    {
      "predicate": {
        "custom_model_data": 2012
      },
      "model": "item/skins/tools/axe/ancient_blood"
    },
    {
      "predicate": {
        "custom_model_data": 2013
      },
      "model": "item/skins/tools/axe/elderian"
    },
    {
      "predicate": {
        "custom_model_data": 2014
      },
      "model": "item/skins/tools/axe/firework_axe"
    },
    {
        "predicate": {
            "custom_model_data": 2015
        },
        "model": "item/skins/tools/axe/spring_axe"
    }
  ]
}
