{
    "model": {
        "type": "range_dispatch",
        "property": "custom_model_data",
        "fallback": {
            "type": "model",
            "model": "minecraft:item/arrow"
        },
        "entries": [
            {
                "threshold": 1000,
                "model": {
                    "type": "model",
                    "model": "item/skins/tools/bow/valentines/arrow"
                }
            },
            {
                "threshold": 1001,
                "model": {
                    "type": "model",
                    "model": "item/skins/tools/bow/bone_bow/arrow"
                }
            }
        ]
    }
}