{
    "model": {
        "type": "range_dispatch",
        "property": "custom_model_data",
        "fallback": {
            "type": "model",
            "model": "item/diamond_hoe"
        },
        "entries": [
            {
                "threshold": 2000,
                "model": {
                    "type": "model",
                    "model": "item/skins/tools/hoe/bronze"
                }
            },
            {
                "threshold": 2001,
                "model": {
                    "type": "model",
                    "model": "item/skins/tools/hoe/oxidized_copper"
                }
            },
            {
                "threshold": 2002,
                "model": {
                    "type": "model",
                    "model": "item/skins/tools/hoe/silver"
                }
            },
            {
                "threshold": 2003,
                "model": {
                    "type": "model",
                    "model": "item/skins/tools/hoe/cobalt"
                }
            },
            {
                "threshold": 2004,
                "model": {
                    "type": "model",
                    "model": "item/skins/tools/hoe/amethyst"
                }
            },
            {
                "threshold": 2005,
                "model": {
                    "type": "model",
                    "model": "item/skins/tools/hoe/ruby"
                }
            },
            {
                "threshold": 2006,
                "model": {
                    "type": "model",
                    "model": "item/skins/tools/hoe/sapphire"
                }
            },
            {
                "threshold": 2007,
                "model": {
                    "type": "model",
                    "model": "item/skins/tools/hoe/emerald"
                }
            },
            {
                "threshold": 2008,
                "model": {
                    "type": "model",
                    "model": "item/skins/tools/hoe/ender"
                }
            },
            {
                "threshold": 2009,
                "model": {
                    "type": "model",
                    "model": "item/skins/tools/hoe/obsidian"
                }
            },
            {
                "threshold": 2010,
                "model": {
                    "type": "model",
                    "model": "item/skins/tools/hoe/leaf"
                }
            },
            {
                "threshold": 2011,
                "model": {
                    "type": "model",
                    "model": "item/skins/tools/hoe/deep_rock"
                }
            },
            {
                "threshold": 2012,
                "model": {
                    "type": "model",
                    "model": "item/skins/tools/hoe/ancient_blood"
                }
            },
            {
                "threshold": 2013,
                "model": {
                    "type": "model",
                    "model": "item/skins/tools/hoe/elderian"
                }
            },
            {
                "threshold": 2014,
                "model": {
                    "type": "model",
                    "model": "item/skins/tools/hoe/firework_hoe"
                }
            },
            {
                "threshold": 2015,
                "model": {
                    "type": "model",
                    "model": "item/skins/tools/hoe/heart_hoe"
                }
            }
        ]
    }
}