{
    "model": {
        "type": "range_dispatch",
        "property": "custom_model_data",
        "fallback": {
            "type": "model",
            "model": "minecraft:item/iron_chestplate"
        },
        "entries": [
            {
                "threshold": 2000,
                "model": {
                    "type": "model",
                    "model": "item/skins/armor/chestplate/bronze"
                }
            },
            {
                "threshold": 2001,
                "model": {
                    "type": "model",
                    "model": "item/skins/armor/chestplate/oxidized_copper"
                }
            },
            {
                "threshold": 2002,
                "model": {
                    "type": "model",
                    "model": "item/skins/armor/chestplate/silver"
                }
            },
            {
                "threshold": 2003,
                "model": {
                    "type": "model",
                    "model": "item/skins/armor/chestplate/cobalt"
                }
            },
            {
                "threshold": 2004,
                "model": {
                    "type": "model",
                    "model": "item/skins/armor/chestplate/amethyst"
                }
            },
            {
                "threshold": 2005,
                "model": {
                    "type": "model",
                    "model": "item/skins/armor/chestplate/ruby"
                }
            },
            {
                "threshold": 2006,
                "model": {
                    "type": "model",
                    "model": "item/skins/armor/chestplate/sapphire"
                }
            },
            {
                "threshold": 2007,
                "model": {
                    "type": "model",
                    "model": "item/skins/armor/chestplate/emerald"
                }
            },
            {
                "threshold": 2008,
                "model": {
                    "type": "model",
                    "model": "item/skins/armor/chestplate/ender"
                }
            },
            {
                "threshold": 2009,
                "model": {
                    "type": "model",
                    "model": "item/skins/armor/chestplate/obsidian"
                }
            },
            {
                "threshold": 2010,
                "model": {
                    "type": "model",
                    "model": "item/skins/armor/chestplate/frightening"
                }
            },
            {
                "threshold": 2011,
                "model": {
                    "type": "model",
                    "model": "item/skins/armor/chestplate/leaf"
                }
            },
            {
                "threshold": 2012,
                "model": {
                    "type": "model",
                    "model": "item/skins/armor/chestplate/deep_rock"
                }
            },
            {
                "threshold": 2013,
                "model": {
                    "type": "model",
                    "model": "item/skins/armor/chestplate/ancient_blood"
                }
            },
            {
                "threshold": 2014,
                "model": {
                    "type": "model",
                    "model": "item/skins/armor/chestplate/elderian"
                }
            },
            {
                "threshold": 2015,
                "model": {
                    "type": "model",
                    "model": "item/skins/armor/chestplate/christmas"
                }
            },
            {
                "threshold": 2016,
                "model": {
                    "type": "model",
                    "model": "item/skins/armor/chestplate/eros"
                }
            },
            {
                "threshold": 2017,
                "model": {
                    "type": "model",
                    "model": "item/skins/armor/chestplate/easter"
                }
            },
            {
                "threshold": 2018,
                "model": {
                    "type": "model",
                    "model": "item/skins/armor/chestplate/summer"
                }
            },
            {
                "threshold": 2019,
                "model": {
                    "type": "model",
                    "model": "item/skins/armor/chestplate/pumpkin"
                }
            },
            {
                "threshold": 2020,
                "model": {
                    "type": "model",
                    "model": "item/skins/armor/chestplate/rudolph"
                }
            },
            {
                "threshold": 2021,
                "model": {
                    "type": "model",
                    "model": "item/skins/armor/chestplate/sparkly"
                }
            },
            {
                "threshold": 2022,
                "model": {
                    "type": "model",
                    "model": "item/skins/armor/chestplate/valentines"
                }
            },
            {
                "threshold": 2023,
                "model": {
                    "type": "model",
                    "model": "item/skins/armor/chestplate/lepr"
                }
            },
            {
                "threshold": 2024,
                "model": {
                    "type": "model",
                    "model": "item/skins/armor/chestplate/spring"
                }
            },
            {
                "threshold": 2025,
                "model": {
                    "type": "model",
                    "model": "item/skins/armor/chestplate/cosmic"
                }
            },
            {
                "threshold": 2026,
                "model": {
                    "type": "model",
                    "model": "item/skins/armor/chestplate/holiday"
                }
            },
            {
                "threshold": 2027,
                "model": {
                    "type": "model",
                    "model": "item/skins/armor/chestplate/astronaut"
                }
            },
            {
                "threshold": 2028,
                "model": {
                    "type": "model",
                    "model": "item/skins/armor/chestplate/pilgrim"
                }
            },
            {
                "threshold": 2029,
                "model": {
                    "type": "model",
                    "model": "item/skins/armor/chestplate/newyear"
                }
            },
            {
                "threshold": 2030,
                "model": {
                    "type": "model",
                    "model": "item/skins/armor/chestplate/mummy"
                }
            },
            {
                "threshold": 2031,
                "model": {
                    "type": "model",
                    "model": "item/skins/armor/chestplate/gingerbread"
                }
            },
            {
                "threshold": 2032,
                "model": {
                    "type": "model",
                    "model": "item/skins/armor/chestplate/love"
                }
            }
        ]
    }
}