{
    "model": {
        "type": "range_dispatch",
        "property": "custom_model_data",
        "fallback": {
            "type": "model",
            "model": "minecraft:item/leather_leggings"
        },
        "entries": [
            {
                "threshold": 2000,
                "model": {
                    "type": "model",
                    "model": "item/skins/armor/leggings/bronze"
                }
            },
            {
                "threshold": 2001,
                "model": {
                    "type": "model",
                    "model": "item/skins/armor/leggings/oxidized_copper"
                }
            },
            {
                "threshold": 2002,
                "model": {
                    "type": "model",
                    "model": "item/skins/armor/leggings/silver"
                }
            },
            {
                "threshold": 2003,
                "model": {
                    "type": "model",
                    "model": "item/skins/armor/leggings/cobalt"
                }
            },
            {
                "threshold": 2004,
                "model": {
                    "type": "model",
                    "model": "item/skins/armor/leggings/amethyst"
                }
            },
            {
                "threshold": 2005,
                "model": {
                    "type": "model",
                    "model": "item/skins/armor/leggings/ruby"
                }
            },
            {
                "threshold": 2006,
                "model": {
                    "type": "model",
                    "model": "item/skins/armor/leggings/sapphire"
                }
            },
            {
                "threshold": 2007,
                "model": {
                    "type": "model",
                    "model": "item/skins/armor/leggings/emerald"
                }
            },
            {
                "threshold": 2008,
                "model": {
                    "type": "model",
                    "model": "item/skins/armor/leggings/ender"
                }
            },
            {
                "threshold": 2009,
                "model": {
                    "type": "model",
                    "model": "item/skins/armor/leggings/obsidian"
                }
            },
            {
                "threshold": 2010,
                "model": {
                    "type": "model",
                    "model": "item/skins/armor/leggings/frightening"
                }
            },
            {
                "threshold": 2011,
                "model": {
                    "type": "model",
                    "model": "item/skins/armor/leggings/leaf"
                }
            },
            {
                "threshold": 2012,
                "model": {
                    "type": "model",
                    "model": "item/skins/armor/leggings/deep_rock"
                }
            },
            {
                "threshold": 2013,
                "model": {
                    "type": "model",
                    "model": "item/skins/armor/leggings/ancient_blood"
                }
            },
            {
                "threshold": 2014,
                "model": {
                    "type": "model",
                    "model": "item/skins/armor/leggings/elderian"
                }
            },
            {
                "threshold": 2015,
                "model": {
                    "type": "model",
                    "model": "item/skins/armor/leggings/christmas"
                }
            },
            {
                "threshold": 2016,
                "model": {
                    "type": "model",
                    "model": "item/skins/armor/leggings/eros"
                }
            },
            {
                "threshold": 2017,
                "model": {
                    "type": "model",
                    "model": "item/skins/armor/leggings/easter"
                }
            },
            {
                "threshold": 2018,
                "model": {
                    "type": "model",
                    "model": "item/skins/armor/leggings/summer"
                }
            },
            {
                "threshold": 2019,
                "model": {
                    "type": "model",
                    "model": "item/skins/armor/leggings/pumpkin"
                }
            },
            {
                "threshold": 2020,
                "model": {
                    "type": "model",
                    "model": "item/skins/armor/leggings/rudolph"
                }
            },
            {
                "threshold": 2021,
                "model": {
                    "type": "model",
                    "model": "item/skins/armor/leggings/sparkly"
                }
            },
            {
                "threshold": 2022,
                "model": {
                    "type": "model",
                    "model": "item/skins/armor/leggings/valentines"
                }
            },
            {
                "threshold": 2023,
                "model": {
                    "type": "model",
                    "model": "item/skins/armor/leggings/lepr"
                }
            },
            {
                "threshold": 2024,
                "model": {
                    "type": "model",
                    "model": "item/skins/armor/leggings/spring"
                }
            },
            {
                "threshold": 2025,
                "model": {
                    "type": "model",
                    "model": "item/skins/armor/leggings/cosmic"
                }
            },
            {
                "threshold": 2026,
                "model": {
                    "type": "model",
                    "model": "item/skins/armor/leggings/holiday"
                }
            },
            {
                "threshold": 2027,
                "model": {
                    "type": "model",
                    "model": "item/skins/armor/leggings/astronaut"
                }
            },
            {
                "threshold": 2028,
                "model": {
                    "type": "model",
                    "model": "item/skins/armor/leggings/pilgrim"
                }
            },
            {
                "threshold": 2029,
                "model": {
                    "type": "model",
                    "model": "item/skins/armor/leggings/newyear"
                }
            },
            {
                "threshold": 2030,
                "model": {
                    "type": "model",
                    "model": "item/skins/armor/leggings/mummy"
                }
            },
            {
                "threshold": 2031,
                "model": {
                    "type": "model",
                    "model": "item/skins/armor/leggings/gingerbread"
                }
            },
            {
                "threshold": 2032,
                "model": {
                    "type": "model",
                    "model": "item/skins/armor/leggings/love"
                }
            }
        ]
    }
}