{
    "model": {
        "type": "range_dispatch",
        "property": "custom_model_data",
        "fallback": {
            "type": "model",
            "model": "minecraft:block/tripwire_hook"
        },
        "entries": [
            {
                "threshold": 1,
                "model": {
                    "type": "model",
                    "model": "item/keys/dolphin"
                }
            },
            {
                "threshold": 2,
                "model": {
                    "type": "model",
                    "model": "item/keys/lobster"
                }
            },
            {
                "threshold": 3,
                "model": {
                    "type": "model",
                    "model": "item/keys/monthly"
                }
            },
            {
                "threshold": 4,
                "model": {
                    "type": "model",
                    "model": "item/keys/pet"
                }
            },
            {
                "threshold": 5,
                "model": {
                    "type": "model",
                    "model": "item/keys/robot"
                }
            },
            {
                "threshold": 6,
                "model": {
                    "type": "model",
                    "model": "item/keys/shark"
                }
            },
            {
                "threshold": 7,
                "model": {
                    "type": "model",
                    "model": "item/keys/skin"
                }
            },
            {
                "threshold": 8,
                "model": {
                    "type": "model",
                    "model": "item/keys/trident"
                }
            },
            {
                "threshold": 9,
                "model": {
                    "type": "model",
                    "model": "item/keys/vote"
                }
            },
            {
                "threshold": 10,
                "model": {
                    "type": "model",
                    "model": "item/keys/whale"
                }
            },
            {
                "threshold": 11,
                "model": {
                    "type": "model",
                    "model": "item/lootbox/lootbox_handheld"
                }
            },
            {
                "threshold": 12,
                "model": {
                    "type": "model",
                    "model": "item/keys/fishing"
                }
            },
            {
                "threshold": 13,
                "model": {
                    "type": "model",
                    "model": "item/lootbox/lootbox_handheld_old"
                }
            },
            {
                "threshold": 51,
                "model": {
                    "type": "model",
                    "model": "item/keys/skyblocky/vote"
                }
            },
            {
                "threshold": 52,
                "model": {
                    "type": "model",
                    "model": "item/keys/skyblocky/uncommon"
                }
            },
            {
                "threshold": 53,
                "model": {
                    "type": "model",
                    "model": "item/keys/skyblocky/rare"
                }
            },
            {
                "threshold": 54,
                "model": {
                    "type": "model",
                    "model": "item/keys/skyblocky/mythical"
                }
            },
            {
                "threshold": 55,
                "model": {
                    "type": "model",
                    "model": "item/keys/skyblocky/legendary"
                }
            },
            {
                "threshold": 56,
                "model": {
                    "type": "model",
                    "model": "item/keys/skyblocky/royal"
                }
            },
            {
                "threshold": 57,
                "model": {
                    "type": "model",
                    "model": "item/keys/skyblocky/robot"
                }
            },
            {
                "threshold": 58,
                "model": {
                    "type": "model",
                    "model": "item/keys/skyblocky/pet"
                }
            }
        ]
    }
}