{
  "parent": "item/handheld",
  "textures": {
    "layer0": "item/paper"
  },
  "overrides": [
    {
      "predicate": { "custom_model_data": 1 },
      "model": "item/creeper_banner_pattern"
    },
    {
      "predicate": { "custom_model_data": 1000 },
      "model": "item/menus/vote/vote_base"
    },
    {
      "predicate": { "custom_model_data": 1001 },
      "model": "item/menus/vote/vote_disabled"
    },
    {
      "predicate": { "custom_model_data": 1002 },
      "model": "item/menus/generic/info"
    },
    {
      "predicate": { "custom_model_data": 1003 },
      "model": "item/menus/generic/back"
    },
    {
      "predicate": { "custom_model_data": 1004 },
      "model": "item/menus/generic/down"
    },
    {
      "predicate": { "custom_model_data": 1005 },
      "model": "item/menus/generic/left"
    },
    {
      "predicate": { "custom_model_data": 1006 },
      "model": "item/menus/generic/right"
    },
    {
      "predicate": { "custom_model_data": 1007 },
      "model": "item/menus/generic/up"
    },
    {
      "predicate": { "custom_model_data": 1008 },
      "model": "item/menus/toggle/toggle_off"
    },
    {
      "predicate": { "custom_model_data": 1009 },
      "model": "item/menus/toggle/toggle_on"
    }
  ]
}
