{
    "model": {
        "type": "range_dispatch",
        "property": "custom_model_data",
        "fallback": {
            "type": "model",
            "model": "item/diamond_sword"
        },
        "entries": [
            {
                "threshold": 2000,
                "model": {
                    "type": "model",
                    "model": "item/skins/tools/sword/bronze"
                }
            },
            {
                "threshold": 2001,
                "model": {
                    "type": "model",
                    "model": "item/skins/tools/sword/oxidized_copper"
                }
            },
            {
                "threshold": 2002,
                "model": {
                    "type": "model",
                    "model": "item/skins/tools/sword/silver"
                }
            },
            {
                "threshold": 2003,
                "model": {
                    "type": "model",
                    "model": "item/skins/tools/sword/cobalt"
                }
            },
            {
                "threshold": 2004,
                "model": {
                    "type": "model",
                    "model": "item/skins/tools/sword/amethyst"
                }
            },
            {
                "threshold": 2005,
                "model": {
                    "type": "model",
                    "model": "item/skins/tools/sword/ruby"
                }
            },
            {
                "threshold": 2006,
                "model": {
                    "type": "model",
                    "model": "item/skins/tools/sword/sapphire"
                }
            },
            {
                "threshold": 2007,
                "model": {
                    "type": "model",
                    "model": "item/skins/tools/sword/emerald"
                }
            },
            {
                "threshold": 2008,
                "model": {
                    "type": "model",
                    "model": "item/skins/tools/sword/ender"
                }
            },
            {
                "threshold": 2009,
                "model": {
                    "type": "model",
                    "model": "item/skins/tools/sword/obsidian"
                }
            },
            {
                "threshold": 2010,
                "model": {
                    "type": "model",
                    "model": "item/skins/tools/sword/leaf"
                }
            },
            {
                "threshold": 2011,
                "model": {
                    "type": "model",
                    "model": "item/skins/tools/sword/deep_rock"
                }
            },
            {
                "threshold": 2012,
                "model": {
                    "type": "model",
                    "model": "item/skins/tools/sword/ancient_blood"
                }
            },
            {
                "threshold": 2013,
                "model": {
                    "type": "model",
                    "model": "item/skins/tools/sword/elderian"
                }
            },
            {
                "threshold": 2014,
                "model": {
                    "type": "model",
                    "model": "item/skins/tools/sword/turkey_club"
                }
            },
            {
                "threshold": 2015,
                "model": {
                    "type": "model",
                    "model": "item/skins/tools/sword/cold_sword"
                }
            },
            {
                "threshold": 2016,
                "model": {
                    "type": "model",
                    "model": "item/skins/tools/sword/cosmic_sword"
                }
            }
        ]
    }
}