{
    "model": {
        "type": "range_dispatch",
        "property": "custom_model_data",
        "fallback": {
            "type": "model",
            "model": "minecraft:item/leather_boots"
        },
        "entries": [
            {
                "threshold": 2000,
                "model": {
                    "type": "model",
                    "model": "item/skins/armor/boots/bronze"
                }
            },
            {
                "threshold": 2001,
                "model": {
                    "type": "model",
                    "model": "item/skins/armor/boots/oxidized_copper"
                }
            },
            {
                "threshold": 2002,
                "model": {
                    "type": "model",
                    "model": "item/skins/armor/boots/silver"
                }
            },
            {
                "threshold": 2003,
                "model": {
                    "type": "model",
                    "model": "item/skins/armor/boots/cobalt"
                }
            },
            {
                "threshold": 2004,
                "model": {
                    "type": "model",
                    "model": "item/skins/armor/boots/amethyst"
                }
            },
            {
                "threshold": 2005,
                "model": {
                    "type": "model",
                    "model": "item/skins/armor/boots/ruby"
                }
            },
            {
                "threshold": 2006,
                "model": {
                    "type": "model",
                    "model": "item/skins/armor/boots/sapphire"
                }
            },
            {
                "threshold": 2007,
                "model": {
                    "type": "model",
                    "model": "item/skins/armor/boots/emerald"
                }
            },
            {
                "threshold": 2008,
                "model": {
                    "type": "model",
                    "model": "item/skins/armor/boots/ender"
                }
            },
            {
                "threshold": 2009,
                "model": {
                    "type": "model",
                    "model": "item/skins/armor/boots/obsidian"
                }
            },
            {
                "threshold": 2010,
                "model": {
                    "type": "model",
                    "model": "item/skins/armor/boots/frightening"
                }
            },
            {
                "threshold": 2011,
                "model": {
                    "type": "model",
                    "model": "item/skins/armor/boots/leaf"
                }
            },
            {
                "threshold": 2012,
                "model": {
                    "type": "model",
                    "model": "item/skins/armor/boots/deep_rock"
                }
            },
            {
                "threshold": 2013,
                "model": {
                    "type": "model",
                    "model": "item/skins/armor/boots/ancient_blood"
                }
            },
            {
                "threshold": 2014,
                "model": {
                    "type": "model",
                    "model": "item/skins/armor/boots/elderian"
                }
            },
            {
                "threshold": 2015,
                "model": {
                    "type": "model",
                    "model": "item/skins/armor/boots/christmas"
                }
            },
            {
                "threshold": 2016,
                "model": {
                    "type": "model",
                    "model": "item/skins/armor/boots/eros"
                }
            },
            {
                "threshold": 2017,
                "model": {
                    "type": "model",
                    "model": "item/skins/armor/boots/easter"
                }
            },
            {
                "threshold": 2018,
                "model": {
                    "type": "model",
                    "model": "item/skins/armor/boots/summer"
                }
            },
            {
                "threshold": 2019,
                "model": {
                    "type": "model",
                    "model": "item/skins/armor/boots/pumpkin"
                }
            },
            {
                "threshold": 2020,
                "model": {
                    "type": "model",
                    "model": "item/skins/armor/boots/rudolph"
                }
            },
            {
                "threshold": 2021,
                "model": {
                    "type": "model",
                    "model": "item/skins/armor/boots/sparkly"
                }
            },
            {
                "threshold": 2022,
                "model": {
                    "type": "model",
                    "model": "item/skins/armor/boots/valentines"
                }
            },
            {
                "threshold": 2023,
                "model": {
                    "type": "model",
                    "model": "item/skins/armor/boots/lepr"
                }
            },
            {
                "threshold": 2024,
                "model": {
                    "type": "model",
                    "model": "item/skins/armor/boots/spring"
                }
            },
            {
                "threshold": 2025,
                "model": {
                    "type": "model",
                    "model": "item/skins/armor/boots/cosmic"
                }
            },
            {
                "threshold": 2026,
                "model": {
                    "type": "model",
                    "model": "item/skins/armor/boots/holiday"
                }
            },
            {
                "threshold": 2027,
                "model": {
                    "type": "model",
                    "model": "item/skins/armor/boots/astronaut"
                }
            },
            {
                "threshold": 2028,
                "model": {
                    "type": "model",
                    "model": "item/skins/armor/boots/pilgrim"
                }
            },
            {
                "threshold": 2029,
                "model": {
                    "type": "model",
                    "model": "item/skins/armor/boots/newyear"
                }
            },
            {
                "threshold": 2030,
                "model": {
                    "type": "model",
                    "model": "item/skins/armor/boots/mummy"
                }
            },
            {
                "threshold": 2031,
                "model": {
                    "type": "model",
                    "model": "item/skins/armor/boots/gingerbread"
                }
            },
            {
                "threshold": 2032,
                "model": {
                    "type": "model",
                    "model": "item/skins/armor/boots/love"
                }
            }
        ]
    }
}