{
    "model": {
        "type": "range_dispatch",
        "property": "custom_model_data",
        "fallback": {
            "type": "model",
            "model": "minecraft:item/water_bucket"
        },
        "entries": [
            {
                "threshold": 1,
                "model": {
                    "type": "model",
                    "model": "item/watering_can/watering_can"
                }
            },
            {
                "threshold": 2,
                "model": {
                    "type": "model",
                    "model": "item/watering_can/watering_can_copper"
                }
            },
            {
                "threshold": 3,
                "model": {
                    "type": "model",
                    "model": "item/watering_can/watering_can_gold"
                }
            },
            {
                "threshold": 4,
                "model": {
                    "type": "model",
                    "model": "item/watering_can/watering_can_diamond"
                }
            },
            {
                "threshold": 5,
                "model": {
                    "type": "model",
                    "model": "item/watering_can/watering_can_emerald"
                }
            },
            {
                "threshold": 6,
                "model": {
                    "type": "model",
                    "model": "item/watering_can/watering_can_ruby"
                }
            },
            {
                "threshold": 7,
                "model": {
                    "type": "model",
                    "model": "item/watering_can/watering_can_darkmatter"
                }
            }
        ]
    }
}